{
  "family": "vlm_adapter",
  "variant": "UATB_MIN",
  "protocol": "id",
  "dataset": "ucf101",
  "seed": 3,
  "evaluation_tasks": [
    "classification"
  ],
  "model_selection": "last",
  "selected_checkpoint": "last",
  "selected_epoch": 300,
  "selected_val_metrics": {
    "loss": 0.713808378253772,
    "acc": 0.7934668064117432,
    "nlpd": 0.7123141288757324,
    "ece": 0.04170112684369087,
    "aece": 0.042237412094190574,
    "raw_cov_99": 0.33772391080856323,
    "sel_acc_99": 0.9968798756599426,
    "reliable_99": 1.0,
    "cov_99": 0.33772391080856323,
    "class_cov_99": 0.8217821782178217,
    "raw_cov_95": 0.5168598294258118,
    "sel_acc_95": 0.9816513657569885,
    "reliable_95": 1.0,
    "cov_95": 0.5168598294258118,
    "class_cov_95": 0.9801980198019802,
    "raw_cov_90": 0.5943098068237305,
    "sel_acc_90": 0.9680851101875305,
    "reliable_90": 1.0,
    "cov_90": 0.5943098068237305,
    "class_cov_90": 0.9900990099009901,
    "raw_cov_85": 0.6454162001609802,
    "sel_acc_85": 0.9591836929321289,
    "reliable_85": 1.0,
    "cov_85": 0.6454162001609802,
    "class_cov_85": 0.9900990099009901,
    "raw_cov_80": 0.7007375955581665,
    "sel_acc_80": 0.9406015276908875,
    "reliable_80": 1.0,
    "cov_80": 0.7007375955581665,
    "class_cov_80": 1.0
  },
  "classification": {
    "train": {
      "split_name": "train",
      "metrics": {
        "loss": 0.014921689461363425,
        "acc": 1.0,
        "nlpd": 0.014738397672772408,
        "ece": 0.01455467939376831,
        "aece": 0.014554762309140502,
        "raw_cov_99": 0.4282178282737732,
        "sel_acc_99": 1.0,
        "reliable_99": 1.0,
        "cov_99": 0.4282178282737732,
        "class_cov_99": 0.7722772277227723,
        "raw_cov_95": 0.9900990128517151,
        "sel_acc_95": 1.0,
        "reliable_95": 1.0,
        "cov_95": 0.9900990128517151,
        "class_cov_95": 1.0,
        "raw_cov_90": 1.0,
        "sel_acc_90": 1.0,
        "reliable_90": 1.0,
        "cov_90": 1.0,
        "class_cov_90": 1.0,
        "raw_cov_85": 1.0,
        "sel_acc_85": 1.0,
        "reliable_85": 1.0,
        "cov_85": 1.0,
        "class_cov_85": 1.0,
        "raw_cov_80": 1.0,
        "sel_acc_80": 1.0,
        "reliable_80": 1.0,
        "cov_80": 1.0,
        "class_cov_80": 1.0
      },
      "output_dir": "/root/autodl-tmp/BayesVLM/output/ablate_uatb_full/id/ucf101/UATB_MIN/BAYESADAPTER/logit_scale_frozen/sigpar_0.005/sigperp_0.02/lu0_0/shot_4/seed_3/eval/id/train",
      "metrics_path": "/root/autodl-tmp/BayesVLM/output/ablate_uatb_full/id/ucf101/UATB_MIN/BAYESADAPTER/logit_scale_frozen/sigpar_0.005/sigperp_0.02/lu0_0/shot_4/seed_3/eval/id/train/metrics.json",
      "predictions_pt": "/root/autodl-tmp/BayesVLM/output/ablate_uatb_full/id/ucf101/UATB_MIN/BAYESADAPTER/logit_scale_frozen/sigpar_0.005/sigperp_0.02/lu0_0/shot_4/seed_3/eval/id/train/predictions.pt",
      "predictions_jsonl": "/root/autodl-tmp/BayesVLM/output/ablate_uatb_full/id/ucf101/UATB_MIN/BAYESADAPTER/logit_scale_frozen/sigpar_0.005/sigperp_0.02/lu0_0/shot_4/seed_3/eval/id/train/predictions.jsonl",
      "bins_path": "/root/autodl-tmp/BayesVLM/output/ablate_uatb_full/id/ucf101/UATB_MIN/BAYESADAPTER/logit_scale_frozen/sigpar_0.005/sigperp_0.02/lu0_0/shot_4/seed_3/eval/id/train/calibration_bins.csv",
      "adaptive_bins_path": "/root/autodl-tmp/BayesVLM/output/ablate_uatb_full/id/ucf101/UATB_MIN/BAYESADAPTER/logit_scale_frozen/sigpar_0.005/sigperp_0.02/lu0_0/shot_4/seed_3/eval/id/train/adaptive_calibration_bins.csv",
      "selective_metrics_path": "/root/autodl-tmp/BayesVLM/output/ablate_uatb_full/id/ucf101/UATB_MIN/BAYESADAPTER/logit_scale_frozen/sigpar_0.005/sigperp_0.02/lu0_0/shot_4/seed_3/eval/id/train/selective_metrics.csv"
    },
    "val": {
      "split_name": "val",
      "metrics": {
        "loss": 0.7163688593845348,
        "acc": 0.7913593053817749,
        "nlpd": 0.714891791343689,
        "ece": 0.04327370971441269,
        "aece": 0.04382591252583221,
        "raw_cov_99": 0.3398314118385315,
        "sel_acc_99": 0.9968992471694946,
        "reliable_99": 1.0,
        "cov_99": 0.3398314118385315,
        "class_cov_99": 0.8118811881188119,
        "raw_cov_95": 0.515279233455658,
        "sel_acc_95": 0.9826176166534424,
        "reliable_95": 1.0,
        "cov_95": 0.515279233455658,
        "class_cov_95": 0.9702970297029703,
        "raw_cov_90": 0.5900948643684387,
        "sel_acc_90": 0.9705356955528259,
        "reliable_90": 1.0,
        "cov_90": 0.5900948643684387,
        "class_cov_90": 0.9900990099009901,
        "raw_cov_85": 0.6459431052207947,
        "sel_acc_85": 0.9575856328010559,
        "reliable_85": 1.0,
        "cov_85": 0.6459431052207947,
        "class_cov_85": 0.9900990099009901,
        "raw_cov_80": 0.6959958076477051,
        "sel_acc_80": 0.9401968121528625,
        "reliable_80": 1.0,
        "cov_80": 0.6959958076477051,
        "class_cov_80": 1.0
      },
      "output_dir": "/root/autodl-tmp/BayesVLM/output/ablate_uatb_full/id/ucf101/UATB_MIN/BAYESADAPTER/logit_scale_frozen/sigpar_0.005/sigperp_0.02/lu0_0/shot_4/seed_3/eval/id/val",
      "metrics_path": "/root/autodl-tmp/BayesVLM/output/ablate_uatb_full/id/ucf101/UATB_MIN/BAYESADAPTER/logit_scale_frozen/sigpar_0.005/sigperp_0.02/lu0_0/shot_4/seed_3/eval/id/val/metrics.json",
      "predictions_pt": "/root/autodl-tmp/BayesVLM/output/ablate_uatb_full/id/ucf101/UATB_MIN/BAYESADAPTER/logit_scale_frozen/sigpar_0.005/sigperp_0.02/lu0_0/shot_4/seed_3/eval/id/val/predictions.pt",
      "predictions_jsonl": "/root/autodl-tmp/BayesVLM/output/ablate_uatb_full/id/ucf101/UATB_MIN/BAYESADAPTER/logit_scale_frozen/sigpar_0.005/sigperp_0.02/lu0_0/shot_4/seed_3/eval/id/val/predictions.jsonl",
      "bins_path": "/root/autodl-tmp/BayesVLM/output/ablate_uatb_full/id/ucf101/UATB_MIN/BAYESADAPTER/logit_scale_frozen/sigpar_0.005/sigperp_0.02/lu0_0/shot_4/seed_3/eval/id/val/calibration_bins.csv",
      "adaptive_bins_path": "/root/autodl-tmp/BayesVLM/output/ablate_uatb_full/id/ucf101/UATB_MIN/BAYESADAPTER/logit_scale_frozen/sigpar_0.005/sigperp_0.02/lu0_0/shot_4/seed_3/eval/id/val/adaptive_calibration_bins.csv",
      "selective_metrics_path": "/root/autodl-tmp/BayesVLM/output/ablate_uatb_full/id/ucf101/UATB_MIN/BAYESADAPTER/logit_scale_frozen/sigpar_0.005/sigperp_0.02/lu0_0/shot_4/seed_3/eval/id/val/selective_metrics.csv"
    },
    "test": {
      "split_name": "test",
      "metrics": {
        "loss": 0.8632441421932813,
        "acc": 0.7544277310371399,
        "nlpd": 0.8616925477981567,
        "ece": 0.06277954578399658,
        "aece": 0.06277953414824977,
        "raw_cov_99": 0.3195876181125641,
        "sel_acc_99": 0.9925558567047119,
        "reliable_99": 1.0,
        "cov_99": 0.3195876181125641,
        "class_cov_99": 0.801980198019802,
        "raw_cov_95": 0.4797779619693756,
        "sel_acc_95": 0.9719008207321167,
        "reliable_95": 1.0,
        "cov_95": 0.4797779619693756,
        "class_cov_95": 0.9801980198019802,
        "raw_cov_90": 0.5619878172874451,
        "sel_acc_90": 0.9515522122383118,
        "reliable_90": 1.0,
        "cov_90": 0.5619878172874451,
        "class_cov_90": 0.9900990099009901,
        "raw_cov_85": 0.6135342121124268,
        "sel_acc_85": 0.940973699092865,
        "reliable_85": 1.0,
        "cov_85": 0.6135342121124268,
        "class_cov_85": 1.0,
        "raw_cov_80": 0.659000813961029,
        "sel_acc_80": 0.9265944361686707,
        "reliable_80": 1.0,
        "cov_80": 0.659000813961029,
        "class_cov_80": 1.0
      },
      "output_dir": "/root/autodl-tmp/BayesVLM/output/ablate_uatb_full/id/ucf101/UATB_MIN/BAYESADAPTER/logit_scale_frozen/sigpar_0.005/sigperp_0.02/lu0_0/shot_4/seed_3/eval/id/test",
      "metrics_path": "/root/autodl-tmp/BayesVLM/output/ablate_uatb_full/id/ucf101/UATB_MIN/BAYESADAPTER/logit_scale_frozen/sigpar_0.005/sigperp_0.02/lu0_0/shot_4/seed_3/eval/id/test/metrics.json",