{
  "family": "vlm_adapter",
  "variant": "UATB_MIN",
  "protocol": "id",
  "dataset": "ucf101",
  "seed": 2,
  "model_selection": "last",
  "selection_metric": "acc",
  "selection_mode": "max",
  "best_epoch": 178,
  "best_val_metrics_saved": {
    "loss": 0.5760003253582029,
    "acc": 0.8493150472640991,
    "nlpd": 0.5747697949409485,
    "ece": 0.027751456946134567,
    "aece": 0.020303271718723634,
    "raw_cov_99": 0.38303476572036743,
    "sel_acc_99": 0.9903714060783386,
    "reliable_99": 1.0,
    "cov_99": 0.38303476572036743,
    "class_cov_99": 0.8514851485148515,
    "raw_cov_95": 0.5605900883674622,
    "sel_acc_95": 0.981203019618988,
    "reliable_95": 1.0,
    "cov_95": 0.5605900883674622,
    "class_cov_95": 0.9603960396039604,
    "raw_cov_90": 0.6359325647354126,
    "sel_acc_90": 0.9718309640884399,
    "reliable_90": 1.0,
    "cov_90": 0.6359325647354126,
    "class_cov_90": 0.9900990099009901,
    "raw_cov_85": 0.6959958076477051,
    "sel_acc_85": 0.9636638760566711,
    "reliable_85": 1.0,
    "cov_85": 0.6959958076477051,
    "class_cov_85": 0.9900990099009901,
    "raw_cov_80": 0.7360379099845886,
    "sel_acc_80": 0.9527559280395508,
    "reliable_80": 1.0,
    "cov_80": 0.7360379099845886,
    "class_cov_80": 1.0
  },
  "last_epoch": 300,
  "last_val_metrics_saved": {
    "loss": 0.5751593149374107,
    "acc": 0.8477344512939453,
    "nlpd": 0.5739715099334717,
    "ece": 0.02052886225283146,
    "aece": 0.019115969868429842,
    "raw_cov_99": 0.38724973797798157,
    "sel_acc_99": 0.9891156554222107,
    "reliable_99": 0.0,
    "cov_99": 0.0,
    "class_cov_99": 0.0,
    "raw_cov_95": 0.5611169934272766,
    "sel_acc_95": 0.9802817106246948,
    "reliable_95": 1.0,
    "cov_95": 0.5611169934272766,
    "class_cov_95": 0.9603960396039604,
    "raw_cov_90": 0.6401475071907043,
    "sel_acc_90": 0.972016453742981,
    "reliable_90": 1.0,
    "cov_90": 0.6401475071907043,
    "class_cov_90": 0.9900990099009901,
    "raw_cov_85": 0.6954689025878906,
    "sel_acc_85": 0.9621211886405945,
    "reliable_85": 1.0,
    "cov_85": 0.6954689025878906,
    "class_cov_85": 0.9900990099009901,
    "raw_cov_80": 0.7365648150444031,
    "sel_acc_80": 0.9499284625053406,
    "reliable_80": 1.0,
    "cov_80": 0.7365648150444031,
    "class_cov_80": 1.0
  },
  "run_dir": "/root/autodl-tmp/BayesVLM/output/ablate_uatb_unc_only/id/ucf101/UATB_MIN/BAYESADAPTER/logit_scale_frozen/sigpar_0.01/sigperp_0.01/lu0_0.01/shot_8/seed_2",
  "elapsed_seconds": 41.25,
  "artifacts": {
    "log_file": "train/train.log",
    "config_file": "config/config.json",
    "class_names_file": "config/class_names.json",
    "metrics_csv_file": "train/metrics_history.csv",
    "best_ckpt_file": "checkpoints/best_adapter.pt",
    "last_ckpt_file": "checkpoints/last_adapter.pt"
  }
}