{
  "family": "vlm_adapter",
  "variant": "UATB_MIN",
  "protocol": "id",
  "dataset": "ucf101",
  "seed": 1,
  "model_selection": "last",
  "selection_metric": "acc",
  "selection_mode": "max",
  "best_epoch": 246,
  "best_val_metrics_saved": {
    "loss": 0.534216456028885,
    "acc": 0.8540568947792053,
    "nlpd": 0.5330063700675964,
    "ece": 0.022777769714593887,
    "aece": 0.023529482465649555,
    "raw_cov_99": 0.3967334032058716,
    "sel_acc_99": 0.9946879148483276,
    "reliable_99": 1.0,
    "cov_99": 0.3967334032058716,
    "class_cov_99": 0.8910891089108911,
    "raw_cov_95": 0.5669125318527222,
    "sel_acc_95": 0.982342004776001,
    "reliable_95": 1.0,
    "cov_95": 0.5669125318527222,
    "class_cov_95": 0.9801980198019802,
    "raw_cov_90": 0.6512117981910706,
    "sel_acc_90": 0.9724919199943542,
    "reliable_90": 1.0,
    "cov_90": 0.6512117981910706,
    "class_cov_90": 1.0,
    "raw_cov_85": 0.6991569995880127,
    "sel_acc_85": 0.9608138799667358,
    "reliable_85": 1.0,
    "cov_85": 0.6991569995880127,
    "class_cov_85": 1.0,
    "raw_cov_80": 0.7465753555297852,
    "sel_acc_80": 0.9470712542533875,
    "reliable_80": 1.0,
    "cov_80": 0.7465753555297852,
    "class_cov_80": 1.0
  },
  "last_epoch": 300,
  "last_val_metrics_saved": {
    "loss": 0.5328836550953767,
    "acc": 0.8524762988090515,
    "nlpd": 0.5317069292068481,
    "ece": 0.0228533037006855,
    "aece": 0.025041053022549453,
    "raw_cov_99": 0.3993677496910095,
    "sel_acc_99": 0.9947229623794556,
    "reliable_99": 1.0,
    "cov_99": 0.3993677496910095,
    "class_cov_99": 0.8910891089108911,
    "raw_cov_95": 0.5695468783378601,
    "sel_acc_95": 0.9814985990524292,
    "reliable_95": 1.0,
    "cov_95": 0.5695468783378601,
    "class_cov_95": 0.9801980198019802,
    "raw_cov_90": 0.6538461446762085,
    "sel_acc_90": 0.9717969298362732,
    "reliable_90": 1.0,
    "cov_90": 0.6538461446762085,
    "class_cov_90": 1.0,
    "raw_cov_85": 0.6975764036178589,
    "sel_acc_85": 0.9599697589874268,
    "reliable_85": 1.0,
    "cov_85": 0.6975764036178589,
    "class_cov_85": 1.0,
    "raw_cov_80": 0.7497365474700928,
    "sel_acc_80": 0.9465917348861694,
    "reliable_80": 1.0,
    "cov_80": 0.7497365474700928,
    "class_cov_80": 1.0
  },
  "run_dir": "/root/autodl-tmp/BayesVLM/output/ablate_uatb_full/id/ucf101/UATB_MIN/BAYESADAPTER/logit_scale_frozen/sigpar_0.005/sigperp_0.02/lu0_0.01/shot_8/seed_1",
  "elapsed_seconds": 41.12,
  "artifacts": {
    "log_file": "train/train.log",
    "config_file": "config/config.json",
    "class_names_file": "config/class_names.json",
    "metrics_csv_file": "train/metrics_history.csv",
    "best_ckpt_file": "checkpoints/best_adapter.pt",
    "last_ckpt_file": "checkpoints/last_adapter.pt"
  }
}