{
  "family": "vlm_adapter",
  "variant": "BAYESADAPTER",
  "protocol": "id",
  "dataset": "ucf101",
  "seed": 1,
  "model_selection": "last",
  "selection_metric": "acc",
  "selection_mode": "max",
  "best_epoch": 169,
  "best_val_metrics_saved": {
    "loss": 0.396752282239112,
    "acc": 0.8904109597206116,
    "nlpd": 0.39574959874153137,
    "ece": 0.020902277901768684,
    "aece": 0.022701135582366156,
    "raw_cov_99": 0.4373024106025696,
    "sel_acc_99": 0.9975903630256653,
    "reliable_99": 1.0,
    "cov_99": 0.4373024106025696,
    "class_cov_99": 0.9207920792079208,
    "raw_cov_95": 0.6138039827346802,
    "sel_acc_95": 0.9879828095436096,
    "reliable_95": 1.0,
    "cov_95": 0.6138039827346802,
    "class_cov_95": 0.9801980198019802,
    "raw_cov_90": 0.6975764036178589,
    "sel_acc_90": 0.9856495261192322,
    "reliable_90": 1.0,
    "cov_90": 0.6975764036178589,
    "class_cov_90": 1.0,
    "raw_cov_85": 0.7497365474700928,
    "sel_acc_85": 0.9796205163002014,
    "reliable_85": 1.0,
    "cov_85": 0.7497365474700928,
    "class_cov_85": 1.0,
    "raw_cov_80": 0.788724958896637,
    "sel_acc_80": 0.9759519100189209,
    "reliable_80": 1.0,
    "cov_80": 0.788724958896637,
    "class_cov_80": 1.0
  },
  "last_epoch": 300,
  "last_val_metrics_saved": {
    "loss": 0.39351766868185317,
    "acc": 0.8883034586906433,
    "nlpd": 0.39251309633255005,
    "ece": 0.017717525362968445,
    "aece": 0.02377947612230845,
    "raw_cov_99": 0.4404636323451996,
    "sel_acc_99": 0.9976076483726501,
    "reliable_99": 1.0,
    "cov_99": 0.4404636323451996,
    "class_cov_99": 0.9207920792079208,
    "raw_cov_95": 0.6180189847946167,
    "sel_acc_95": 0.9880647659301758,
    "reliable_95": 1.0,
    "cov_95": 0.6180189847946167,
    "class_cov_95": 0.9801980198019802,
    "raw_cov_90": 0.7028450965881348,
    "sel_acc_90": 0.9850075244903564,
    "reliable_90": 1.0,
    "cov_90": 0.7028450965881348,
    "class_cov_90": 1.0,
    "raw_cov_85": 0.7539515495300293,
    "sel_acc_85": 0.979734480381012,
    "reliable_85": 1.0,
    "cov_85": 0.7539515495300293,
    "class_cov_85": 1.0,
    "raw_cov_80": 0.7903056144714355,
    "sel_acc_80": 0.9766666889190674,
    "reliable_80": 1.0,
    "cov_80": 0.7903056144714355,
    "class_cov_80": 1.0
  },
  "run_dir": "/root/autodl-tmp/BayesVLM/output/vlm_adapter/id/ucf101/BAYESADAPTER/BAYESADAPTER/logit_scale_frozen/prior_text_only__seed_1__last/shot_16/seed_1",
  "elapsed_seconds": 36.89,
  "artifacts": {
    "log_file": "train/train.log",
    "config_file": "config/config.json",
    "class_names_file": "config/class_names.json",
    "metrics_csv_file": "train/metrics_history.csv",
    "best_ckpt_file": "checkpoints/best_adapter.pt",
    "last_ckpt_file": "checkpoints/last_adapter.pt"
  }
}