{
  "loss": 0.015119005925953388,
  "acc": 1.0,
  "nlpd": 0.01493963971734047,
  "ece": 0.014756202697753906,
  "aece": 0.014756224533118827,
  "raw_cov_99": 0.4306930601596832,
  "sel_acc_99": 1.0,
  "reliable_99": 1.0,
  "cov_99": 0.4306930601596832,
  "class_cov_99": 0.6138613861386139,
  "raw_cov_95": 0.9851484894752502,
  "sel_acc_95": 1.0,
  "reliable_95": 1.0,
  "cov_95": 0.9851484894752502,
  "class_cov_95": 1.0,
  "raw_cov_90": 1.0,
  "sel_acc_90": 1.0,
  "reliable_90": 1.0,
  "cov_90": 1.0,
  "class_cov_90": 1.0,
  "raw_cov_85": 1.0,
  "sel_acc_85": 1.0,
  "reliable_85": 1.0,
  "cov_85": 1.0,
  "class_cov_85": 1.0,
  "raw_cov_80": 1.0,
  "sel_acc_80": 1.0,
  "reliable_80": 1.0,
  "cov_80": 1.0,
  "class_cov_80": 1.0
}