{
  "loss": 0.017982601363322522,
  "acc": 1.0,
  "nlpd": 0.017773956060409546,
  "ece": 0.017446625977754593,
  "aece": 0.017446588466663176,
  "raw_cov_99": 0.42574256658554077,
  "sel_acc_99": 1.0,
  "reliable_99": 1.0,
  "cov_99": 0.42574256658554077,
  "class_cov_99": 0.7623762376237624,
  "raw_cov_95": 0.9628713130950928,
  "sel_acc_95": 1.0,
  "reliable_95": 1.0,
  "cov_95": 0.9628713130950928,
  "class_cov_95": 1.0,
  "raw_cov_90": 0.9975247383117676,
  "sel_acc_90": 1.0,
  "reliable_90": 1.0,
  "cov_90": 0.9975247383117676,
  "class_cov_90": 1.0,
  "raw_cov_85": 0.9975247383117676,
  "sel_acc_85": 1.0,
  "reliable_85": 1.0,
  "cov_85": 0.9975247383117676,
  "class_cov_85": 1.0,
  "raw_cov_80": 1.0,
  "sel_acc_80": 1.0,
  "reliable_80": 1.0,
  "cov_80": 1.0,
  "class_cov_80": 1.0
}