threshold,selected_count,raw_coverage,selected_accuracy,reliable,coverage,covered_classes,classwise_coverage
0.99,170,0.4207920730113983,1.0,True,0.4207920730113983,76,0.7524752475247525
0.95,386,0.9554455280303955,1.0,True,0.9554455280303955,101,1.0
0.9,402,0.9950494766235352,1.0,True,0.9950494766235352,101,1.0
0.85,403,0.9975247383117676,1.0,True,0.9975247383117676,101,1.0
0.8,404,1.0,1.0,True,1.0,101,1.0
