{
  "loss": 0.007795294281095266,
  "acc": 1.0,
  "nlpd": 0.0077027021907269955,
  "ece": 0.007649064064025879,
  "aece": 0.007649009180541086,
  "raw_cov_99": 0.8118811845779419,
  "sel_acc_99": 1.0,
  "reliable_99": 1.0,
  "cov_99": 0.8118811845779419,
  "class_cov_99": 0.8118811881188119,
  "raw_cov_95": 1.0,
  "sel_acc_95": 1.0,
  "reliable_95": 1.0,
  "cov_95": 1.0,
  "class_cov_95": 1.0,
  "raw_cov_90": 1.0,
  "sel_acc_90": 1.0,
  "reliable_90": 1.0,
  "cov_90": 1.0,
  "class_cov_90": 1.0,
  "raw_cov_85": 1.0,
  "sel_acc_85": 1.0,
  "reliable_85": 1.0,
  "cov_85": 1.0,
  "class_cov_85": 1.0,
  "raw_cov_80": 1.0,
  "sel_acc_80": 1.0,
  "reliable_80": 1.0,
  "cov_80": 1.0,
  "class_cov_80": 1.0
}