{
  "family": "vlm_adapter",
  "variant": "UATB_MIN",
  "protocol": "id",
  "dataset": "ucf101",
  "seed": 3,
  "model_selection": "last",
  "selection_metric": "acc",
  "selection_mode": "max",
  "best_epoch": 298,
  "best_val_metrics_saved": {
    "loss": 0.714876889805648,
    "acc": 0.7945205569267273,
    "nlpd": 0.7134296298027039,
    "ece": 0.039229415357112885,
    "aece": 0.03981240839551196,
    "raw_cov_99": 0.33719703555107117,
    "sel_acc_99": 0.996874988079071,
    "reliable_99": 1.0,
    "cov_99": 0.33719703555107117,
    "class_cov_99": 0.8118811881188119,
    "raw_cov_95": 0.515279233455658,
    "sel_acc_95": 0.9815950989723206,
    "reliable_95": 1.0,
    "cov_95": 0.515279233455658,
    "class_cov_95": 0.9801980198019802,
    "raw_cov_90": 0.5900948643684387,
    "sel_acc_90": 0.9678571224212646,
    "reliable_90": 1.0,
    "cov_90": 0.5900948643684387,
    "class_cov_90": 0.9900990099009901,
    "raw_cov_85": 0.6401475071907043,
    "sel_acc_85": 0.9588477611541748,
    "reliable_85": 1.0,
    "cov_85": 0.6401475071907043,
    "class_cov_85": 0.9900990099009901,
    "raw_cov_80": 0.6944151520729065,
    "sel_acc_80": 0.9430956244468689,
    "reliable_80": 1.0,
    "cov_80": 0.6944151520729065,
    "class_cov_80": 1.0
  },
  "last_epoch": 300,
  "last_val_metrics_saved": {
    "loss": 0.7137131164649264,
    "acc": 0.7939936518669128,
    "nlpd": 0.7122101783752441,
    "ece": 0.040161341428756714,
    "aece": 0.04077427828776698,
    "raw_cov_99": 0.3366701900959015,
    "sel_acc_99": 0.9968701004981995,
    "reliable_99": 1.0,
    "cov_99": 0.3366701900959015,
    "class_cov_99": 0.8118811881188119,
    "raw_cov_95": 0.5142254829406738,
    "sel_acc_95": 0.9815573692321777,
    "reliable_95": 1.0,
    "cov_95": 0.5142254829406738,
    "class_cov_95": 0.9801980198019802,
    "raw_cov_90": 0.5927292108535767,
    "sel_acc_90": 0.9688888788223267,
    "reliable_90": 1.0,
    "cov_90": 0.5927292108535767,
    "class_cov_90": 0.9900990099009901,
    "raw_cov_85": 0.6438356041908264,
    "sel_acc_85": 0.9599018096923828,
    "reliable_85": 1.0,
    "cov_85": 0.6438356041908264,
    "class_cov_85": 0.9900990099009901,
    "raw_cov_80": 0.6944151520729065,
    "sel_acc_80": 0.9415781497955322,
    "reliable_80": 1.0,
    "cov_80": 0.6944151520729065,
    "class_cov_80": 1.0
  },
  "run_dir": "/root/autodl-tmp/BayesVLM/output/ablate_uatb_unc_only/id/ucf101/UATB_MIN/BAYESADAPTER/logit_scale_frozen/sigpar_0.01/sigperp_0.01/lu0_0/shot_4/seed_3",
  "elapsed_seconds": 31.69,
  "artifacts": {
    "log_file": "train/train.log",
    "config_file": "config/config.json",
    "class_names_file": "config/class_names.json",
    "metrics_csv_file": "train/metrics_history.csv",
    "best_ckpt_file": "checkpoints/best_adapter.pt",
    "last_ckpt_file": "checkpoints/last_adapter.pt"
  }
}