{
  "family": "vlm_adapter",
  "variant": "UATB_MIN",
  "protocol": "id",
  "dataset": "ucf101",
  "seed": 1,
  "evaluation_tasks": [
    "classification"
  ],
  "model_selection": "last",
  "selected_checkpoint": "last",
  "selected_epoch": 300,
  "selected_val_metrics": {
    "loss": 0.38810377524826123,
    "acc": 0.8888303637504578,
    "nlpd": 0.38715511560440063,
    "ece": 0.01764965057373047,
    "aece": 0.023214831273096,
    "raw_cov_99": 0.46048471331596375,
    "sel_acc_99": 0.9977116584777832,
    "reliable_99": 1.0,
    "cov_99": 0.46048471331596375,
    "class_cov_99": 0.9207920792079208,
    "raw_cov_95": 0.6285563707351685,
    "sel_acc_95": 0.9882648587226868,
    "reliable_95": 1.0,
    "cov_95": 0.6285563707351685,
    "class_cov_95": 0.9801980198019802,
    "raw_cov_90": 0.7118018865585327,
    "sel_acc_90": 0.984455943107605,
    "reliable_90": 1.0,
    "cov_90": 0.7118018865585327,
    "class_cov_90": 1.0,
    "raw_cov_85": 0.7597470879554749,
    "sel_acc_85": 0.9812760353088379,
    "reliable_85": 1.0,
    "cov_85": 0.7597470879554749,
    "class_cov_85": 1.0,
    "raw_cov_80": 0.7934668064117432,
    "sel_acc_80": 0.9760956168174744,
    "reliable_80": 1.0,
    "cov_80": 0.7934668064117432,
    "class_cov_80": 1.0
  },
  "classification": {
    "train": {
      "split_name": "train",
      "metrics": {
        "loss": 0.01812720200102223,
        "acc": 1.0,
        "nlpd": 0.017920665442943573,
        "ece": 0.017520291730761528,
        "aece": 0.017520369943415763,
        "raw_cov_99": 0.5253713130950928,
        "sel_acc_99": 1.0,
        "reliable_99": 1.0,
        "cov_99": 0.5253713130950928,
        "class_cov_99": 0.9801980198019802,
        "raw_cov_95": 0.906559407711029,
        "sel_acc_95": 1.0,
        "reliable_95": 1.0,
        "cov_95": 0.906559407711029,
        "class_cov_95": 1.0,
        "raw_cov_90": 0.9944307208061218,
        "sel_acc_90": 1.0,
        "reliable_90": 1.0,
        "cov_90": 0.9944307208061218,
        "class_cov_90": 1.0,
        "raw_cov_85": 0.9993811845779419,
        "sel_acc_85": 1.0,
        "reliable_85": 1.0,
        "cov_85": 0.9993811845779419,
        "class_cov_85": 1.0,
        "raw_cov_80": 1.0,
        "sel_acc_80": 1.0,
        "reliable_80": 1.0,
        "cov_80": 1.0,
        "class_cov_80": 1.0
      },
      "output_dir": "/root/autodl-tmp/BayesVLM/output/ablate_uatb_full/id/ucf101/UATB_MIN/BAYESADAPTER/logit_scale_frozen/sigpar_0.005/sigperp_0.02/lu0_0.01/shot_16/seed_1/eval/id/train",
      "metrics_path": "/root/autodl-tmp/BayesVLM/output/ablate_uatb_full/id/ucf101/UATB_MIN/BAYESADAPTER/logit_scale_frozen/sigpar_0.005/sigperp_0.02/lu0_0.01/shot_16/seed_1/eval/id/train/metrics.json",
      "predictions_pt": "/root/autodl-tmp/BayesVLM/output/ablate_uatb_full/id/ucf101/UATB_MIN/BAYESADAPTER/logit_scale_frozen/sigpar_0.005/sigperp_0.02/lu0_0.01/shot_16/seed_1/eval/id/train/predictions.pt",
      "predictions_jsonl": "/root/autodl-tmp/BayesVLM/output/ablate_uatb_full/id/ucf101/UATB_MIN/BAYESADAPTER/logit_scale_frozen/sigpar_0.005/sigperp_0.02/lu0_0.01/shot_16/seed_1/eval/id/train/predictions.jsonl",
      "bins_path": "/root/autodl-tmp/BayesVLM/output/ablate_uatb_full/id/ucf101/UATB_MIN/BAYESADAPTER/logit_scale_frozen/sigpar_0.005/sigperp_0.02/lu0_0.01/shot_16/seed_1/eval/id/train/calibration_bins.csv",
      "adaptive_bins_path": "/root/autodl-tmp/BayesVLM/output/ablate_uatb_full/id/ucf101/UATB_MIN/BAYESADAPTER/logit_scale_frozen/sigpar_0.005/sigperp_0.02/lu0_0.01/shot_16/seed_1/eval/id/train/adaptive_calibration_bins.csv",
      "selective_metrics_path": "/root/autodl-tmp/BayesVLM/output/ablate_uatb_full/id/ucf101/UATB_MIN/BAYESADAPTER/logit_scale_frozen/sigpar_0.005/sigperp_0.02/lu0_0.01/shot_16/seed_1/eval/id/train/selective_metrics.csv"
    },
    "val": {
      "split_name": "val",
      "metrics": {
        "loss": 0.3877373909611094,
        "acc": 0.8898841142654419,
        "nlpd": 0.3867924213409424,
        "ece": 0.015861455351114273,
        "aece": 0.021248936684541128,
        "raw_cov_99": 0.459430992603302,
        "sel_acc_99": 0.997706413269043,
        "reliable_99": 1.0,
        "cov_99": 0.459430992603302,
        "class_cov_99": 0.9207920792079208,
        "raw_cov_95": 0.6296101212501526,
        "sel_acc_95": 0.9882845282554626,
        "reliable_95": 1.0,
        "cov_95": 0.6296101212501526,
        "class_cov_95": 0.9801980198019802,
        "raw_cov_90": 0.7118018865585327,
        "sel_acc_90": 0.984455943107605,
        "reliable_90": 1.0,
        "cov_90": 0.7118018865585327,
        "class_cov_90": 1.0,
        "raw_cov_85": 0.7629083395004272,
        "sel_acc_85": 0.9799723625183105,
        "reliable_85": 1.0,
        "cov_85": 0.7629083395004272,
        "class_cov_85": 1.0,
        "raw_cov_80": 0.7918862104415894,
        "sel_acc_80": 0.976047933101654,
        "reliable_80": 1.0,
        "cov_80": 0.7918862104415894,
        "class_cov_80": 1.0
      },
      "output_dir": "/root/autodl-tmp/BayesVLM/output/ablate_uatb_full/id/ucf101/UATB_MIN/BAYESADAPTER/logit_scale_frozen/sigpar_0.005/sigperp_0.02/lu0_0.01/shot_16/seed_1/eval/id/val",
      "metrics_path": "/root/autodl-tmp/BayesVLM/output/ablate_uatb_full/id/ucf101/UATB_MIN/BAYESADAPTER/logit_scale_frozen/sigpar_0.005/sigperp_0.02/lu0_0.01/shot_16/seed_1/eval/id/val/metrics.json",
      "predictions_pt": "/root/autodl-tmp/BayesVLM/output/ablate_uatb_full/id/ucf101/UATB_MIN/BAYESADAPTER/logit_scale_frozen/sigpar_0.005/sigperp_0.02/lu0_0.01/shot_16/seed_1/eval/id/val/predictions.pt",
      "predictions_jsonl": "/root/autodl-tmp/BayesVLM/output/ablate_uatb_full/id/ucf101/UATB_MIN/BAYESADAPTER/logit_scale_frozen/sigpar_0.005/sigperp_0.02/lu0_0.01/shot_16/seed_1/eval/id/val/predictions.jsonl",
      "bins_path": "/root/autodl-tmp/BayesVLM/output/ablate_uatb_full/id/ucf101/UATB_MIN/BAYESADAPTER/logit_scale_frozen/sigpar_0.005/sigperp_0.02/lu0_0.01/shot_16/seed_1/eval/id/val/calibration_bins.csv",
      "adaptive_bins_path": "/root/autodl-tmp/BayesVLM/output/ablate_uatb_full/id/ucf101/UATB_MIN/BAYESADAPTER/logit_scale_frozen/sigpar_0.005/sigperp_0.02/lu0_0.01/shot_16/seed_1/eval/id/val/adaptive_calibration_bins.csv",
      "selective_metrics_path": "/root/autodl-tmp/BayesVLM/output/ablate_uatb_full/id/ucf101/UATB_MIN/BAYESADAPTER/logit_scale_frozen/sigpar_0.005/sigperp_0.02/lu0_0.01/shot_16/seed_1/eval/id/val/selective_metrics.csv"
    },
    "test": {
      "split_name": "test",
      "metrics": {
        "loss": 0.6751887877876721,
        "acc": 0.8057097792625427,
        "nlpd": 0.6739597320556641,
        "ece": 0.047954011708498,
        "aece": 0.047975740741870415,
        "raw_cov_99": 0.41025641560554504,
        "sel_acc_99": 0.9929123520851135,
        "reliable_99": 1.0,
        "cov_99": 0.41025641560554504,
        "class_cov_99": 0.9207920792079208,
        "raw_cov_95": 0.5580227375030518,
        "sel_acc_95": 0.9805779457092285,
        "reliable_95": 1.0,
        "cov_95": 0.5580227375030518,
        "class_cov_95": 1.0,
        "raw_cov_90": 0.6338884234428406,
        "sel_acc_90": 0.9637197852134705,
        "reliable_90": 1.0,
        "cov_90": 0.6338884234428406,
        "class_cov_90": 1.0,
        "raw_cov_85": 0.6806766986846924,
        "sel_acc_85": 0.9510679841041565,
        "reliable_85": 1.0,
        "cov_85": 0.6806766986846924,
        "class_cov_85": 1.0,
        "raw_cov_80": 0.7131906151771545,
        "sel_acc_80": 0.9403261542320251,
        "reliable_80": 1.0,
        "cov_80": 0.7131906151771545,
        "class_cov_80": 1.0
      },
      "output_dir": "/root/autodl-tmp/BayesVLM/output/ablate_uatb_full/id/ucf101/UATB_MIN/BAYESADAPTER/logit_scale_frozen/sigpar_0.005/sigperp_0.02/lu0_0.01/shot_16/seed_1/eval/id/test",
      "metrics_path": "/root/autodl-tmp/BayesVLM/output/ablate_uatb_full/id/ucf101/UATB_MIN/BAYESADAPTER/logit_scale_frozen/sigpar_0.005/sigperp_0.02/lu0_0.01/shot_16/seed_1/eval/id/test/metrics.json",