{
  "family": "vlm_adapter",
  "variant": "UATB_MIN",
  "protocol": "id",
  "dataset": "ucf101",
  "seed": 3,
  "evaluation_tasks": [
    "classification"
  ],
  "model_selection": "last",
  "selected_checkpoint": "last",
  "selected_epoch": 300,
  "selected_val_metrics": {
    "loss": 0.5770064834171653,
    "acc": 0.8314014673233032,
    "nlpd": 0.5758633613586426,
    "ece": 0.03211324289441109,
    "aece": 0.03428696229410122,
    "raw_cov_99": 0.4014752507209778,
    "sel_acc_99": 1.0,
    "reliable_99": 1.0,
    "cov_99": 0.4014752507209778,
    "class_cov_99": 0.9108910891089109,
    "raw_cov_95": 0.5779768228530884,
    "sel_acc_95": 0.9826800227165222,
    "reliable_95": 1.0,
    "cov_95": 0.5779768228530884,
    "class_cov_95": 0.9801980198019802,
    "raw_cov_90": 0.6538461446762085,
    "sel_acc_90": 0.9717969298362732,
    "reliable_90": 1.0,
    "cov_90": 0.6538461446762085,
    "class_cov_90": 0.9900990099009901,
    "raw_cov_85": 0.7096943855285645,
    "sel_acc_85": 0.9613956809043884,
    "reliable_85": 1.0,
    "cov_85": 0.7096943855285645,
    "class_cov_85": 1.0,
    "raw_cov_80": 0.7460484504699707,
    "sel_acc_80": 0.9519773721694946,
    "reliable_80": 1.0,
    "cov_80": 0.7460484504699707,
    "class_cov_80": 1.0
  },
  "classification": {
    "train": {
      "split_name": "train",
      "metrics": {
        "loss": 0.014631473533071504,
        "acc": 1.0,
        "nlpd": 0.014469340443611145,
        "ece": 0.01425069011747837,
        "aece": 0.014250605191924783,
        "raw_cov_99": 0.5037128925323486,
        "sel_acc_99": 1.0,
        "reliable_99": 1.0,
        "cov_99": 0.5037128925323486,
        "class_cov_99": 0.9504950495049505,
        "raw_cov_95": 0.969059407711029,
        "sel_acc_95": 1.0,
        "reliable_95": 1.0,
        "cov_95": 0.969059407711029,
        "class_cov_95": 1.0,
        "raw_cov_90": 0.9987623691558838,
        "sel_acc_90": 1.0,
        "reliable_90": 1.0,
        "cov_90": 0.9987623691558838,
        "class_cov_90": 1.0,
        "raw_cov_85": 1.0,
        "sel_acc_85": 1.0,
        "reliable_85": 1.0,
        "cov_85": 1.0,
        "class_cov_85": 1.0,
        "raw_cov_80": 1.0,
        "sel_acc_80": 1.0,
        "reliable_80": 1.0,
        "cov_80": 1.0,
        "class_cov_80": 1.0
      },
      "output_dir": "/root/autodl-tmp/BayesVLM/output/ablate_uatb_full/id/ucf101/UATB_MIN/BAYESADAPTER/logit_scale_frozen/sigpar_0.005/sigperp_0.02/lu0_0/shot_8/seed_3/eval/id/train",
      "metrics_path": "/root/autodl-tmp/BayesVLM/output/ablate_uatb_full/id/ucf101/UATB_MIN/BAYESADAPTER/logit_scale_frozen/sigpar_0.005/sigperp_0.02/lu0_0/shot_8/seed_3/eval/id/train/metrics.json",
      "predictions_pt": "/root/autodl-tmp/BayesVLM/output/ablate_uatb_full/id/ucf101/UATB_MIN/BAYESADAPTER/logit_scale_frozen/sigpar_0.005/sigperp_0.02/lu0_0/shot_8/seed_3/eval/id/train/predictions.pt",
      "predictions_jsonl": "/root/autodl-tmp/BayesVLM/output/ablate_uatb_full/id/ucf101/UATB_MIN/BAYESADAPTER/logit_scale_frozen/sigpar_0.005/sigperp_0.02/lu0_0/shot_8/seed_3/eval/id/train/predictions.jsonl",
      "bins_path": "/root/autodl-tmp/BayesVLM/output/ablate_uatb_full/id/ucf101/UATB_MIN/BAYESADAPTER/logit_scale_frozen/sigpar_0.005/sigperp_0.02/lu0_0/shot_8/seed_3/eval/id/train/calibration_bins.csv",
      "adaptive_bins_path": "/root/autodl-tmp/BayesVLM/output/ablate_uatb_full/id/ucf101/UATB_MIN/BAYESADAPTER/logit_scale_frozen/sigpar_0.005/sigperp_0.02/lu0_0/shot_8/seed_3/eval/id/train/adaptive_calibration_bins.csv",
      "selective_metrics_path": "/root/autodl-tmp/BayesVLM/output/ablate_uatb_full/id/ucf101/UATB_MIN/BAYESADAPTER/logit_scale_frozen/sigpar_0.005/sigperp_0.02/lu0_0/shot_8/seed_3/eval/id/train/selective_metrics.csv"
    },
    "val": {
      "split_name": "val",
      "metrics": {
        "loss": 0.577412967435678,
        "acc": 0.8298208713531494,
        "nlpd": 0.5762171745300293,
        "ece": 0.03332972526550293,
        "aece": 0.03551312549347872,
        "raw_cov_99": 0.3983140289783478,
        "sel_acc_99": 1.0,
        "reliable_99": 1.0,
        "cov_99": 0.3983140289783478,
        "class_cov_99": 0.9108910891089109,
        "raw_cov_95": 0.5774499177932739,
        "sel_acc_95": 0.9826642274856567,
        "reliable_95": 1.0,
        "cov_95": 0.5774499177932739,
        "class_cov_95": 0.9801980198019802,
        "raw_cov_90": 0.6522655487060547,
        "sel_acc_90": 0.973344087600708,
        "reliable_90": 1.0,
        "cov_90": 0.6522655487060547,
        "class_cov_90": 0.9900990099009901,
        "raw_cov_85": 0.707586944103241,
        "sel_acc_85": 0.9627699255943298,
        "reliable_85": 1.0,
        "cov_85": 0.707586944103241,
        "class_cov_85": 1.0,
        "raw_cov_80": 0.7444678544998169,
        "sel_acc_80": 0.9525831341743469,
        "reliable_80": 1.0,
        "cov_80": 0.7444678544998169,
        "class_cov_80": 1.0
      },
      "output_dir": "/root/autodl-tmp/BayesVLM/output/ablate_uatb_full/id/ucf101/UATB_MIN/BAYESADAPTER/logit_scale_frozen/sigpar_0.005/sigperp_0.02/lu0_0/shot_8/seed_3/eval/id/val",
      "metrics_path": "/root/autodl-tmp/BayesVLM/output/ablate_uatb_full/id/ucf101/UATB_MIN/BAYESADAPTER/logit_scale_frozen/sigpar_0.005/sigperp_0.02/lu0_0/shot_8/seed_3/eval/id/val/metrics.json",
      "predictions_pt": "/root/autodl-tmp/BayesVLM/output/ablate_uatb_full/id/ucf101/UATB_MIN/BAYESADAPTER/logit_scale_frozen/sigpar_0.005/sigperp_0.02/lu0_0/shot_8/seed_3/eval/id/val/predictions.pt",
      "predictions_jsonl": "/root/autodl-tmp/BayesVLM/output/ablate_uatb_full/id/ucf101/UATB_MIN/BAYESADAPTER/logit_scale_frozen/sigpar_0.005/sigperp_0.02/lu0_0/shot_8/seed_3/eval/id/val/predictions.jsonl",
      "bins_path": "/root/autodl-tmp/BayesVLM/output/ablate_uatb_full/id/ucf101/UATB_MIN/BAYESADAPTER/logit_scale_frozen/sigpar_0.005/sigperp_0.02/lu0_0/shot_8/seed_3/eval/id/val/calibration_bins.csv",
      "adaptive_bins_path": "/root/autodl-tmp/BayesVLM/output/ablate_uatb_full/id/ucf101/UATB_MIN/BAYESADAPTER/logit_scale_frozen/sigpar_0.005/sigperp_0.02/lu0_0/shot_8/seed_3/eval/id/val/adaptive_calibration_bins.csv",
      "selective_metrics_path": "/root/autodl-tmp/BayesVLM/output/ablate_uatb_full/id/ucf101/UATB_MIN/BAYESADAPTER/logit_scale_frozen/sigpar_0.005/sigperp_0.02/lu0_0/shot_8/seed_3/eval/id/val/selective_metrics.csv"
    },
    "test": {
      "split_name": "test",
      "metrics": {
        "loss": 0.7625737942119077,
        "acc": 0.7795400619506836,
        "nlpd": 0.7611704468727112,
        "ece": 0.05633492395281792,
        "aece": 0.05636592186099161,
        "raw_cov_99": 0.35659530758857727,
        "sel_acc_99": 0.9925870895385742,
        "reliable_99": 1.0,
        "cov_99": 0.35659530758857727,
        "class_cov_99": 0.8712871287128713,
        "raw_cov_95": 0.5257731676101685,
        "sel_acc_95": 0.9758672714233398,
        "reliable_95": 1.0,
        "cov_95": 0.5257731676101685,
        "class_cov_95": 0.9801980198019802,
        "raw_cov_90": 0.6011102199554443,
        "sel_acc_90": 0.9586631655693054,
        "reliable_90": 1.0,
        "cov_90": 0.6011102199554443,
        "class_cov_90": 1.0,
        "raw_cov_85": 0.655035674571991,
        "sel_acc_85": 0.9435028433799744,
        "reliable_85": 1.0,
        "cov_85": 0.655035674571991,
        "class_cov_85": 1.0,
        "raw_cov_80": 0.6931006908416748,
        "sel_acc_80": 0.9324942827224731,
        "reliable_80": 1.0,
        "cov_80": 0.6931006908416748,
        "class_cov_80": 1.0
      },
      "output_dir": "/root/autodl-tmp/BayesVLM/output/ablate_uatb_full/id/ucf101/UATB_MIN/BAYESADAPTER/logit_scale_frozen/sigpar_0.005/sigperp_0.02/lu0_0/shot_8/seed_3/eval/id/test",
      "metrics_path": "/root/autodl-tmp/BayesVLM/output/ablate_uatb_full/id/ucf101/UATB_MIN/BAYESADAPTER/logit_scale_frozen/sigpar_0.005/sigperp_0.02/lu0_0/shot_8/seed_3/eval/id/test/metrics.json",