{
  "family": "vlm_adapter",
  "variant": "UATB_MIN",
  "protocol": "id",
  "dataset": "ucf101",
  "seed": 1,
  "model_selection": "last",
  "selection_metric": "acc",
  "selection_mode": "max",
  "best_epoch": 164,
  "best_val_metrics_saved": {
    "loss": 0.717070176553676,
    "acc": 0.8040041923522949,
    "nlpd": 0.7156813144683838,
    "ece": 0.030383288860321045,
    "aece": 0.03074687571746657,
    "raw_cov_99": 0.31981033086776733,
    "sel_acc_99": 0.9967051148414612,
    "reliable_99": 1.0,
    "cov_99": 0.31981033086776733,
    "class_cov_99": 0.7920792079207921,
    "raw_cov_95": 0.49104321002960205,
    "sel_acc_95": 0.9785407781600952,
    "reliable_95": 1.0,
    "cov_95": 0.49104321002960205,
    "class_cov_95": 0.9306930693069307,
    "raw_cov_90": 0.5885142087936401,
    "sel_acc_90": 0.9623993039131165,
    "reliable_90": 1.0,
    "cov_90": 0.5885142087936401,
    "class_cov_90": 0.9801980198019802,
    "raw_cov_85": 0.6438356041908264,
    "sel_acc_85": 0.9566285014152527,
    "reliable_85": 1.0,
    "cov_85": 0.6438356041908264,
    "class_cov_85": 1.0,
    "raw_cov_80": 0.6828240156173706,
    "sel_acc_80": 0.9436728358268738,
    "reliable_80": 1.0,
    "cov_80": 0.6828240156173706,
    "class_cov_80": 1.0
  },
  "last_epoch": 300,
  "last_val_metrics_saved": {
    "loss": 0.7135084743117884,
    "acc": 0.8018967509269714,
    "nlpd": 0.7121004462242126,
    "ece": 0.03429267555475235,
    "aece": 0.03463880044140228,
    "raw_cov_99": 0.3256058990955353,
    "sel_acc_99": 0.9967637658119202,
    "reliable_99": 1.0,
    "cov_99": 0.3256058990955353,
    "class_cov_99": 0.8118811881188119,
    "raw_cov_95": 0.49578502774238586,
    "sel_acc_95": 0.9808714389801025,
    "reliable_95": 1.0,
    "cov_95": 0.49578502774238586,
    "class_cov_95": 0.9306930693069307,
    "raw_cov_90": 0.5932560563087463,
    "sel_acc_90": 0.9618117213249207,
    "reliable_90": 1.0,
    "cov_90": 0.5932560563087463,
    "class_cov_90": 0.9801980198019802,
    "raw_cov_85": 0.6501580476760864,
    "sel_acc_85": 0.9554294943809509,
    "reliable_85": 1.0,
    "cov_85": 0.6501580476760864,
    "class_cov_85": 1.0,
    "raw_cov_80": 0.6880927085876465,
    "sel_acc_80": 0.9425727128982544,
    "reliable_80": 1.0,
    "cov_80": 0.6880927085876465,
    "class_cov_80": 1.0
  },
  "run_dir": "/root/autodl-tmp/BayesVLM/output/ablate_uatb_unc_only/id/ucf101/UATB_MIN/BAYESADAPTER/logit_scale_frozen/sigpar_0.01/sigperp_0.01/lu0_0.01/shot_4/seed_1",
  "elapsed_seconds": 33.16,
  "artifacts": {
    "log_file": "train/train.log",
    "config_file": "config/config.json",
    "class_names_file": "config/class_names.json",
    "metrics_csv_file": "train/metrics_history.csv",
    "best_ckpt_file": "checkpoints/best_adapter.pt",
    "last_ckpt_file": "checkpoints/last_adapter.pt"
  }
}