{
  "family": "vlm_adapter",
  "variant": "UATB_MIN",
  "protocol": "id",
  "dataset": "ucf101",
  "seed": 3,
  "evaluation_tasks": [
    "classification"
  ],
  "model_selection": "last",
  "selected_checkpoint": "last",
  "selected_epoch": 300,
  "selected_val_metrics": {
    "loss": 0.8575546233998209,
    "acc": 0.7634351849555969,
    "nlpd": 0.8558933734893799,
    "ece": 0.05154113098978996,
    "aece": 0.05299158254589245,
    "raw_cov_99": 0.29346680641174316,
    "sel_acc_99": 0.9982046484947205,
    "reliable_99": 1.0,
    "cov_99": 0.29346680641174316,
    "class_cov_99": 0.7425742574257426,
    "raw_cov_95": 0.46838778257369995,
    "sel_acc_95": 0.9763779640197754,
    "reliable_95": 1.0,
    "cov_95": 0.46838778257369995,
    "class_cov_95": 0.900990099009901,
    "raw_cov_90": 0.5489989519119263,
    "sel_acc_90": 0.9616122841835022,
    "reliable_90": 1.0,
    "cov_90": 0.5489989519119263,
    "class_cov_90": 0.9603960396039604,
    "raw_cov_85": 0.6027397513389587,
    "sel_acc_85": 0.9440559148788452,
    "reliable_85": 1.0,
    "cov_85": 0.6027397513389587,
    "class_cov_85": 0.9801980198019802,
    "raw_cov_80": 0.6454162001609802,
    "sel_acc_80": 0.9297959208488464,
    "reliable_80": 1.0,
    "cov_80": 0.6454162001609802,
    "class_cov_80": 1.0
  },
  "classification": {
    "train": {
      "split_name": "train",
      "metrics": {
        "loss": 0.013685946352779865,
        "acc": 1.0,
        "nlpd": 0.013511475175619125,
        "ece": 0.013364732265472412,
        "aece": 0.013364803673017144,
        "raw_cov_99": 0.46039605140686035,
        "sel_acc_99": 1.0,
        "reliable_99": 1.0,
        "cov_99": 0.46039605140686035,
        "class_cov_99": 0.6336633663366337,
        "raw_cov_95": 1.0,
        "sel_acc_95": 1.0,
        "reliable_95": 1.0,
        "cov_95": 1.0,
        "class_cov_95": 1.0,
        "raw_cov_90": 1.0,
        "sel_acc_90": 1.0,
        "reliable_90": 1.0,
        "cov_90": 1.0,
        "class_cov_90": 1.0,
        "raw_cov_85": 1.0,
        "sel_acc_85": 1.0,
        "reliable_85": 1.0,
        "cov_85": 1.0,
        "class_cov_85": 1.0,
        "raw_cov_80": 1.0,
        "sel_acc_80": 1.0,
        "reliable_80": 1.0,
        "cov_80": 1.0,
        "class_cov_80": 1.0
      },
      "output_dir": "/root/autodl-tmp/BayesVLM/output/ablate_uatb_aniso_only/id/ucf101/UATB_MIN/BAYESADAPTER/logit_scale_frozen/sigpar_0.005/sigperp_0.02/lu0_0/shot_2/seed_3/eval/id/train",
      "metrics_path": "/root/autodl-tmp/BayesVLM/output/ablate_uatb_aniso_only/id/ucf101/UATB_MIN/BAYESADAPTER/logit_scale_frozen/sigpar_0.005/sigperp_0.02/lu0_0/shot_2/seed_3/eval/id/train/metrics.json",
      "predictions_pt": "/root/autodl-tmp/BayesVLM/output/ablate_uatb_aniso_only/id/ucf101/UATB_MIN/BAYESADAPTER/logit_scale_frozen/sigpar_0.005/sigperp_0.02/lu0_0/shot_2/seed_3/eval/id/train/predictions.pt",
      "predictions_jsonl": "/root/autodl-tmp/BayesVLM/output/ablate_uatb_aniso_only/id/ucf101/UATB_MIN/BAYESADAPTER/logit_scale_frozen/sigpar_0.005/sigperp_0.02/lu0_0/shot_2/seed_3/eval/id/train/predictions.jsonl",
      "bins_path": "/root/autodl-tmp/BayesVLM/output/ablate_uatb_aniso_only/id/ucf101/UATB_MIN/BAYESADAPTER/logit_scale_frozen/sigpar_0.005/sigperp_0.02/lu0_0/shot_2/seed_3/eval/id/train/calibration_bins.csv",
      "adaptive_bins_path": "/root/autodl-tmp/BayesVLM/output/ablate_uatb_aniso_only/id/ucf101/UATB_MIN/BAYESADAPTER/logit_scale_frozen/sigpar_0.005/sigperp_0.02/lu0_0/shot_2/seed_3/eval/id/train/adaptive_calibration_bins.csv",
      "selective_metrics_path": "/root/autodl-tmp/BayesVLM/output/ablate_uatb_aniso_only/id/ucf101/UATB_MIN/BAYESADAPTER/logit_scale_frozen/sigpar_0.005/sigperp_0.02/lu0_0/shot_2/seed_3/eval/id/train/selective_metrics.csv"
    },
    "val": {
      "split_name": "val",
      "metrics": {
        "loss": 0.8582164055429344,
        "acc": 0.7597470879554749,
        "nlpd": 0.8565748929977417,
        "ece": 0.05500256270170212,
        "aece": 0.05645335505709633,
        "raw_cov_99": 0.29188621044158936,
        "sel_acc_99": 0.9981949329376221,
        "reliable_99": 1.0,
        "cov_99": 0.29188621044158936,
        "class_cov_99": 0.7425742574257426,
        "raw_cov_95": 0.4673340320587158,
        "sel_acc_95": 0.9763246774673462,
        "reliable_95": 1.0,
        "cov_95": 0.4673340320587158,
        "class_cov_95": 0.9108910891089109,
        "raw_cov_90": 0.5505795478820801,
        "sel_acc_90": 0.960765540599823,
        "reliable_90": 1.0,
        "cov_90": 0.5505795478820801,
        "class_cov_90": 0.9603960396039604,
        "raw_cov_85": 0.6032665967941284,
        "sel_acc_85": 0.9423580765724182,
        "reliable_85": 1.0,
        "cov_85": 0.6032665967941284,
        "class_cov_85": 0.9801980198019802,
        "raw_cov_80": 0.6480506062507629,
        "sel_acc_80": 0.9292683005332947,
        "reliable_80": 1.0,
        "cov_80": 0.6480506062507629,
        "class_cov_80": 1.0
      },
      "output_dir": "/root/autodl-tmp/BayesVLM/output/ablate_uatb_aniso_only/id/ucf101/UATB_MIN/BAYESADAPTER/logit_scale_frozen/sigpar_0.005/sigperp_0.02/lu0_0/shot_2/seed_3/eval/id/val",
      "metrics_path": "/root/autodl-tmp/BayesVLM/output/ablate_uatb_aniso_only/id/ucf101/UATB_MIN/BAYESADAPTER/logit_scale_frozen/sigpar_0.005/sigperp_0.02/lu0_0/shot_2/seed_3/eval/id/val/metrics.json",
      "predictions_pt": "/root/autodl-tmp/BayesVLM/output/ablate_uatb_aniso_only/id/ucf101/UATB_MIN/BAYESADAPTER/logit_scale_frozen/sigpar_0.005/sigperp_0.02/lu0_0/shot_2/seed_3/eval/id/val/predictions.pt",
      "predictions_jsonl": "/root/autodl-tmp/BayesVLM/output/ablate_uatb_aniso_only/id/ucf101/UATB_MIN/BAYESADAPTER/logit_scale_frozen/sigpar_0.005/sigperp_0.02/lu0_0/shot_2/seed_3/eval/id/val/predictions.jsonl",
      "bins_path": "/root/autodl-tmp/BayesVLM/output/ablate_uatb_aniso_only/id/ucf101/UATB_MIN/BAYESADAPTER/logit_scale_frozen/sigpar_0.005/sigperp_0.02/lu0_0/shot_2/seed_3/eval/id/val/calibration_bins.csv",
      "adaptive_bins_path": "/root/autodl-tmp/BayesVLM/output/ablate_uatb_aniso_only/id/ucf101/UATB_MIN/BAYESADAPTER/logit_scale_frozen/sigpar_0.005/sigperp_0.02/lu0_0/shot_2/seed_3/eval/id/val/adaptive_calibration_bins.csv",
      "selective_metrics_path": "/root/autodl-tmp/BayesVLM/output/ablate_uatb_aniso_only/id/ucf101/UATB_MIN/BAYESADAPTER/logit_scale_frozen/sigpar_0.005/sigperp_0.02/lu0_0/shot_2/seed_3/eval/id/val/selective_metrics.csv"
    },
    "test": {
      "split_name": "test",
      "metrics": {
        "loss": 0.9783601739121088,
        "acc": 0.7200634479522705,
        "nlpd": 0.9765985012054443,
        "ece": 0.07553790509700775,
        "aece": 0.07529555516381002,
        "raw_cov_99": 0.28363731503486633,
        "sel_acc_99": 0.9934762120246887,
        "reliable_99": 1.0,
        "cov_99": 0.28363731503486633,
        "class_cov_99": 0.7326732673267327,
        "raw_cov_95": 0.425852507352829,
        "sel_acc_95": 0.9726877808570862,
        "reliable_95": 1.0,
        "cov_95": 0.425852507352829,
        "class_cov_95": 0.9207920792079208,
        "raw_cov_90": 0.5054189562797546,
        "sel_acc_90": 0.9524058699607849,
        "reliable_90": 1.0,
        "cov_90": 0.5054189562797546,
        "class_cov_90": 0.9900990099009901,
        "raw_cov_85": 0.566217303276062,
        "sel_acc_85": 0.9360410571098328,
        "reliable_85": 1.0,
        "cov_85": 0.566217303276062,
        "class_cov_85": 1.0,
        "raw_cov_80": 0.6174993515014648,
        "sel_acc_80": 0.9126712083816528,
        "reliable_80": 1.0,
        "cov_80": 0.6174993515014648,
        "class_cov_80": 1.0
      },
      "output_dir": "/root/autodl-tmp/BayesVLM/output/ablate_uatb_aniso_only/id/ucf101/UATB_MIN/BAYESADAPTER/logit_scale_frozen/sigpar_0.005/sigperp_0.02/lu0_0/shot_2/seed_3/eval/id/test",