{
  "family": "vlm_adapter",
  "variant": "UATB_MIN",
  "protocol": "id",
  "dataset": "ucf101",
  "seed": 2,
  "model_selection": "last",
  "selection_metric": "acc",
  "selection_mode": "max",
  "best_epoch": 254,
  "best_val_metrics_saved": {
    "loss": 0.8768853221728503,
    "acc": 0.7713382244110107,
    "nlpd": 0.8754457831382751,
    "ece": 0.04396785423159599,
    "aece": 0.04333403053349012,
    "raw_cov_99": 0.273445725440979,
    "sel_acc_99": 0.9884393215179443,
    "reliable_99": 0.0,
    "cov_99": 0.0,
    "class_cov_99": 0.0,
    "raw_cov_95": 0.4710221290588379,
    "sel_acc_95": 0.9731543660163879,
    "reliable_95": 1.0,
    "cov_95": 0.4710221290588379,
    "class_cov_95": 0.9207920792079208,
    "raw_cov_90": 0.5400421619415283,
    "sel_acc_90": 0.9629268050193787,
    "reliable_90": 1.0,
    "cov_90": 0.5400421619415283,
    "class_cov_90": 0.9504950495049505,
    "raw_cov_85": 0.5990516543388367,
    "sel_acc_85": 0.943711519241333,
    "reliable_85": 1.0,
    "cov_85": 0.5990516543388367,
    "class_cov_85": 0.9900990099009901,
    "raw_cov_80": 0.6522655487060547,
    "sel_acc_80": 0.9297253489494324,
    "reliable_80": 1.0,
    "cov_80": 0.6522655487060547,
    "class_cov_80": 0.9900990099009901
  },
  "last_epoch": 300,
  "last_val_metrics_saved": {
    "loss": 0.8754359363127809,
    "acc": 0.7676501870155334,
    "nlpd": 0.8739307522773743,
    "ece": 0.047332651913166046,
    "aece": 0.04712365569254369,
    "raw_cov_99": 0.27555322647094727,
    "sel_acc_99": 0.9885277152061462,
    "reliable_99": 0.0,
    "cov_99": 0.0,
    "class_cov_99": 0.0,
    "raw_cov_95": 0.4704952538013458,
    "sel_acc_95": 0.9731243252754211,
    "reliable_95": 1.0,
    "cov_95": 0.4704952538013458,
    "class_cov_95": 0.9207920792079208,
    "raw_cov_90": 0.5432033538818359,
    "sel_acc_90": 0.9621726274490356,
    "reliable_90": 1.0,
    "cov_90": 0.5432033538818359,
    "class_cov_90": 0.9702970297029703,
    "raw_cov_85": 0.5958904027938843,
    "sel_acc_85": 0.9469496011734009,
    "reliable_85": 1.0,
    "cov_85": 0.5958904027938843,
    "class_cov_85": 0.9900990099009901,
    "raw_cov_80": 0.6506849527359009,
    "sel_acc_80": 0.9303643703460693,
    "reliable_80": 1.0,
    "cov_80": 0.6506849527359009,
    "class_cov_80": 0.9900990099009901
  },
  "run_dir": "/root/autodl-tmp/BayesVLM/output/ablate_uatb_full/id/ucf101/UATB_MIN/BAYESADAPTER/logit_scale_frozen/sigpar_0.005/sigperp_0.02/lu0_0.01/shot_2/seed_2",
  "elapsed_seconds": 29.09,
  "artifacts": {
    "log_file": "train/train.log",
    "config_file": "config/config.json",
    "class_names_file": "config/class_names.json",
    "metrics_csv_file": "train/metrics_history.csv",
    "best_ckpt_file": "checkpoints/best_adapter.pt",
    "last_ckpt_file": "checkpoints/last_adapter.pt"
  }
}