{
  "family": "vlm_adapter",
  "variant": "UATB_MIN",
  "protocol": "id",
  "dataset": "ucf101",
  "seed": 3,
  "model_selection": "last",
  "selection_metric": "acc",
  "selection_mode": "max",
  "best_epoch": 161,
  "best_val_metrics_saved": {
    "loss": 0.5718782410355338,
    "acc": 0.8345627188682556,
    "nlpd": 0.5706765055656433,
    "ece": 0.026806263253092766,
    "aece": 0.029135456075155823,
    "raw_cov_99": 0.3930453062057495,
    "sel_acc_99": 1.0,
    "reliable_99": 1.0,
    "cov_99": 0.3930453062057495,
    "class_cov_99": 0.9108910891089109,
    "raw_cov_95": 0.5711274743080139,
    "sel_acc_95": 0.9833948612213135,
    "reliable_95": 1.0,
    "cov_95": 0.5711274743080139,
    "class_cov_95": 0.9801980198019802,
    "raw_cov_90": 0.6485774517059326,
    "sel_acc_90": 0.9748172163963318,
    "reliable_90": 1.0,
    "cov_90": 0.6485774517059326,
    "class_cov_90": 0.9900990099009901,
    "raw_cov_85": 0.7002107501029968,
    "sel_acc_85": 0.9631301760673523,
    "reliable_85": 1.0,
    "cov_85": 0.7002107501029968,
    "class_cov_85": 1.0,
    "raw_cov_80": 0.7449947595596313,
    "sel_acc_80": 0.9504950642585754,
    "reliable_80": 1.0,
    "cov_80": 0.7449947595596313,
    "class_cov_80": 1.0
  },
  "last_epoch": 300,
  "last_val_metrics_saved": {
    "loss": 0.5729768862211793,
    "acc": 0.8314014673233032,
    "nlpd": 0.5718607902526855,
    "ece": 0.03318420425057411,
    "aece": 0.034565163833198104,
    "raw_cov_99": 0.4009483754634857,
    "sel_acc_99": 1.0,
    "reliable_99": 1.0,
    "cov_99": 0.4009483754634857,
    "class_cov_99": 0.9108910891089109,
    "raw_cov_95": 0.5795574188232422,
    "sel_acc_95": 0.9827272891998291,
    "reliable_95": 1.0,
    "cov_95": 0.5795574188232422,
    "class_cov_95": 0.9801980198019802,
    "raw_cov_90": 0.6559536457061768,
    "sel_acc_90": 0.9718875288963318,
    "reliable_90": 1.0,
    "cov_90": 0.6559536457061768,
    "class_cov_90": 0.9900990099009901,
    "raw_cov_85": 0.7070600390434265,
    "sel_acc_85": 0.9634873270988464,
    "reliable_85": 1.0,
    "cov_85": 0.7070600390434265,
    "class_cov_85": 1.0,
    "raw_cov_80": 0.7497365474700928,
    "sel_acc_80": 0.9515109062194824,
    "reliable_80": 1.0,
    "cov_80": 0.7497365474700928,
    "class_cov_80": 1.0
  },
  "run_dir": "/root/autodl-tmp/BayesVLM/output/ablate_uatb_full/id/ucf101/UATB_MIN/BAYESADAPTER/logit_scale_frozen/sigpar_0.005/sigperp_0.02/lu0_0.01/shot_8/seed_3",
  "elapsed_seconds": 41.17,
  "artifacts": {
    "log_file": "train/train.log",
    "config_file": "config/config.json",
    "class_names_file": "config/class_names.json",
    "metrics_csv_file": "train/metrics_history.csv",
    "best_ckpt_file": "checkpoints/best_adapter.pt",
    "last_ckpt_file": "checkpoints/last_adapter.pt"
  }
}