{
  "family": "vlm_adapter",
  "variant": "UATB_MIN",
  "protocol": "id",
  "dataset": "ucf101",
  "seed": 3,
  "model_selection": "last",
  "selection_metric": "acc",
  "selection_mode": "max",
  "best_epoch": 161,
  "best_val_metrics_saved": {
    "loss": 0.5762639688867663,
    "acc": 0.8340358138084412,
    "nlpd": 0.5750160813331604,
    "ece": 0.02755986526608467,
    "aece": 0.02799141297099211,
    "raw_cov_99": 0.3867228627204895,
    "sel_acc_99": 1.0,
    "reliable_99": 1.0,
    "cov_99": 0.3867228627204895,
    "class_cov_99": 0.900990099009901,
    "raw_cov_95": 0.5653319358825684,
    "sel_acc_95": 0.9841565489768982,
    "reliable_95": 1.0,
    "cov_95": 0.5653319358825684,
    "class_cov_95": 0.9801980198019802,
    "raw_cov_90": 0.6464699506759644,
    "sel_acc_90": 0.97555011510849,
    "reliable_90": 1.0,
    "cov_90": 0.6464699506759644,
    "class_cov_90": 0.9900990099009901,
    "raw_cov_85": 0.6970494985580444,
    "sel_acc_85": 0.9622070789337158,
    "reliable_85": 1.0,
    "cov_85": 0.6970494985580444,
    "class_cov_85": 1.0,
    "raw_cov_80": 0.7402529120445251,
    "sel_acc_80": 0.9508897066116333,
    "reliable_80": 1.0,
    "cov_80": 0.7402529120445251,
    "class_cov_80": 1.0
  },
  "last_epoch": 300,
  "last_val_metrics_saved": {
    "loss": 0.5769182125183001,
    "acc": 0.8303477168083191,
    "nlpd": 0.5757536888122559,
    "ece": 0.030896831303834915,
    "aece": 0.0332199495258271,
    "raw_cov_99": 0.3919915556907654,
    "sel_acc_99": 1.0,
    "reliable_99": 1.0,
    "cov_99": 0.3919915556907654,
    "class_cov_99": 0.9108910891089109,
    "raw_cov_95": 0.572181224822998,
    "sel_acc_95": 0.9834254384040833,
    "reliable_95": 1.0,
    "cov_95": 0.572181224822998,
    "class_cov_95": 0.9801980198019802,
    "raw_cov_90": 0.6506849527359009,
    "sel_acc_90": 0.9716598987579346,
    "reliable_90": 1.0,
    "cov_90": 0.6506849527359009,
    "class_cov_90": 0.9900990099009901,
    "raw_cov_85": 0.7044256925582886,
    "sel_acc_85": 0.9626028537750244,
    "reliable_85": 1.0,
    "cov_85": 0.7044256925582886,
    "class_cov_85": 1.0,
    "raw_cov_80": 0.7434141039848328,
    "sel_acc_80": 0.9510985016822815,
    "reliable_80": 1.0,
    "cov_80": 0.7434141039848328,
    "class_cov_80": 1.0
  },
  "run_dir": "/root/autodl-tmp/BayesVLM/output/ablate_uatb_unc_only/id/ucf101/UATB_MIN/BAYESADAPTER/logit_scale_frozen/sigpar_0.01/sigperp_0.01/lu0_0/shot_8/seed_3",
  "elapsed_seconds": 40.63,
  "artifacts": {
    "log_file": "train/train.log",
    "config_file": "config/config.json",
    "class_names_file": "config/class_names.json",
    "metrics_csv_file": "train/metrics_history.csv",
    "best_ckpt_file": "checkpoints/best_adapter.pt",
    "last_ckpt_file": "checkpoints/last_adapter.pt"
  }
}