{
  "family": "vlm_adapter",
  "variant": "UATB_MIN",
  "protocol": "id",
  "dataset": "ucf101",
  "seed": 1,
  "evaluation_tasks": [
    "classification"
  ],
  "model_selection": "last",
  "selected_checkpoint": "last",
  "selected_epoch": 300,
  "selected_val_metrics": {
    "loss": 0.9446940857944549,
    "acc": 0.7302423715591431,
    "nlpd": 0.9430744051933289,
    "ece": 0.0592595674097538,
    "aece": 0.059932665936688105,
    "raw_cov_99": 0.24868282675743103,
    "sel_acc_99": 0.9978813529014587,
    "reliable_99": 1.0,
    "cov_99": 0.24868282675743103,
    "class_cov_99": 0.7128712871287128,
    "raw_cov_95": 0.4114857614040375,
    "sel_acc_95": 0.97567218542099,
    "reliable_95": 1.0,
    "cov_95": 0.4114857614040375,
    "class_cov_95": 0.900990099009901,
    "raw_cov_90": 0.4899894595146179,
    "sel_acc_90": 0.9623655676841736,
    "reliable_90": 1.0,
    "cov_90": 0.4899894595146179,
    "class_cov_90": 0.9702970297029703,
    "raw_cov_85": 0.5437302589416504,
    "sel_acc_85": 0.9457364082336426,
    "reliable_85": 1.0,
    "cov_85": 0.5437302589416504,
    "class_cov_85": 0.9900990099009901,
    "raw_cov_80": 0.5927292108535767,
    "sel_acc_80": 0.9244444370269775,
    "reliable_80": 1.0,
    "cov_80": 0.5927292108535767,
    "class_cov_80": 1.0
  },
  "classification": {
    "train": {
      "split_name": "train",
      "metrics": {
        "loss": 0.007161869667470455,
        "acc": 1.0,
        "nlpd": 0.007082063239067793,
        "ece": 0.007048368453979492,
        "aece": 0.007048338946729605,
        "raw_cov_99": 0.7722772359848022,
        "sel_acc_99": 1.0,
        "reliable_99": 1.0,
        "cov_99": 0.7722772359848022,
        "class_cov_99": 0.7722772277227723,
        "raw_cov_95": 1.0,
        "sel_acc_95": 1.0,
        "reliable_95": 1.0,
        "cov_95": 1.0,
        "class_cov_95": 1.0,
        "raw_cov_90": 1.0,
        "sel_acc_90": 1.0,
        "reliable_90": 1.0,
        "cov_90": 1.0,
        "class_cov_90": 1.0,
        "raw_cov_85": 1.0,
        "sel_acc_85": 1.0,
        "reliable_85": 1.0,
        "cov_85": 1.0,
        "class_cov_85": 1.0,
        "raw_cov_80": 1.0,
        "sel_acc_80": 1.0,
        "reliable_80": 1.0,
        "cov_80": 1.0,
        "class_cov_80": 1.0
      },
      "output_dir": "/root/autodl-tmp/BayesVLM/output/ablate_uatb_unc_only/id/ucf101/UATB_MIN/BAYESADAPTER/logit_scale_frozen/sigpar_0.01/sigperp_0.01/lu0_0.01/shot_1/seed_1/eval/id/train",
      "metrics_path": "/root/autodl-tmp/BayesVLM/output/ablate_uatb_unc_only/id/ucf101/UATB_MIN/BAYESADAPTER/logit_scale_frozen/sigpar_0.01/sigperp_0.01/lu0_0.01/shot_1/seed_1/eval/id/train/metrics.json",
      "predictions_pt": "/root/autodl-tmp/BayesVLM/output/ablate_uatb_unc_only/id/ucf101/UATB_MIN/BAYESADAPTER/logit_scale_frozen/sigpar_0.01/sigperp_0.01/lu0_0.01/shot_1/seed_1/eval/id/train/predictions.pt",
      "predictions_jsonl": "/root/autodl-tmp/BayesVLM/output/ablate_uatb_unc_only/id/ucf101/UATB_MIN/BAYESADAPTER/logit_scale_frozen/sigpar_0.01/sigperp_0.01/lu0_0.01/shot_1/seed_1/eval/id/train/predictions.jsonl",
      "bins_path": "/root/autodl-tmp/BayesVLM/output/ablate_uatb_unc_only/id/ucf101/UATB_MIN/BAYESADAPTER/logit_scale_frozen/sigpar_0.01/sigperp_0.01/lu0_0.01/shot_1/seed_1/eval/id/train/calibration_bins.csv",
      "adaptive_bins_path": "/root/autodl-tmp/BayesVLM/output/ablate_uatb_unc_only/id/ucf101/UATB_MIN/BAYESADAPTER/logit_scale_frozen/sigpar_0.01/sigperp_0.01/lu0_0.01/shot_1/seed_1/eval/id/train/adaptive_calibration_bins.csv",
      "selective_metrics_path": "/root/autodl-tmp/BayesVLM/output/ablate_uatb_unc_only/id/ucf101/UATB_MIN/BAYESADAPTER/logit_scale_frozen/sigpar_0.01/sigperp_0.01/lu0_0.01/shot_1/seed_1/eval/id/train/selective_metrics.csv"
    },
    "val": {
      "split_name": "val",
      "metrics": {
        "loss": 0.9446472052653547,
        "acc": 0.7307692170143127,
        "nlpd": 0.9430367946624756,
        "ece": 0.05894850566983223,
        "aece": 0.059318845402704524,
        "raw_cov_99": 0.2476290762424469,
        "sel_acc_99": 0.9978723526000977,
        "reliable_99": 1.0,
        "cov_99": 0.2476290762424469,
        "class_cov_99": 0.7128712871287128,
        "raw_cov_95": 0.40990516543388367,
        "sel_acc_95": 0.9768637418746948,
        "reliable_95": 1.0,
        "cov_95": 0.40990516543388367,
        "class_cov_95": 0.900990099009901,
        "raw_cov_90": 0.4915700852870941,
        "sel_acc_90": 0.9646302461624146,
        "reliable_90": 1.0,
        "cov_90": 0.4915700852870941,
        "class_cov_90": 0.9702970297029703,
        "raw_cov_85": 0.5453108549118042,
        "sel_acc_85": 0.9468598961830139,
        "reliable_85": 1.0,
        "cov_85": 0.5453108549118042,
        "class_cov_85": 0.9900990099009901,
        "raw_cov_80": 0.5906217098236084,
        "sel_acc_80": 0.9241748452186584,
        "reliable_80": 1.0,
        "cov_80": 0.5906217098236084,
        "class_cov_80": 1.0
      },
      "output_dir": "/root/autodl-tmp/BayesVLM/output/ablate_uatb_unc_only/id/ucf101/UATB_MIN/BAYESADAPTER/logit_scale_frozen/sigpar_0.01/sigperp_0.01/lu0_0.01/shot_1/seed_1/eval/id/val",
      "metrics_path": "/root/autodl-tmp/BayesVLM/output/ablate_uatb_unc_only/id/ucf101/UATB_MIN/BAYESADAPTER/logit_scale_frozen/sigpar_0.01/sigperp_0.01/lu0_0.01/shot_1/seed_1/eval/id/val/metrics.json",
      "predictions_pt": "/root/autodl-tmp/BayesVLM/output/ablate_uatb_unc_only/id/ucf101/UATB_MIN/BAYESADAPTER/logit_scale_frozen/sigpar_0.01/sigperp_0.01/lu0_0.01/shot_1/seed_1/eval/id/val/predictions.pt",
      "predictions_jsonl": "/root/autodl-tmp/BayesVLM/output/ablate_uatb_unc_only/id/ucf101/UATB_MIN/BAYESADAPTER/logit_scale_frozen/sigpar_0.01/sigperp_0.01/lu0_0.01/shot_1/seed_1/eval/id/val/predictions.jsonl",
      "bins_path": "/root/autodl-tmp/BayesVLM/output/ablate_uatb_unc_only/id/ucf101/UATB_MIN/BAYESADAPTER/logit_scale_frozen/sigpar_0.01/sigperp_0.01/lu0_0.01/shot_1/seed_1/eval/id/val/calibration_bins.csv",
      "adaptive_bins_path": "/root/autodl-tmp/BayesVLM/output/ablate_uatb_unc_only/id/ucf101/UATB_MIN/BAYESADAPTER/logit_scale_frozen/sigpar_0.01/sigperp_0.01/lu0_0.01/shot_1/seed_1/eval/id/val/adaptive_calibration_bins.csv",
      "selective_metrics_path": "/root/autodl-tmp/BayesVLM/output/ablate_uatb_unc_only/id/ucf101/UATB_MIN/BAYESADAPTER/logit_scale_frozen/sigpar_0.01/sigperp_0.01/lu0_0.01/shot_1/seed_1/eval/id/val/selective_metrics.csv"
    },
    "test": {
      "split_name": "test",
      "metrics": {
        "loss": 1.084049480729654,
        "acc": 0.6978588700294495,
        "nlpd": 1.0822900533676147,
        "ece": 0.08084841817617416,
        "aece": 0.08095003532143834,
        "raw_cov_99": 0.256674587726593,
        "sel_acc_99": 0.9866117238998413,
        "reliable_99": 0.0,
        "cov_99": 0.0,
        "class_cov_99": 0.0,
        "raw_cov_95": 0.4118424654006958,
        "sel_acc_95": 0.9691912531852722,
        "reliable_95": 1.0,
        "cov_95": 0.4118424654006958,
        "class_cov_95": 0.9108910891089109,
        "raw_cov_90": 0.48823684453964233,
        "sel_acc_90": 0.9463995695114136,
        "reliable_90": 1.0,
        "cov_90": 0.48823684453964233,
        "class_cov_90": 1.0,
        "raw_cov_85": 0.5411049723625183,
        "sel_acc_85": 0.9262335300445557,
        "reliable_85": 1.0,
        "cov_85": 0.5411049723625183,
        "class_cov_85": 1.0,
        "raw_cov_80": 0.5876288414001465,
        "sel_acc_80": 0.9041835069656372,
        "reliable_80": 1.0,
        "cov_80": 0.5876288414001465,
        "class_cov_80": 1.0
      },
      "output_dir": "/root/autodl-tmp/BayesVLM/output/ablate_uatb_unc_only/id/ucf101/UATB_MIN/BAYESADAPTER/logit_scale_frozen/sigpar_0.01/sigperp_0.01/lu0_0.01/shot_1/seed_1/eval/id/test",
      "metrics_path": "/root/autodl-tmp/BayesVLM/output/ablate_uatb_unc_only/id/ucf101/UATB_MIN/BAYESADAPTER/logit_scale_frozen/sigpar_0.01/sigperp_0.01/lu0_0.01/shot_1/seed_1/eval/id/test/metrics.json",