{
  "family": "vlm_adapter",
  "variant": "UATB_MIN",
  "protocol": "id",
  "dataset": "ucf101",
  "seed": 1,
  "evaluation_tasks": [
    "classification"
  ],
  "model_selection": "last",
  "selected_checkpoint": "last",
  "selected_epoch": 300,
  "selected_val_metrics": {
    "loss": 0.38979194516628135,
    "acc": 0.8883034586906433,
    "nlpd": 0.38882946968078613,
    "ece": 0.01716129295527935,
    "aece": 0.020600931347986667,
    "raw_cov_99": 0.4567966163158417,
    "sel_acc_99": 0.9976931810379028,
    "reliable_99": 1.0,
    "cov_99": 0.4567966163158417,
    "class_cov_99": 0.9207920792079208,
    "raw_cov_95": 0.6280295252799988,
    "sel_acc_95": 0.9882550239562988,
    "reliable_95": 1.0,
    "cov_95": 0.6280295252799988,
    "class_cov_95": 0.9801980198019802,
    "raw_cov_90": 0.7123287916183472,
    "sel_acc_90": 0.9844674468040466,
    "reliable_90": 1.0,
    "cov_90": 0.7123287916183472,
    "class_cov_90": 1.0,
    "raw_cov_85": 0.760800838470459,
    "sel_acc_85": 0.9813019633293152,
    "reliable_85": 1.0,
    "cov_85": 0.760800838470459,
    "class_cov_85": 1.0,
    "raw_cov_80": 0.7934668064117432,
    "sel_acc_80": 0.9760956168174744,
    "reliable_80": 1.0,
    "cov_80": 0.7934668064117432,
    "class_cov_80": 1.0
  },
  "classification": {
    "train": {
      "split_name": "train",
      "metrics": {
        "loss": 0.018002775128893922,
        "acc": 1.0,
        "nlpd": 0.017795005813241005,
        "ece": 0.017405133694410324,
        "aece": 0.017405076634765853,
        "raw_cov_99": 0.5222772359848022,
        "sel_acc_99": 1.0,
        "reliable_99": 1.0,
        "cov_99": 0.5222772359848022,
        "class_cov_99": 0.9702970297029703,
        "raw_cov_95": 0.9090346693992615,
        "sel_acc_95": 1.0,
        "reliable_95": 1.0,
        "cov_95": 0.9090346693992615,
        "class_cov_95": 1.0,
        "raw_cov_90": 0.9956682920455933,
        "sel_acc_90": 1.0,
        "reliable_90": 1.0,
        "cov_90": 0.9956682920455933,
        "class_cov_90": 1.0,
        "raw_cov_85": 0.9993811845779419,
        "sel_acc_85": 1.0,
        "reliable_85": 1.0,
        "cov_85": 0.9993811845779419,
        "class_cov_85": 1.0,
        "raw_cov_80": 1.0,
        "sel_acc_80": 1.0,
        "reliable_80": 1.0,
        "cov_80": 1.0,
        "class_cov_80": 1.0
      },
      "output_dir": "/root/autodl-tmp/BayesVLM/output/ablate_uatb_full/id/ucf101/UATB_MIN/BAYESADAPTER/logit_scale_frozen/sigpar_0.005/sigperp_0.02/lu0_0/shot_16/seed_1/eval/id/train",
      "metrics_path": "/root/autodl-tmp/BayesVLM/output/ablate_uatb_full/id/ucf101/UATB_MIN/BAYESADAPTER/logit_scale_frozen/sigpar_0.005/sigperp_0.02/lu0_0/shot_16/seed_1/eval/id/train/metrics.json",
      "predictions_pt": "/root/autodl-tmp/BayesVLM/output/ablate_uatb_full/id/ucf101/UATB_MIN/BAYESADAPTER/logit_scale_frozen/sigpar_0.005/sigperp_0.02/lu0_0/shot_16/seed_1/eval/id/train/predictions.pt",
      "predictions_jsonl": "/root/autodl-tmp/BayesVLM/output/ablate_uatb_full/id/ucf101/UATB_MIN/BAYESADAPTER/logit_scale_frozen/sigpar_0.005/sigperp_0.02/lu0_0/shot_16/seed_1/eval/id/train/predictions.jsonl",
      "bins_path": "/root/autodl-tmp/BayesVLM/output/ablate_uatb_full/id/ucf101/UATB_MIN/BAYESADAPTER/logit_scale_frozen/sigpar_0.005/sigperp_0.02/lu0_0/shot_16/seed_1/eval/id/train/calibration_bins.csv",
      "adaptive_bins_path": "/root/autodl-tmp/BayesVLM/output/ablate_uatb_full/id/ucf101/UATB_MIN/BAYESADAPTER/logit_scale_frozen/sigpar_0.005/sigperp_0.02/lu0_0/shot_16/seed_1/eval/id/train/adaptive_calibration_bins.csv",
      "selective_metrics_path": "/root/autodl-tmp/BayesVLM/output/ablate_uatb_full/id/ucf101/UATB_MIN/BAYESADAPTER/logit_scale_frozen/sigpar_0.005/sigperp_0.02/lu0_0/shot_16/seed_1/eval/id/train/selective_metrics.csv"
    },
    "val": {
      "split_name": "val",
      "metrics": {
        "loss": 0.3894155944360948,
        "acc": 0.8898841142654419,
        "nlpd": 0.38845667243003845,
        "ece": 0.014274634420871735,
        "aece": 0.021236239482027464,
        "raw_cov_99": 0.45837724208831787,
        "sel_acc_99": 0.9977011680603027,
        "reliable_99": 1.0,
        "cov_99": 0.45837724208831787,
        "class_cov_99": 0.9207920792079208,
        "raw_cov_95": 0.6290832161903381,
        "sel_acc_95": 0.9882746934890747,
        "reliable_95": 1.0,
        "cov_95": 0.6290832161903381,
        "class_cov_95": 0.9801980198019802,
        "raw_cov_90": 0.711275041103363,
        "sel_acc_90": 0.9844444394111633,
        "reliable_90": 1.0,
        "cov_90": 0.711275041103363,
        "class_cov_90": 1.0,
        "raw_cov_85": 0.7634351849555969,
        "sel_acc_85": 0.9799861907958984,
        "reliable_85": 1.0,
        "cov_85": 0.7634351849555969,
        "class_cov_85": 1.0,
        "raw_cov_80": 0.7929399609565735,
        "sel_acc_80": 0.9754152894020081,
        "reliable_80": 1.0,
        "cov_80": 0.7929399609565735,
        "class_cov_80": 1.0
      },
      "output_dir": "/root/autodl-tmp/BayesVLM/output/ablate_uatb_full/id/ucf101/UATB_MIN/BAYESADAPTER/logit_scale_frozen/sigpar_0.005/sigperp_0.02/lu0_0/shot_16/seed_1/eval/id/val",
      "metrics_path": "/root/autodl-tmp/BayesVLM/output/ablate_uatb_full/id/ucf101/UATB_MIN/BAYESADAPTER/logit_scale_frozen/sigpar_0.005/sigperp_0.02/lu0_0/shot_16/seed_1/eval/id/val/metrics.json",
      "predictions_pt": "/root/autodl-tmp/BayesVLM/output/ablate_uatb_full/id/ucf101/UATB_MIN/BAYESADAPTER/logit_scale_frozen/sigpar_0.005/sigperp_0.02/lu0_0/shot_16/seed_1/eval/id/val/predictions.pt",
      "predictions_jsonl": "/root/autodl-tmp/BayesVLM/output/ablate_uatb_full/id/ucf101/UATB_MIN/BAYESADAPTER/logit_scale_frozen/sigpar_0.005/sigperp_0.02/lu0_0/shot_16/seed_1/eval/id/val/predictions.jsonl",
      "bins_path": "/root/autodl-tmp/BayesVLM/output/ablate_uatb_full/id/ucf101/UATB_MIN/BAYESADAPTER/logit_scale_frozen/sigpar_0.005/sigperp_0.02/lu0_0/shot_16/seed_1/eval/id/val/calibration_bins.csv",
      "adaptive_bins_path": "/root/autodl-tmp/BayesVLM/output/ablate_uatb_full/id/ucf101/UATB_MIN/BAYESADAPTER/logit_scale_frozen/sigpar_0.005/sigperp_0.02/lu0_0/shot_16/seed_1/eval/id/val/adaptive_calibration_bins.csv",
      "selective_metrics_path": "/root/autodl-tmp/BayesVLM/output/ablate_uatb_full/id/ucf101/UATB_MIN/BAYESADAPTER/logit_scale_frozen/sigpar_0.005/sigperp_0.02/lu0_0/shot_16/seed_1/eval/id/val/selective_metrics.csv"
    },
    "test": {
      "split_name": "test",
      "metrics": {
        "loss": 0.6770512997678686,
        "acc": 0.8057097792625427,
        "nlpd": 0.6758044958114624,
        "ece": 0.04748335853219032,
        "aece": 0.04750544621362719,
        "raw_cov_99": 0.40840601921081543,
        "sel_acc_99": 0.9941747784614563,
        "reliable_99": 1.0,
        "cov_99": 0.40840601921081543,
        "class_cov_99": 0.9207920792079208,
        "raw_cov_95": 0.5564367175102234,
        "sel_acc_95": 0.9800475239753723,
        "reliable_95": 1.0,
        "cov_95": 0.5564367175102234,
        "class_cov_95": 1.0,
        "raw_cov_90": 0.6338884234428406,
        "sel_acc_90": 0.963302731513977,
        "reliable_90": 1.0,
        "cov_90": 0.6338884234428406,
        "class_cov_90": 1.0,
        "raw_cov_85": 0.6804123520851135,
        "sel_acc_85": 0.9510489702224731,
        "reliable_85": 1.0,
        "cov_85": 0.6804123520851135,
        "class_cov_85": 1.0,
        "raw_cov_80": 0.7121332287788391,
        "sel_acc_80": 0.9394951462745667,
        "reliable_80": 1.0,
        "cov_80": 0.7121332287788391,
        "class_cov_80": 1.0
      },
      "output_dir": "/root/autodl-tmp/BayesVLM/output/ablate_uatb_full/id/ucf101/UATB_MIN/BAYESADAPTER/logit_scale_frozen/sigpar_0.005/sigperp_0.02/lu0_0/shot_16/seed_1/eval/id/test",
      "metrics_path": "/root/autodl-tmp/BayesVLM/output/ablate_uatb_full/id/ucf101/UATB_MIN/BAYESADAPTER/logit_scale_frozen/sigpar_0.005/sigperp_0.02/lu0_0/shot_16/seed_1/eval/id/test/metrics.json",