{
  "family": "vlm_adapter",
  "variant": "UATB_MIN",
  "protocol": "id",
  "dataset": "ucf101",
  "seed": 1,
  "model_selection": "last",
  "selection_metric": "acc",
  "selection_mode": "max",
  "best_epoch": 141,
  "best_val_metrics_saved": {
    "loss": 0.9424310324691998,
    "acc": 0.7334035634994507,
    "nlpd": 0.9407947659492493,
    "ece": 0.05538396164774895,
    "aece": 0.05475474185888332,
    "raw_cov_99": 0.24236038327217102,
    "sel_acc_99": 0.997826099395752,
    "reliable_99": 1.0,
    "cov_99": 0.24236038327217102,
    "class_cov_99": 0.693069306930693,
    "raw_cov_95": 0.40885141491889954,
    "sel_acc_95": 0.9768041372299194,
    "reliable_95": 1.0,
    "cov_95": 0.40885141491889954,
    "class_cov_95": 0.8910891089108911,
    "raw_cov_90": 0.48788198828697205,
    "sel_acc_90": 0.9622030258178711,
    "reliable_90": 1.0,
    "cov_90": 0.48788198828697205,
    "class_cov_90": 0.9702970297029703,
    "raw_cov_85": 0.5416227579116821,
    "sel_acc_85": 0.9474708437919617,
    "reliable_85": 1.0,
    "cov_85": 0.5416227579116821,
    "class_cov_85": 0.9900990099009901,
    "raw_cov_80": 0.5895679593086243,
    "sel_acc_80": 0.9258266091346741,
    "reliable_80": 1.0,
    "cov_80": 0.5895679593086243,
    "class_cov_80": 1.0
  },
  "last_epoch": 300,
  "last_val_metrics_saved": {
    "loss": 0.9446940857944549,
    "acc": 0.7302423715591431,
    "nlpd": 0.9430744051933289,
    "ece": 0.0592595674097538,
    "aece": 0.059932665936688105,
    "raw_cov_99": 0.24868282675743103,
    "sel_acc_99": 0.9978813529014587,
    "reliable_99": 1.0,
    "cov_99": 0.24868282675743103,
    "class_cov_99": 0.7128712871287128,
    "raw_cov_95": 0.4114857614040375,
    "sel_acc_95": 0.97567218542099,
    "reliable_95": 1.0,
    "cov_95": 0.4114857614040375,
    "class_cov_95": 0.900990099009901,
    "raw_cov_90": 0.4899894595146179,
    "sel_acc_90": 0.9623655676841736,
    "reliable_90": 1.0,
    "cov_90": 0.4899894595146179,
    "class_cov_90": 0.9702970297029703,
    "raw_cov_85": 0.5437302589416504,
    "sel_acc_85": 0.9457364082336426,
    "reliable_85": 1.0,
    "cov_85": 0.5437302589416504,
    "class_cov_85": 0.9900990099009901,
    "raw_cov_80": 0.5927292108535767,
    "sel_acc_80": 0.9244444370269775,
    "reliable_80": 1.0,
    "cov_80": 0.5927292108535767,
    "class_cov_80": 1.0
  },
  "run_dir": "/root/autodl-tmp/BayesVLM/output/ablate_uatb_unc_only/id/ucf101/UATB_MIN/BAYESADAPTER/logit_scale_frozen/sigpar_0.01/sigperp_0.01/lu0_0.01/shot_1/seed_1",
  "elapsed_seconds": 29.19,
  "artifacts": {
    "log_file": "train/train.log",
    "config_file": "config/config.json",
    "class_names_file": "config/class_names.json",
    "metrics_csv_file": "train/metrics_history.csv",
    "best_ckpt_file": "checkpoints/best_adapter.pt",
    "last_ckpt_file": "checkpoints/last_adapter.pt"
  }
}