{
  "loss": 0.018052644437492483,
  "acc": 1.0,
  "nlpd": 0.017845945432782173,
  "ece": 0.01743127964437008,
  "aece": 0.01743132185817945,
  "raw_cov_99": 0.5266088843345642,
  "sel_acc_99": 1.0,
  "reliable_99": 1.0,
  "cov_99": 0.5266088843345642,
  "class_cov_99": 0.9900990099009901,
  "raw_cov_95": 0.9121286869049072,
  "sel_acc_95": 1.0,
  "reliable_95": 1.0,
  "cov_95": 0.9121286869049072,
  "class_cov_95": 1.0,
  "raw_cov_90": 0.9931930899620056,
  "sel_acc_90": 1.0,
  "reliable_90": 1.0,
  "cov_90": 0.9931930899620056,
  "class_cov_90": 1.0,
  "raw_cov_85": 0.9981435537338257,
  "sel_acc_85": 1.0,
  "reliable_85": 1.0,
  "cov_85": 0.9981435537338257,
  "class_cov_85": 1.0,
  "raw_cov_80": 1.0,
  "sel_acc_80": 1.0,
  "reliable_80": 1.0,
  "cov_80": 1.0,
  "class_cov_80": 1.0
}