threshold,selected_count,raw_coverage,selected_accuracy,reliable,coverage,covered_classes,classwise_coverage
0.99,848,0.5247524976730347,1.0,True,0.5247524976730347,100,0.9900990099009901
0.95,1475,0.9127475023269653,1.0,True,0.9127475023269653,101,1.0
0.9,1603,0.9919554591178894,1.0,True,0.9919554591178894,101,1.0
0.85,1613,0.9981435537338257,1.0,True,0.9981435537338257,101,1.0
0.8,1616,1.0,1.0,True,1.0,101,1.0
