{
  "family": "vlm_adapter",
  "variant": "UATB_MIN",
  "protocol": "id",
  "dataset": "ucf101",
  "seed": 3,
  "model_selection": "last",
  "selection_metric": "acc",
  "selection_mode": "max",
  "best_epoch": 202,
  "best_val_metrics_saved": {
    "loss": 0.7112733782656703,
    "acc": 0.795047402381897,
    "nlpd": 0.7098051905632019,
    "ece": 0.03988031670451164,
    "aece": 0.03995278238998951,
    "raw_cov_99": 0.3361433148384094,
    "sel_acc_99": 0.9968652129173279,
    "reliable_99": 1.0,
    "cov_99": 0.3361433148384094,
    "class_cov_99": 0.8118811881188119,
    "raw_cov_95": 0.5147523880004883,
    "sel_acc_95": 0.9825997948646545,
    "reliable_95": 1.0,
    "cov_95": 0.5147523880004883,
    "class_cov_95": 0.9801980198019802,
    "raw_cov_90": 0.5916754603385925,
    "sel_acc_90": 0.9697239398956299,
    "reliable_90": 1.0,
    "cov_90": 0.5916754603385925,
    "class_cov_90": 0.9900990099009901,
    "raw_cov_85": 0.6475237011909485,
    "sel_acc_85": 0.9585028290748596,
    "reliable_85": 1.0,
    "cov_85": 0.6475237011909485,
    "class_cov_85": 0.9900990099009901,
    "raw_cov_80": 0.6975764036178589,
    "sel_acc_80": 0.9418429136276245,
    "reliable_80": 1.0,
    "cov_80": 0.6975764036178589,
    "class_cov_80": 1.0
  },
  "last_epoch": 300,
  "last_val_metrics_saved": {
    "loss": 0.713808378253772,
    "acc": 0.7934668064117432,
    "nlpd": 0.7123141884803772,
    "ece": 0.04170112684369087,
    "aece": 0.042237412094190574,
    "raw_cov_99": 0.33772391080856323,
    "sel_acc_99": 0.9968798756599426,
    "reliable_99": 1.0,
    "cov_99": 0.33772391080856323,
    "class_cov_99": 0.8217821782178217,
    "raw_cov_95": 0.5168598294258118,
    "sel_acc_95": 0.9816513657569885,
    "reliable_95": 1.0,
    "cov_95": 0.5168598294258118,
    "class_cov_95": 0.9801980198019802,
    "raw_cov_90": 0.5943098068237305,
    "sel_acc_90": 0.9680851101875305,
    "reliable_90": 1.0,
    "cov_90": 0.5943098068237305,
    "class_cov_90": 0.9900990099009901,
    "raw_cov_85": 0.6454162001609802,
    "sel_acc_85": 0.9591836929321289,
    "reliable_85": 1.0,
    "cov_85": 0.6454162001609802,
    "class_cov_85": 0.9900990099009901,
    "raw_cov_80": 0.7007375955581665,
    "sel_acc_80": 0.9406015276908875,
    "reliable_80": 1.0,
    "cov_80": 0.7007375955581665,
    "class_cov_80": 1.0
  },
  "run_dir": "/root/autodl-tmp/BayesVLM/output/ablate_uatb_aniso_only/id/ucf101/UATB_MIN/BAYESADAPTER/logit_scale_frozen/sigpar_0.005/sigperp_0.02/lu0_0/shot_4/seed_3",
  "elapsed_seconds": 32.15,
  "artifacts": {
    "log_file": "train/train.log",
    "config_file": "config/config.json",
    "class_names_file": "config/class_names.json",
    "metrics_csv_file": "train/metrics_history.csv",
    "best_ckpt_file": "checkpoints/best_adapter.pt",
    "last_ckpt_file": "checkpoints/last_adapter.pt"
  }
}