{
  "loss": 0.016705913469195366,
  "acc": 1.0,
  "nlpd": 0.016506290063261986,
  "ece": 0.01624561846256256,
  "aece": 0.016245594119081403,
  "raw_cov_99": 0.3910891115665436,
  "sel_acc_99": 1.0,
  "reliable_99": 1.0,
  "cov_99": 0.3910891115665436,
  "class_cov_99": 0.5643564356435643,
  "raw_cov_95": 0.9653465151786804,
  "sel_acc_95": 1.0,
  "reliable_95": 1.0,
  "cov_95": 0.9653465151786804,
  "class_cov_95": 0.9900990099009901,
  "raw_cov_90": 0.9950494766235352,
  "sel_acc_90": 1.0,
  "reliable_90": 1.0,
  "cov_90": 0.9950494766235352,
  "class_cov_90": 1.0,
  "raw_cov_85": 1.0,
  "sel_acc_85": 1.0,
  "reliable_85": 1.0,
  "cov_85": 1.0,
  "class_cov_85": 1.0,
  "raw_cov_80": 1.0,
  "sel_acc_80": 1.0,
  "reliable_80": 1.0,
  "cov_80": 1.0,
  "class_cov_80": 1.0
}