{
  "family": "vlm_adapter",
  "variant": "UATB_MIN",
  "protocol": "id",
  "dataset": "ucf101",
  "seed": 3,
  "evaluation_tasks": [
    "classification"
  ],
  "model_selection": "last",
  "selected_checkpoint": "last",
  "selected_epoch": 300,
  "selected_val_metrics": {
    "loss": 0.4036631350522298,
    "acc": 0.8756585717201233,
    "nlpd": 0.402710884809494,
    "ece": 0.019617145881056786,
    "aece": 0.01712347898392833,
    "raw_cov_99": 0.4515279233455658,
    "sel_acc_99": 0.9976662993431091,
    "reliable_99": 1.0,
    "cov_99": 0.4515279233455658,
    "class_cov_99": 0.9306930693069307,
    "raw_cov_95": 0.6412012577056885,
    "sel_acc_95": 0.9876745939254761,
    "reliable_95": 1.0,
    "cov_95": 0.6412012577056885,
    "class_cov_95": 0.9900990099009901,
    "raw_cov_90": 0.7165437340736389,
    "sel_acc_90": 0.9779411554336548,
    "reliable_90": 1.0,
    "cov_90": 0.7165437340736389,
    "class_cov_90": 1.0,
    "raw_cov_85": 0.767123281955719,
    "sel_acc_85": 0.9697802066802979,
    "reliable_85": 1.0,
    "cov_85": 0.767123281955719,
    "class_cov_85": 1.0,
    "raw_cov_80": 0.8034773468971252,
    "sel_acc_80": 0.9613114595413208,
    "reliable_80": 1.0,
    "cov_80": 0.8034773468971252,
    "class_cov_80": 1.0
  },
  "classification": {
    "train": {
      "split_name": "train",
      "metrics": {
        "loss": 0.020885393373889498,
        "acc": 1.0,
        "nlpd": 0.02066655270755291,
        "ece": 0.020125675946474075,
        "aece": 0.0201256737703144,
        "raw_cov_99": 0.49504950642585754,
        "sel_acc_99": 1.0,
        "reliable_99": 1.0,
        "cov_99": 0.49504950642585754,
        "class_cov_99": 0.9306930693069307,
        "raw_cov_95": 0.8774752616882324,
        "sel_acc_95": 1.0,
        "reliable_95": 1.0,
        "cov_95": 0.8774752616882324,
        "class_cov_95": 1.0,
        "raw_cov_90": 0.9863861203193665,
        "sel_acc_90": 1.0,
        "reliable_90": 1.0,
        "cov_90": 0.9863861203193665,
        "class_cov_90": 1.0,
        "raw_cov_85": 0.9987623691558838,
        "sel_acc_85": 1.0,
        "reliable_85": 1.0,
        "cov_85": 0.9987623691558838,
        "class_cov_85": 1.0,
        "raw_cov_80": 0.9993811845779419,
        "sel_acc_80": 1.0,
        "reliable_80": 1.0,
        "cov_80": 0.9993811845779419,
        "class_cov_80": 1.0
      },
      "output_dir": "/root/autodl-tmp/BayesVLM/output/ablate_uatb_unc_only/id/ucf101/UATB_MIN/BAYESADAPTER/logit_scale_frozen/sigpar_0.01/sigperp_0.01/lu0_0.01/shot_16/seed_3/eval/id/train",
      "metrics_path": "/root/autodl-tmp/BayesVLM/output/ablate_uatb_unc_only/id/ucf101/UATB_MIN/BAYESADAPTER/logit_scale_frozen/sigpar_0.01/sigperp_0.01/lu0_0.01/shot_16/seed_3/eval/id/train/metrics.json",
      "predictions_pt": "/root/autodl-tmp/BayesVLM/output/ablate_uatb_unc_only/id/ucf101/UATB_MIN/BAYESADAPTER/logit_scale_frozen/sigpar_0.01/sigperp_0.01/lu0_0.01/shot_16/seed_3/eval/id/train/predictions.pt",
      "predictions_jsonl": "/root/autodl-tmp/BayesVLM/output/ablate_uatb_unc_only/id/ucf101/UATB_MIN/BAYESADAPTER/logit_scale_frozen/sigpar_0.01/sigperp_0.01/lu0_0.01/shot_16/seed_3/eval/id/train/predictions.jsonl",
      "bins_path": "/root/autodl-tmp/BayesVLM/output/ablate_uatb_unc_only/id/ucf101/UATB_MIN/BAYESADAPTER/logit_scale_frozen/sigpar_0.01/sigperp_0.01/lu0_0.01/shot_16/seed_3/eval/id/train/calibration_bins.csv",
      "adaptive_bins_path": "/root/autodl-tmp/BayesVLM/output/ablate_uatb_unc_only/id/ucf101/UATB_MIN/BAYESADAPTER/logit_scale_frozen/sigpar_0.01/sigperp_0.01/lu0_0.01/shot_16/seed_3/eval/id/train/adaptive_calibration_bins.csv",
      "selective_metrics_path": "/root/autodl-tmp/BayesVLM/output/ablate_uatb_unc_only/id/ucf101/UATB_MIN/BAYESADAPTER/logit_scale_frozen/sigpar_0.01/sigperp_0.01/lu0_0.01/shot_16/seed_3/eval/id/train/selective_metrics.csv"
    },
    "val": {
      "split_name": "val",
      "metrics": {
        "loss": 0.40433570670378094,
        "acc": 0.8735511302947998,
        "nlpd": 0.4034223258495331,
        "ece": 0.02033892832696438,
        "aece": 0.019365908065761727,
        "raw_cov_99": 0.44731295108795166,
        "sel_acc_99": 0.9988221526145935,
        "reliable_99": 1.0,
        "cov_99": 0.44731295108795166,
        "class_cov_99": 0.9306930693069307,
        "raw_cov_95": 0.6380400657653809,
        "sel_acc_95": 0.9876135587692261,
        "reliable_95": 1.0,
        "cov_95": 0.6380400657653809,
        "class_cov_95": 0.9900990099009901,
        "raw_cov_90": 0.717597484588623,
        "sel_acc_90": 0.9765051603317261,
        "reliable_90": 1.0,
        "cov_90": 0.717597484588623,
        "class_cov_90": 1.0,
        "raw_cov_85": 0.7665964365005493,
        "sel_acc_85": 0.9704467058181763,
        "reliable_85": 1.0,
        "cov_85": 0.7665964365005493,
        "class_cov_85": 1.0,
        "raw_cov_80": 0.805057942867279,
        "sel_acc_80": 0.9613874554634094,
        "reliable_80": 1.0,
        "cov_80": 0.805057942867279,
        "class_cov_80": 1.0
      },
      "output_dir": "/root/autodl-tmp/BayesVLM/output/ablate_uatb_unc_only/id/ucf101/UATB_MIN/BAYESADAPTER/logit_scale_frozen/sigpar_0.01/sigperp_0.01/lu0_0.01/shot_16/seed_3/eval/id/val",
      "metrics_path": "/root/autodl-tmp/BayesVLM/output/ablate_uatb_unc_only/id/ucf101/UATB_MIN/BAYESADAPTER/logit_scale_frozen/sigpar_0.01/sigperp_0.01/lu0_0.01/shot_16/seed_3/eval/id/val/metrics.json",
      "predictions_pt": "/root/autodl-tmp/BayesVLM/output/ablate_uatb_unc_only/id/ucf101/UATB_MIN/BAYESADAPTER/logit_scale_frozen/sigpar_0.01/sigperp_0.01/lu0_0.01/shot_16/seed_3/eval/id/val/predictions.pt",
      "predictions_jsonl": "/root/autodl-tmp/BayesVLM/output/ablate_uatb_unc_only/id/ucf101/UATB_MIN/BAYESADAPTER/logit_scale_frozen/sigpar_0.01/sigperp_0.01/lu0_0.01/shot_16/seed_3/eval/id/val/predictions.jsonl",
      "bins_path": "/root/autodl-tmp/BayesVLM/output/ablate_uatb_unc_only/id/ucf101/UATB_MIN/BAYESADAPTER/logit_scale_frozen/sigpar_0.01/sigperp_0.01/lu0_0.01/shot_16/seed_3/eval/id/val/calibration_bins.csv",
      "adaptive_bins_path": "/root/autodl-tmp/BayesVLM/output/ablate_uatb_unc_only/id/ucf101/UATB_MIN/BAYESADAPTER/logit_scale_frozen/sigpar_0.01/sigperp_0.01/lu0_0.01/shot_16/seed_3/eval/id/val/adaptive_calibration_bins.csv",
      "selective_metrics_path": "/root/autodl-tmp/BayesVLM/output/ablate_uatb_unc_only/id/ucf101/UATB_MIN/BAYESADAPTER/logit_scale_frozen/sigpar_0.01/sigperp_0.01/lu0_0.01/shot_16/seed_3/eval/id/val/selective_metrics.csv"
    },
    "test": {
      "split_name": "test",
      "metrics": {
        "loss": 0.6524181637126177,
        "acc": 0.8123182654380798,
        "nlpd": 0.651214063167572,
        "ece": 0.043031878769397736,
        "aece": 0.04083014585465754,
        "raw_cov_99": 0.3986254334449768,
        "sel_acc_99": 0.9960212111473083,
        "reliable_99": 1.0,
        "cov_99": 0.3986254334449768,
        "class_cov_99": 0.8811881188118812,
        "raw_cov_95": 0.5582870841026306,
        "sel_acc_95": 0.9796401262283325,
        "reliable_95": 1.0,
        "cov_95": 0.5582870841026306,
        "class_cov_95": 1.0,
        "raw_cov_90": 0.6333597898483276,
        "sel_acc_90": 0.965776264667511,
        "reliable_90": 1.0,
        "cov_90": 0.6333597898483276,
        "class_cov_90": 1.0,
        "raw_cov_85": 0.6812053918838501,
        "sel_acc_85": 0.9542103409767151,
        "reliable_85": 1.0,
        "cov_85": 0.6812053918838501,
        "class_cov_85": 1.0,
        "raw_cov_80": 0.716891348361969,
        "sel_acc_80": 0.9406341910362244,
        "reliable_80": 1.0,
        "cov_80": 0.716891348361969,
        "class_cov_80": 1.0
      },
      "output_dir": "/root/autodl-tmp/BayesVLM/output/ablate_uatb_unc_only/id/ucf101/UATB_MIN/BAYESADAPTER/logit_scale_frozen/sigpar_0.01/sigperp_0.01/lu0_0.01/shot_16/seed_3/eval/id/test",