{
  "loss": 0.015434316359460354,
  "acc": 1.0,
  "nlpd": 0.015259474515914917,
  "ece": 0.015075981616973877,
  "aece": 0.015076064532346065,
  "raw_cov_99": 0.41584157943725586,
  "sel_acc_99": 1.0,
  "reliable_99": 1.0,
  "cov_99": 0.41584157943725586,
  "class_cov_99": 0.6039603960396039,
  "raw_cov_95": 0.9900990128517151,
  "sel_acc_95": 1.0,
  "reliable_95": 1.0,
  "cov_95": 0.9900990128517151,
  "class_cov_95": 1.0,
  "raw_cov_90": 1.0,
  "sel_acc_90": 1.0,
  "reliable_90": 1.0,
  "cov_90": 1.0,
  "class_cov_90": 1.0,
  "raw_cov_85": 1.0,
  "sel_acc_85": 1.0,
  "reliable_85": 1.0,
  "cov_85": 1.0,
  "class_cov_85": 1.0,
  "raw_cov_80": 1.0,
  "sel_acc_80": 1.0,
  "reliable_80": 1.0,
  "cov_80": 1.0,
  "class_cov_80": 1.0
}