{
  "family": "vlm_adapter",
  "variant": "UATB_MIN",
  "protocol": "id",
  "dataset": "ucf101",
  "seed": 2,
  "evaluation_tasks": [
    "classification"
  ],
  "model_selection": "last",
  "selected_checkpoint": "last",
  "selected_epoch": 300,
  "selected_val_metrics": {
    "loss": 0.8912181388213838,
    "acc": 0.7665964365005493,
    "nlpd": 0.8896391987800598,
    "ece": 0.05237594619393349,
    "aece": 0.05233679204645347,
    "raw_cov_99": 0.28714436292648315,
    "sel_acc_99": 0.988990843296051,
    "reliable_99": 0.0,
    "cov_99": 0.0,
    "class_cov_99": 0.0,
    "raw_cov_95": 0.4773445725440979,
    "sel_acc_95": 0.9735099077224731,
    "reliable_95": 1.0,
    "cov_95": 0.4773445725440979,
    "class_cov_95": 0.9207920792079208,
    "raw_cov_90": 0.549525797367096,
    "sel_acc_90": 0.9587727785110474,
    "reliable_90": 1.0,
    "cov_90": 0.549525797367096,
    "class_cov_90": 0.9702970297029703,
    "raw_cov_85": 0.6059009432792664,
    "sel_acc_85": 0.9443477988243103,
    "reliable_85": 1.0,
    "cov_85": 0.6059009432792664,
    "class_cov_85": 0.9900990099009901,
    "raw_cov_80": 0.6596417427062988,
    "sel_acc_80": 0.9233226776123047,
    "reliable_80": 1.0,
    "cov_80": 0.6596417427062988,
    "class_cov_80": 1.0
  },
  "classification": {
    "train": {
      "split_name": "train",
      "metrics": {
        "loss": 0.01516523864120245,
        "acc": 1.0,
        "nlpd": 0.01496990118175745,
        "ece": 0.01475994661450386,
        "aece": 0.014760005001974578,
        "raw_cov_99": 0.4009900987148285,
        "sel_acc_99": 1.0,
        "reliable_99": 1.0,
        "cov_99": 0.4009900987148285,
        "class_cov_99": 0.5742574257425742,
        "raw_cov_95": 0.9801980257034302,
        "sel_acc_95": 1.0,
        "reliable_95": 1.0,
        "cov_95": 0.9801980257034302,
        "class_cov_95": 0.9900990099009901,
        "raw_cov_90": 0.9950494766235352,
        "sel_acc_90": 1.0,
        "reliable_90": 1.0,
        "cov_90": 0.9950494766235352,
        "class_cov_90": 1.0,
        "raw_cov_85": 1.0,
        "sel_acc_85": 1.0,
        "reliable_85": 1.0,
        "cov_85": 1.0,
        "class_cov_85": 1.0,
        "raw_cov_80": 1.0,
        "sel_acc_80": 1.0,
        "reliable_80": 1.0,
        "cov_80": 1.0,
        "class_cov_80": 1.0
      },
      "output_dir": "/root/autodl-tmp/BayesVLM/output/ablate_uatb_full/id/ucf101/UATB_MIN/BAYESADAPTER/logit_scale_frozen/sigpar_0.005/sigperp_0.02/lu0_0/shot_2/seed_2/eval/id/train",
      "metrics_path": "/root/autodl-tmp/BayesVLM/output/ablate_uatb_full/id/ucf101/UATB_MIN/BAYESADAPTER/logit_scale_frozen/sigpar_0.005/sigperp_0.02/lu0_0/shot_2/seed_2/eval/id/train/metrics.json",
      "predictions_pt": "/root/autodl-tmp/BayesVLM/output/ablate_uatb_full/id/ucf101/UATB_MIN/BAYESADAPTER/logit_scale_frozen/sigpar_0.005/sigperp_0.02/lu0_0/shot_2/seed_2/eval/id/train/predictions.pt",
      "predictions_jsonl": "/root/autodl-tmp/BayesVLM/output/ablate_uatb_full/id/ucf101/UATB_MIN/BAYESADAPTER/logit_scale_frozen/sigpar_0.005/sigperp_0.02/lu0_0/shot_2/seed_2/eval/id/train/predictions.jsonl",
      "bins_path": "/root/autodl-tmp/BayesVLM/output/ablate_uatb_full/id/ucf101/UATB_MIN/BAYESADAPTER/logit_scale_frozen/sigpar_0.005/sigperp_0.02/lu0_0/shot_2/seed_2/eval/id/train/calibration_bins.csv",
      "adaptive_bins_path": "/root/autodl-tmp/BayesVLM/output/ablate_uatb_full/id/ucf101/UATB_MIN/BAYESADAPTER/logit_scale_frozen/sigpar_0.005/sigperp_0.02/lu0_0/shot_2/seed_2/eval/id/train/adaptive_calibration_bins.csv",
      "selective_metrics_path": "/root/autodl-tmp/BayesVLM/output/ablate_uatb_full/id/ucf101/UATB_MIN/BAYESADAPTER/logit_scale_frozen/sigpar_0.005/sigperp_0.02/lu0_0/shot_2/seed_2/eval/id/train/selective_metrics.csv"
    },
    "val": {
      "split_name": "val",
      "metrics": {
        "loss": 0.8930205347917354,
        "acc": 0.7665964365005493,
        "nlpd": 0.8913898468017578,
        "ece": 0.052340149879455566,
        "aece": 0.052285884089917106,
        "raw_cov_99": 0.2876712381839752,
        "sel_acc_99": 0.9890109896659851,
        "reliable_99": 0.0,
        "cov_99": 0.0,
        "class_cov_99": 0.0,
        "raw_cov_95": 0.47839832305908203,
        "sel_acc_95": 0.9724669456481934,
        "reliable_95": 1.0,
        "cov_95": 0.47839832305908203,
        "class_cov_95": 0.9207920792079208,
        "raw_cov_90": 0.5500527024269104,
        "sel_acc_90": 0.959770143032074,
        "reliable_90": 1.0,
        "cov_90": 0.5500527024269104,
        "class_cov_90": 0.9702970297029703,
        "raw_cov_85": 0.6048471927642822,
        "sel_acc_85": 0.9442508816719055,
        "reliable_85": 1.0,
        "cov_85": 0.6048471927642822,
        "class_cov_85": 0.9900990099009901,
        "raw_cov_80": 0.660695493221283,
        "sel_acc_80": 0.9226475358009338,
        "reliable_80": 1.0,
        "cov_80": 0.660695493221283,
        "class_cov_80": 1.0
      },
      "output_dir": "/root/autodl-tmp/BayesVLM/output/ablate_uatb_full/id/ucf101/UATB_MIN/BAYESADAPTER/logit_scale_frozen/sigpar_0.005/sigperp_0.02/lu0_0/shot_2/seed_2/eval/id/val",
      "metrics_path": "/root/autodl-tmp/BayesVLM/output/ablate_uatb_full/id/ucf101/UATB_MIN/BAYESADAPTER/logit_scale_frozen/sigpar_0.005/sigperp_0.02/lu0_0/shot_2/seed_2/eval/id/val/metrics.json",
      "predictions_pt": "/root/autodl-tmp/BayesVLM/output/ablate_uatb_full/id/ucf101/UATB_MIN/BAYESADAPTER/logit_scale_frozen/sigpar_0.005/sigperp_0.02/lu0_0/shot_2/seed_2/eval/id/val/predictions.pt",
      "predictions_jsonl": "/root/autodl-tmp/BayesVLM/output/ablate_uatb_full/id/ucf101/UATB_MIN/BAYESADAPTER/logit_scale_frozen/sigpar_0.005/sigperp_0.02/lu0_0/shot_2/seed_2/eval/id/val/predictions.jsonl",
      "bins_path": "/root/autodl-tmp/BayesVLM/output/ablate_uatb_full/id/ucf101/UATB_MIN/BAYESADAPTER/logit_scale_frozen/sigpar_0.005/sigperp_0.02/lu0_0/shot_2/seed_2/eval/id/val/calibration_bins.csv",
      "adaptive_bins_path": "/root/autodl-tmp/BayesVLM/output/ablate_uatb_full/id/ucf101/UATB_MIN/BAYESADAPTER/logit_scale_frozen/sigpar_0.005/sigperp_0.02/lu0_0/shot_2/seed_2/eval/id/val/adaptive_calibration_bins.csv",
      "selective_metrics_path": "/root/autodl-tmp/BayesVLM/output/ablate_uatb_full/id/ucf101/UATB_MIN/BAYESADAPTER/logit_scale_frozen/sigpar_0.005/sigperp_0.02/lu0_0/shot_2/seed_2/eval/id/val/selective_metrics.csv"
    },
    "test": {
      "split_name": "test",
      "metrics": {
        "loss": 0.9336580697928601,
        "acc": 0.7427967190742493,
        "nlpd": 0.931978166103363,
        "ece": 0.06170329824090004,
        "aece": 0.06178031620716501,
        "raw_cov_99": 0.29156753420829773,
        "sel_acc_99": 0.9836808443069458,
        "reliable_99": 0.0,
        "cov_99": 0.0,
        "class_cov_99": 0.0,
        "raw_cov_95": 0.4454136788845062,
        "sel_acc_95": 0.9614243507385254,
        "reliable_95": 1.0,
        "cov_95": 0.4454136788845062,
        "class_cov_95": 0.9603960396039604,
        "raw_cov_90": 0.5305313467979431,
        "sel_acc_90": 0.9476830959320068,
        "reliable_90": 1.0,
        "cov_90": 0.5305313467979431,
        "class_cov_90": 0.9801980198019802,
        "raw_cov_85": 0.5865715146064758,
        "sel_acc_85": 0.9360072016716003,
        "reliable_85": 1.0,
        "cov_85": 0.5865715146064758,
        "class_cov_85": 1.0,
        "raw_cov_80": 0.6317737102508545,
        "sel_acc_80": 0.9246861934661865,
        "reliable_80": 1.0,
        "cov_80": 0.6317737102508545,
        "class_cov_80": 1.0
      },
      "output_dir": "/root/autodl-tmp/BayesVLM/output/ablate_uatb_full/id/ucf101/UATB_MIN/BAYESADAPTER/logit_scale_frozen/sigpar_0.005/sigperp_0.02/lu0_0/shot_2/seed_2/eval/id/test",
      "metrics_path": "/root/autodl-tmp/BayesVLM/output/ablate_uatb_full/id/ucf101/UATB_MIN/BAYESADAPTER/logit_scale_frozen/sigpar_0.005/sigperp_0.02/lu0_0/shot_2/seed_2/eval/id/test/metrics.json",