{
  "family": "vlm_adapter",
  "variant": "UATB_MIN",
  "protocol": "id",
  "dataset": "ucf101",
  "seed": 3,
  "evaluation_tasks": [
    "classification"
  ],
  "model_selection": "last",
  "selected_checkpoint": "last",
  "selected_epoch": 300,
  "selected_val_metrics": {
    "loss": 0.40102092942146406,
    "acc": 0.8751317262649536,
    "nlpd": 0.4001093804836273,
    "ece": 0.023709088563919067,
    "aece": 0.020677639699459585,
    "raw_cov_99": 0.46364593505859375,
    "sel_acc_99": 0.9977272748947144,
    "reliable_99": 1.0,
    "cov_99": 0.46364593505859375,
    "class_cov_99": 0.9405940594059405,
    "raw_cov_95": 0.6496312022209167,
    "sel_acc_95": 0.9862124919891357,
    "reliable_95": 1.0,
    "cov_95": 0.6496312022209167,
    "class_cov_95": 1.0,
    "raw_cov_90": 0.7218124270439148,
    "sel_acc_90": 0.9773722887039185,
    "reliable_90": 1.0,
    "cov_90": 0.7218124270439148,
    "class_cov_90": 1.0,
    "raw_cov_85": 0.7755532264709473,
    "sel_acc_85": 0.96875,
    "reliable_85": 1.0,
    "cov_85": 0.7755532264709473,
    "class_cov_85": 1.0,
    "raw_cov_80": 0.8092729449272156,
    "sel_acc_80": 0.9602864384651184,
    "reliable_80": 1.0,
    "cov_80": 0.8092729449272156,
    "class_cov_80": 1.0
  },
  "classification": {
    "train": {
      "split_name": "train",
      "metrics": {
        "loss": 0.017574724400102503,
        "acc": 1.0,
        "nlpd": 0.017391525208950043,
        "ece": 0.01700727641582489,
        "aece": 0.017007212901469504,
        "raw_cov_99": 0.5253713130950928,
        "sel_acc_99": 1.0,
        "reliable_99": 1.0,
        "cov_99": 0.5253713130950928,
        "class_cov_99": 0.9504950495049505,
        "raw_cov_95": 0.9133663177490234,
        "sel_acc_95": 1.0,
        "reliable_95": 1.0,
        "cov_95": 0.9133663177490234,
        "class_cov_95": 1.0,
        "raw_cov_90": 0.9931930899620056,
        "sel_acc_90": 1.0,
        "reliable_90": 1.0,
        "cov_90": 0.9931930899620056,
        "class_cov_90": 1.0,
        "raw_cov_85": 0.9993811845779419,
        "sel_acc_85": 1.0,
        "reliable_85": 1.0,
        "cov_85": 0.9993811845779419,
        "class_cov_85": 1.0,
        "raw_cov_80": 1.0,
        "sel_acc_80": 1.0,
        "reliable_80": 1.0,
        "cov_80": 1.0,
        "class_cov_80": 1.0
      },
      "output_dir": "/root/autodl-tmp/BayesVLM/output/ablate_uatb_full/id/ucf101/UATB_MIN/BAYESADAPTER/logit_scale_frozen/sigpar_0.005/sigperp_0.02/lu0_0.01/shot_16/seed_3/eval/id/train",
      "metrics_path": "/root/autodl-tmp/BayesVLM/output/ablate_uatb_full/id/ucf101/UATB_MIN/BAYESADAPTER/logit_scale_frozen/sigpar_0.005/sigperp_0.02/lu0_0.01/shot_16/seed_3/eval/id/train/metrics.json",
      "predictions_pt": "/root/autodl-tmp/BayesVLM/output/ablate_uatb_full/id/ucf101/UATB_MIN/BAYESADAPTER/logit_scale_frozen/sigpar_0.005/sigperp_0.02/lu0_0.01/shot_16/seed_3/eval/id/train/predictions.pt",
      "predictions_jsonl": "/root/autodl-tmp/BayesVLM/output/ablate_uatb_full/id/ucf101/UATB_MIN/BAYESADAPTER/logit_scale_frozen/sigpar_0.005/sigperp_0.02/lu0_0.01/shot_16/seed_3/eval/id/train/predictions.jsonl",
      "bins_path": "/root/autodl-tmp/BayesVLM/output/ablate_uatb_full/id/ucf101/UATB_MIN/BAYESADAPTER/logit_scale_frozen/sigpar_0.005/sigperp_0.02/lu0_0.01/shot_16/seed_3/eval/id/train/calibration_bins.csv",
      "adaptive_bins_path": "/root/autodl-tmp/BayesVLM/output/ablate_uatb_full/id/ucf101/UATB_MIN/BAYESADAPTER/logit_scale_frozen/sigpar_0.005/sigperp_0.02/lu0_0.01/shot_16/seed_3/eval/id/train/adaptive_calibration_bins.csv",
      "selective_metrics_path": "/root/autodl-tmp/BayesVLM/output/ablate_uatb_full/id/ucf101/UATB_MIN/BAYESADAPTER/logit_scale_frozen/sigpar_0.005/sigperp_0.02/lu0_0.01/shot_16/seed_3/eval/id/train/selective_metrics.csv"
    },
    "val": {
      "split_name": "val",
      "metrics": {
        "loss": 0.40167283798294146,
        "acc": 0.8735511302947998,
        "nlpd": 0.40080055594444275,
        "ece": 0.022203078493475914,
        "aece": 0.02234040695322075,
        "raw_cov_99": 0.46364593505859375,
        "sel_acc_99": 0.9977272748947144,
        "reliable_99": 1.0,
        "cov_99": 0.46364593505859375,
        "class_cov_99": 0.9405940594059405,
        "raw_cov_95": 0.6485774517059326,
        "sel_acc_95": 0.9878147840499878,
        "reliable_95": 1.0,
        "cov_95": 0.6485774517059326,
        "class_cov_95": 1.0,
        "raw_cov_90": 0.7233930230140686,
        "sel_acc_90": 0.9766933917999268,
        "reliable_90": 1.0,
        "cov_90": 0.7233930230140686,
        "class_cov_90": 1.0,
        "raw_cov_85": 0.7739726305007935,
        "sel_acc_85": 0.9693669080734253,
        "reliable_85": 1.0,
        "cov_85": 0.7739726305007935,
        "class_cov_85": 1.0,
        "raw_cov_80": 0.8097997903823853,
        "sel_acc_80": 0.9616135358810425,
        "reliable_80": 1.0,
        "cov_80": 0.8097997903823853,
        "class_cov_80": 1.0
      },
      "output_dir": "/root/autodl-tmp/BayesVLM/output/ablate_uatb_full/id/ucf101/UATB_MIN/BAYESADAPTER/logit_scale_frozen/sigpar_0.005/sigperp_0.02/lu0_0.01/shot_16/seed_3/eval/id/val",
      "metrics_path": "/root/autodl-tmp/BayesVLM/output/ablate_uatb_full/id/ucf101/UATB_MIN/BAYESADAPTER/logit_scale_frozen/sigpar_0.005/sigperp_0.02/lu0_0.01/shot_16/seed_3/eval/id/val/metrics.json",
      "predictions_pt": "/root/autodl-tmp/BayesVLM/output/ablate_uatb_full/id/ucf101/UATB_MIN/BAYESADAPTER/logit_scale_frozen/sigpar_0.005/sigperp_0.02/lu0_0.01/shot_16/seed_3/eval/id/val/predictions.pt",
      "predictions_jsonl": "/root/autodl-tmp/BayesVLM/output/ablate_uatb_full/id/ucf101/UATB_MIN/BAYESADAPTER/logit_scale_frozen/sigpar_0.005/sigperp_0.02/lu0_0.01/shot_16/seed_3/eval/id/val/predictions.jsonl",
      "bins_path": "/root/autodl-tmp/BayesVLM/output/ablate_uatb_full/id/ucf101/UATB_MIN/BAYESADAPTER/logit_scale_frozen/sigpar_0.005/sigperp_0.02/lu0_0.01/shot_16/seed_3/eval/id/val/calibration_bins.csv",
      "adaptive_bins_path": "/root/autodl-tmp/BayesVLM/output/ablate_uatb_full/id/ucf101/UATB_MIN/BAYESADAPTER/logit_scale_frozen/sigpar_0.005/sigperp_0.02/lu0_0.01/shot_16/seed_3/eval/id/val/adaptive_calibration_bins.csv",
      "selective_metrics_path": "/root/autodl-tmp/BayesVLM/output/ablate_uatb_full/id/ucf101/UATB_MIN/BAYESADAPTER/logit_scale_frozen/sigpar_0.005/sigperp_0.02/lu0_0.01/shot_16/seed_3/eval/id/val/selective_metrics.csv"
    },
    "test": {
      "split_name": "test",
      "metrics": {
        "loss": 0.6561913789973005,
        "acc": 0.8125826120376587,
        "nlpd": 0.6550299525260925,
        "ece": 0.047768354415893555,
        "aece": 0.043761857123782076,
        "raw_cov_99": 0.41104942560195923,
        "sel_acc_99": 0.9954984188079834,
        "reliable_99": 1.0,
        "cov_99": 0.41104942560195923,
        "class_cov_99": 0.8910891089108911,
        "raw_cov_95": 0.5688607096672058,
        "sel_acc_95": 0.9804832935333252,
        "reliable_95": 1.0,
        "cov_95": 0.5688607096672058,
        "class_cov_95": 1.0,
        "raw_cov_90": 0.6391752362251282,
        "sel_acc_90": 0.9660876989364624,
        "reliable_90": 1.0,
        "cov_90": 0.6391752362251282,
        "class_cov_90": 1.0,
        "raw_cov_85": 0.6883425712585449,
        "sel_acc_85": 0.9527649879455566,
        "reliable_85": 1.0,
        "cov_85": 0.6883425712585449,
        "class_cov_85": 1.0,
        "raw_cov_80": 0.7219138145446777,
        "sel_acc_80": 0.9403148889541626,
        "reliable_80": 1.0,
        "cov_80": 0.7219138145446777,
        "class_cov_80": 1.0
      },
      "output_dir": "/root/autodl-tmp/BayesVLM/output/ablate_uatb_full/id/ucf101/UATB_MIN/BAYESADAPTER/logit_scale_frozen/sigpar_0.005/sigperp_0.02/lu0_0.01/shot_16/seed_3/eval/id/test",
      "metrics_path": "/root/autodl-tmp/BayesVLM/output/ablate_uatb_full/id/ucf101/UATB_MIN/BAYESADAPTER/logit_scale_frozen/sigpar_0.005/sigperp_0.02/lu0_0.01/shot_16/seed_3/eval/id/test/metrics.json",