{
  "loss": 0.01832409064737287,
  "acc": 1.0,
  "nlpd": 0.018118485808372498,
  "ece": 0.017755400389432907,
  "aece": 0.017755470653571706,
  "raw_cov_99": 0.4752475321292877,
  "sel_acc_99": 1.0,
  "reliable_99": 1.0,
  "cov_99": 0.4752475321292877,
  "class_cov_99": 0.8514851485148515,
  "raw_cov_95": 0.9331682920455933,
  "sel_acc_95": 1.0,
  "reliable_95": 1.0,
  "cov_95": 0.9331682920455933,
  "class_cov_95": 1.0,
  "raw_cov_90": 0.9938119053840637,
  "sel_acc_90": 1.0,
  "reliable_90": 1.0,
  "cov_90": 0.9938119053840637,
  "class_cov_90": 1.0,
  "raw_cov_85": 0.9987623691558838,
  "sel_acc_85": 1.0,
  "reliable_85": 1.0,
  "cov_85": 0.9987623691558838,
  "class_cov_85": 1.0,
  "raw_cov_80": 1.0,
  "sel_acc_80": 1.0,
  "reliable_80": 1.0,
  "cov_80": 1.0,
  "class_cov_80": 1.0
}