{
  "loss": 0.02115877809943539,
  "acc": 1.0,
  "nlpd": 0.020914414897561073,
  "ece": 0.02037278562784195
}