{
  "loss": 0.021323753004469495,
  "acc": 1.0,
  "nlpd": 0.02107691951096058,
  "ece": 0.020529242232441902,
  "aece": 0.020529343645171363,
  "raw_cov_99": 0.4919554591178894,
  "sel_acc_99": 1.0,
  "reliable_99": 1.0,
  "cov_99": 0.4919554591178894,
  "class_cov_99": 0.9603960396039604,
  "raw_cov_95": 0.8743811845779419,
  "sel_acc_95": 1.0,
  "reliable_95": 1.0,
  "cov_95": 0.8743811845779419,
  "class_cov_95": 1.0,
  "raw_cov_90": 0.9882425665855408,
  "sel_acc_90": 1.0,
  "reliable_90": 1.0,
  "cov_90": 0.9882425665855408,
  "class_cov_90": 1.0,
  "raw_cov_85": 0.9993811845779419,
  "sel_acc_85": 1.0,
  "reliable_85": 1.0,
  "cov_85": 0.9993811845779419,
  "class_cov_85": 1.0,
  "raw_cov_80": 1.0,
  "sel_acc_80": 1.0,
  "reliable_80": 1.0,
  "cov_80": 1.0,
  "class_cov_80": 1.0
}