{
  "family": "vlm_adapter",
  "variant": "UATB_MIN",
  "protocol": "id",
  "dataset": "ucf101",
  "seed": 3,
  "evaluation_tasks": [
    "classification"
  ],
  "model_selection": "last",
  "selected_checkpoint": "last",
  "selected_epoch": 300,
  "selected_val_metrics": {
    "loss": 0.5729768862211793,
    "acc": 0.8314014673233032,
    "nlpd": 0.5718607902526855,
    "ece": 0.03318420425057411,
    "aece": 0.034565163833198104,
    "raw_cov_99": 0.4009483754634857,
    "sel_acc_99": 1.0,
    "reliable_99": 1.0,
    "cov_99": 0.4009483754634857,
    "class_cov_99": 0.9108910891089109,
    "raw_cov_95": 0.5795574188232422,
    "sel_acc_95": 0.9827272891998291,
    "reliable_95": 1.0,
    "cov_95": 0.5795574188232422,
    "class_cov_95": 0.9801980198019802,
    "raw_cov_90": 0.6559536457061768,
    "sel_acc_90": 0.9718875288963318,
    "reliable_90": 1.0,
    "cov_90": 0.6559536457061768,
    "class_cov_90": 0.9900990099009901,
    "raw_cov_85": 0.7070600390434265,
    "sel_acc_85": 0.9634873270988464,
    "reliable_85": 1.0,
    "cov_85": 0.7070600390434265,
    "class_cov_85": 1.0,
    "raw_cov_80": 0.7497365474700928,
    "sel_acc_80": 0.9515109062194824,
    "reliable_80": 1.0,
    "cov_80": 0.7497365474700928,
    "class_cov_80": 1.0
  },
  "classification": {
    "train": {
      "split_name": "train",
      "metrics": {
        "loss": 0.014783581266972688,
        "acc": 1.0,
        "nlpd": 0.014623654074966908,
        "ece": 0.01439566072076559,
        "aece": 0.01439565375889882,
        "raw_cov_99": 0.5099009871482849,
        "sel_acc_99": 1.0,
        "reliable_99": 1.0,
        "cov_99": 0.5099009871482849,
        "class_cov_99": 0.9504950495049505,
        "raw_cov_95": 0.969059407711029,
        "sel_acc_95": 1.0,
        "reliable_95": 1.0,
        "cov_95": 0.969059407711029,
        "class_cov_95": 1.0,
        "raw_cov_90": 0.9975247383117676,
        "sel_acc_90": 1.0,
        "reliable_90": 1.0,
        "cov_90": 0.9975247383117676,
        "class_cov_90": 1.0,
        "raw_cov_85": 1.0,
        "sel_acc_85": 1.0,
        "reliable_85": 1.0,
        "cov_85": 1.0,
        "class_cov_85": 1.0,
        "raw_cov_80": 1.0,
        "sel_acc_80": 1.0,
        "reliable_80": 1.0,
        "cov_80": 1.0,
        "class_cov_80": 1.0
      },
      "output_dir": "/root/autodl-tmp/BayesVLM/output/ablate_uatb_full/id/ucf101/UATB_MIN/BAYESADAPTER/logit_scale_frozen/sigpar_0.005/sigperp_0.02/lu0_0.01/shot_8/seed_3/eval/id/train",
      "metrics_path": "/root/autodl-tmp/BayesVLM/output/ablate_uatb_full/id/ucf101/UATB_MIN/BAYESADAPTER/logit_scale_frozen/sigpar_0.005/sigperp_0.02/lu0_0.01/shot_8/seed_3/eval/id/train/metrics.json",
      "predictions_pt": "/root/autodl-tmp/BayesVLM/output/ablate_uatb_full/id/ucf101/UATB_MIN/BAYESADAPTER/logit_scale_frozen/sigpar_0.005/sigperp_0.02/lu0_0.01/shot_8/seed_3/eval/id/train/predictions.pt",
      "predictions_jsonl": "/root/autodl-tmp/BayesVLM/output/ablate_uatb_full/id/ucf101/UATB_MIN/BAYESADAPTER/logit_scale_frozen/sigpar_0.005/sigperp_0.02/lu0_0.01/shot_8/seed_3/eval/id/train/predictions.jsonl",
      "bins_path": "/root/autodl-tmp/BayesVLM/output/ablate_uatb_full/id/ucf101/UATB_MIN/BAYESADAPTER/logit_scale_frozen/sigpar_0.005/sigperp_0.02/lu0_0.01/shot_8/seed_3/eval/id/train/calibration_bins.csv",
      "adaptive_bins_path": "/root/autodl-tmp/BayesVLM/output/ablate_uatb_full/id/ucf101/UATB_MIN/BAYESADAPTER/logit_scale_frozen/sigpar_0.005/sigperp_0.02/lu0_0.01/shot_8/seed_3/eval/id/train/adaptive_calibration_bins.csv",
      "selective_metrics_path": "/root/autodl-tmp/BayesVLM/output/ablate_uatb_full/id/ucf101/UATB_MIN/BAYESADAPTER/logit_scale_frozen/sigpar_0.005/sigperp_0.02/lu0_0.01/shot_8/seed_3/eval/id/train/selective_metrics.csv"
    },
    "val": {
      "split_name": "val",
      "metrics": {
        "loss": 0.5733771507556622,
        "acc": 0.8298208713531494,
        "nlpd": 0.5722099542617798,
        "ece": 0.0336238332092762,
        "aece": 0.03579452508242037,
        "raw_cov_99": 0.3983140289783478,
        "sel_acc_99": 1.0,
        "reliable_99": 1.0,
        "cov_99": 0.3983140289783478,
        "class_cov_99": 0.9108910891089109,
        "raw_cov_95": 0.5785036683082581,
        "sel_acc_95": 0.9826958179473877,
        "reliable_95": 1.0,
        "cov_95": 0.5785036683082581,
        "class_cov_95": 0.9801980198019802,
        "raw_cov_90": 0.6548998951911926,
        "sel_acc_90": 0.9734513163566589,
        "reliable_90": 1.0,
        "cov_90": 0.6548998951911926,
        "class_cov_90": 0.9900990099009901,
        "raw_cov_85": 0.7096943855285645,
        "sel_acc_85": 0.9621380567550659,
        "reliable_85": 1.0,
        "cov_85": 0.7096943855285645,
        "class_cov_85": 1.0,
        "raw_cov_80": 0.7460484504699707,
        "sel_acc_80": 0.9512711763381958,
        "reliable_80": 1.0,
        "cov_80": 0.7460484504699707,
        "class_cov_80": 1.0
      },
      "output_dir": "/root/autodl-tmp/BayesVLM/output/ablate_uatb_full/id/ucf101/UATB_MIN/BAYESADAPTER/logit_scale_frozen/sigpar_0.005/sigperp_0.02/lu0_0.01/shot_8/seed_3/eval/id/val",
      "metrics_path": "/root/autodl-tmp/BayesVLM/output/ablate_uatb_full/id/ucf101/UATB_MIN/BAYESADAPTER/logit_scale_frozen/sigpar_0.005/sigperp_0.02/lu0_0.01/shot_8/seed_3/eval/id/val/metrics.json",
      "predictions_pt": "/root/autodl-tmp/BayesVLM/output/ablate_uatb_full/id/ucf101/UATB_MIN/BAYESADAPTER/logit_scale_frozen/sigpar_0.005/sigperp_0.02/lu0_0.01/shot_8/seed_3/eval/id/val/predictions.pt",
      "predictions_jsonl": "/root/autodl-tmp/BayesVLM/output/ablate_uatb_full/id/ucf101/UATB_MIN/BAYESADAPTER/logit_scale_frozen/sigpar_0.005/sigperp_0.02/lu0_0.01/shot_8/seed_3/eval/id/val/predictions.jsonl",
      "bins_path": "/root/autodl-tmp/BayesVLM/output/ablate_uatb_full/id/ucf101/UATB_MIN/BAYESADAPTER/logit_scale_frozen/sigpar_0.005/sigperp_0.02/lu0_0.01/shot_8/seed_3/eval/id/val/calibration_bins.csv",
      "adaptive_bins_path": "/root/autodl-tmp/BayesVLM/output/ablate_uatb_full/id/ucf101/UATB_MIN/BAYESADAPTER/logit_scale_frozen/sigpar_0.005/sigperp_0.02/lu0_0.01/shot_8/seed_3/eval/id/val/adaptive_calibration_bins.csv",
      "selective_metrics_path": "/root/autodl-tmp/BayesVLM/output/ablate_uatb_full/id/ucf101/UATB_MIN/BAYESADAPTER/logit_scale_frozen/sigpar_0.005/sigperp_0.02/lu0_0.01/shot_8/seed_3/eval/id/val/selective_metrics.csv"
    },
    "test": {
      "split_name": "test",
      "metrics": {
        "loss": 0.7598592722318237,
        "acc": 0.7808617353439331,
        "nlpd": 0.7584872841835022,
        "ece": 0.0551331453025341,
        "aece": 0.0551650239745051,
        "raw_cov_99": 0.3563309609889984,
        "sel_acc_99": 0.9925816059112549,
        "reliable_99": 1.0,
        "cov_99": 0.3563309609889984,
        "class_cov_99": 0.8712871287128713,
        "raw_cov_95": 0.5252445340156555,
        "sel_acc_95": 0.9763462543487549,
        "reliable_95": 1.0,
        "cov_95": 0.5252445340156555,
        "class_cov_95": 0.9801980198019802,
        "raw_cov_90": 0.5997885465621948,
        "sel_acc_90": 0.9594535231590271,
        "reliable_90": 1.0,
        "cov_90": 0.5997885465621948,
        "class_cov_90": 1.0,
        "raw_cov_85": 0.6547713279724121,
        "sel_acc_85": 0.9434800148010254,
        "reliable_85": 1.0,
        "cov_85": 0.6547713279724121,
        "class_cov_85": 1.0,
        "raw_cov_80": 0.6936293840408325,
        "sel_acc_80": 0.9329268336296082,
        "reliable_80": 1.0,
        "cov_80": 0.6936293840408325,
        "class_cov_80": 1.0
      },
      "output_dir": "/root/autodl-tmp/BayesVLM/output/ablate_uatb_full/id/ucf101/UATB_MIN/BAYESADAPTER/logit_scale_frozen/sigpar_0.005/sigperp_0.02/lu0_0.01/shot_8/seed_3/eval/id/test",
      "metrics_path": "/root/autodl-tmp/BayesVLM/output/ablate_uatb_full/id/ucf101/UATB_MIN/BAYESADAPTER/logit_scale_frozen/sigpar_0.005/sigperp_0.02/lu0_0.01/shot_8/seed_3/eval/id/test/metrics.json",