{
  "family": "vlm_adapter",
  "variant": "UATB_MIN",
  "protocol": "id",
  "dataset": "ucf101",
  "seed": 1,
  "model_selection": "last",
  "selection_metric": "acc",
  "selection_mode": "max",
  "best_epoch": 109,
  "best_val_metrics_saved": {
    "loss": 0.9439543940370276,
    "acc": 0.732876718044281,
    "nlpd": 0.9422396421432495,
    "ece": 0.05414533615112305,
    "aece": 0.05375813301044219,
    "raw_cov_99": 0.23814541101455688,
    "sel_acc_99": 0.997787594795227,
    "reliable_99": 1.0,
    "cov_99": 0.23814541101455688,
    "class_cov_99": 0.6732673267326733,
    "raw_cov_95": 0.40516331791877747,
    "sel_acc_95": 0.9778933525085449,
    "reliable_95": 1.0,
    "cov_95": 0.40516331791877747,
    "class_cov_95": 0.8712871287128713,
    "raw_cov_90": 0.4852476418018341,
    "sel_acc_90": 0.9609120488166809,
    "reliable_90": 1.0,
    "cov_90": 0.4852476418018341,
    "class_cov_90": 0.9702970297029703,
    "raw_cov_85": 0.5363540649414062,
    "sel_acc_85": 0.9499017596244812,
    "reliable_85": 1.0,
    "cov_85": 0.5363540649414062,
    "class_cov_85": 0.9900990099009901,
    "raw_cov_80": 0.587460458278656,
    "sel_acc_80": 0.9282511472702026,
    "reliable_80": 1.0,
    "cov_80": 0.587460458278656,
    "class_cov_80": 1.0
  },
  "last_epoch": 300,
  "last_val_metrics_saved": {
    "loss": 0.9460579762343235,
    "acc": 0.7312961220741272,
    "nlpd": 0.9444406032562256,
    "ece": 0.0586429126560688,
    "aece": 0.05931186110754786,
    "raw_cov_99": 0.24868282675743103,
    "sel_acc_99": 0.9978813529014587,
    "reliable_99": 1.0,
    "cov_99": 0.24868282675743103,
    "class_cov_99": 0.7128712871287128,
    "raw_cov_95": 0.4125395119190216,
    "sel_acc_95": 0.9757343530654907,
    "reliable_95": 1.0,
    "cov_95": 0.4125395119190216,
    "class_cov_95": 0.900990099009901,
    "raw_cov_90": 0.4920969307422638,
    "sel_acc_90": 0.9614561200141907,
    "reliable_90": 1.0,
    "cov_90": 0.4920969307422638,
    "class_cov_90": 0.9801980198019802,
    "raw_cov_85": 0.5447840094566345,
    "sel_acc_85": 0.945841372013092,
    "reliable_85": 1.0,
    "cov_85": 0.5447840094566345,
    "class_cov_85": 0.9900990099009901,
    "raw_cov_80": 0.5943098068237305,
    "sel_acc_80": 0.9228723645210266,
    "reliable_80": 1.0,
    "cov_80": 0.5943098068237305,
    "class_cov_80": 1.0
  },
  "run_dir": "/root/autodl-tmp/BayesVLM/output/ablate_uatb_full/id/ucf101/UATB_MIN/BAYESADAPTER/logit_scale_frozen/sigpar_0.005/sigperp_0.02/lu0_0.01/shot_1/seed_1",
  "elapsed_seconds": 32.22,
  "artifacts": {
    "log_file": "train/train.log",
    "config_file": "config/config.json",
    "class_names_file": "config/class_names.json",
    "metrics_csv_file": "train/metrics_history.csv",
    "best_ckpt_file": "checkpoints/best_adapter.pt",
    "last_ckpt_file": "checkpoints/last_adapter.pt"
  }
}