{
  "family": "vlm_adapter",
  "variant": "UATB_MIN",
  "protocol": "id",
  "dataset": "ucf101",
  "seed": 3,
  "evaluation_tasks": [
    "classification"
  ],
  "model_selection": "last",
  "selected_checkpoint": "last",
  "selected_epoch": 300,
  "selected_val_metrics": {
    "loss": 0.5769182125183001,
    "acc": 0.8303477168083191,
    "nlpd": 0.5757536888122559,
    "ece": 0.030896831303834915,
    "aece": 0.0332199495258271,
    "raw_cov_99": 0.3919915556907654,
    "sel_acc_99": 1.0,
    "reliable_99": 1.0,
    "cov_99": 0.3919915556907654,
    "class_cov_99": 0.9108910891089109,
    "raw_cov_95": 0.572181224822998,
    "sel_acc_95": 0.9834254384040833,
    "reliable_95": 1.0,
    "cov_95": 0.572181224822998,
    "class_cov_95": 0.9801980198019802,
    "raw_cov_90": 0.6506849527359009,
    "sel_acc_90": 0.9716598987579346,
    "reliable_90": 1.0,
    "cov_90": 0.6506849527359009,
    "class_cov_90": 0.9900990099009901,
    "raw_cov_85": 0.7044256925582886,
    "sel_acc_85": 0.9626028537750244,
    "reliable_85": 1.0,
    "cov_85": 0.7044256925582886,
    "class_cov_85": 1.0,
    "raw_cov_80": 0.7434141039848328,
    "sel_acc_80": 0.9510985016822815,
    "reliable_80": 1.0,
    "cov_80": 0.7434141039848328,
    "class_cov_80": 1.0
  },
  "classification": {
    "train": {
      "split_name": "train",
      "metrics": {
        "loss": 0.01640403535364583,
        "acc": 1.0,
        "nlpd": 0.016222111880779266,
        "ece": 0.015946004539728165,
        "aece": 0.01594595522573679,
        "raw_cov_99": 0.47896039485931396,
        "sel_acc_99": 1.0,
        "reliable_99": 1.0,
        "cov_99": 0.47896039485931396,
        "class_cov_99": 0.9207920792079208,
        "raw_cov_95": 0.9529703259468079,
        "sel_acc_95": 1.0,
        "reliable_95": 1.0,
        "cov_95": 0.9529703259468079,
        "class_cov_95": 1.0,
        "raw_cov_90": 0.9975247383117676,
        "sel_acc_90": 1.0,
        "reliable_90": 1.0,
        "cov_90": 0.9975247383117676,
        "class_cov_90": 1.0,
        "raw_cov_85": 1.0,
        "sel_acc_85": 1.0,
        "reliable_85": 1.0,
        "cov_85": 1.0,
        "class_cov_85": 1.0,
        "raw_cov_80": 1.0,
        "sel_acc_80": 1.0,
        "reliable_80": 1.0,
        "cov_80": 1.0,
        "class_cov_80": 1.0
      },
      "output_dir": "/root/autodl-tmp/BayesVLM/output/ablate_uatb_unc_only/id/ucf101/UATB_MIN/BAYESADAPTER/logit_scale_frozen/sigpar_0.01/sigperp_0.01/lu0_0/shot_8/seed_3/eval/id/train",
      "metrics_path": "/root/autodl-tmp/BayesVLM/output/ablate_uatb_unc_only/id/ucf101/UATB_MIN/BAYESADAPTER/logit_scale_frozen/sigpar_0.01/sigperp_0.01/lu0_0/shot_8/seed_3/eval/id/train/metrics.json",
      "predictions_pt": "/root/autodl-tmp/BayesVLM/output/ablate_uatb_unc_only/id/ucf101/UATB_MIN/BAYESADAPTER/logit_scale_frozen/sigpar_0.01/sigperp_0.01/lu0_0/shot_8/seed_3/eval/id/train/predictions.pt",
      "predictions_jsonl": "/root/autodl-tmp/BayesVLM/output/ablate_uatb_unc_only/id/ucf101/UATB_MIN/BAYESADAPTER/logit_scale_frozen/sigpar_0.01/sigperp_0.01/lu0_0/shot_8/seed_3/eval/id/train/predictions.jsonl",
      "bins_path": "/root/autodl-tmp/BayesVLM/output/ablate_uatb_unc_only/id/ucf101/UATB_MIN/BAYESADAPTER/logit_scale_frozen/sigpar_0.01/sigperp_0.01/lu0_0/shot_8/seed_3/eval/id/train/calibration_bins.csv",
      "adaptive_bins_path": "/root/autodl-tmp/BayesVLM/output/ablate_uatb_unc_only/id/ucf101/UATB_MIN/BAYESADAPTER/logit_scale_frozen/sigpar_0.01/sigperp_0.01/lu0_0/shot_8/seed_3/eval/id/train/adaptive_calibration_bins.csv",
      "selective_metrics_path": "/root/autodl-tmp/BayesVLM/output/ablate_uatb_unc_only/id/ucf101/UATB_MIN/BAYESADAPTER/logit_scale_frozen/sigpar_0.01/sigperp_0.01/lu0_0/shot_8/seed_3/eval/id/train/selective_metrics.csv"
    },
    "val": {
      "split_name": "val",
      "metrics": {
        "loss": 0.5773424280079198,
        "acc": 0.8303477168083191,
        "nlpd": 0.5761237144470215,
        "ece": 0.030525244772434235,
        "aece": 0.03285290205064136,
        "raw_cov_99": 0.39251843094825745,
        "sel_acc_99": 1.0,
        "reliable_99": 1.0,
        "cov_99": 0.39251843094825745,
        "class_cov_99": 0.900990099009901,
        "raw_cov_95": 0.5700737833976746,
        "sel_acc_95": 0.9842883348464966,
        "reliable_95": 1.0,
        "cov_95": 0.5700737833976746,
        "class_cov_95": 0.9801980198019802,
        "raw_cov_90": 0.6501580476760864,
        "sel_acc_90": 0.9732577204704285,
        "reliable_90": 1.0,
        "cov_90": 0.6501580476760864,
        "class_cov_90": 0.9900990099009901,
        "raw_cov_85": 0.7038988471031189,
        "sel_acc_85": 0.9633233547210693,
        "reliable_85": 1.0,
        "cov_85": 0.7038988471031189,
        "class_cov_85": 1.0,
        "raw_cov_80": 0.7413066625595093,
        "sel_acc_80": 0.9509595036506653,
        "reliable_80": 1.0,
        "cov_80": 0.7413066625595093,
        "class_cov_80": 1.0
      },
      "output_dir": "/root/autodl-tmp/BayesVLM/output/ablate_uatb_unc_only/id/ucf101/UATB_MIN/BAYESADAPTER/logit_scale_frozen/sigpar_0.01/sigperp_0.01/lu0_0/shot_8/seed_3/eval/id/val",
      "metrics_path": "/root/autodl-tmp/BayesVLM/output/ablate_uatb_unc_only/id/ucf101/UATB_MIN/BAYESADAPTER/logit_scale_frozen/sigpar_0.01/sigperp_0.01/lu0_0/shot_8/seed_3/eval/id/val/metrics.json",
      "predictions_pt": "/root/autodl-tmp/BayesVLM/output/ablate_uatb_unc_only/id/ucf101/UATB_MIN/BAYESADAPTER/logit_scale_frozen/sigpar_0.01/sigperp_0.01/lu0_0/shot_8/seed_3/eval/id/val/predictions.pt",
      "predictions_jsonl": "/root/autodl-tmp/BayesVLM/output/ablate_uatb_unc_only/id/ucf101/UATB_MIN/BAYESADAPTER/logit_scale_frozen/sigpar_0.01/sigperp_0.01/lu0_0/shot_8/seed_3/eval/id/val/predictions.jsonl",
      "bins_path": "/root/autodl-tmp/BayesVLM/output/ablate_uatb_unc_only/id/ucf101/UATB_MIN/BAYESADAPTER/logit_scale_frozen/sigpar_0.01/sigperp_0.01/lu0_0/shot_8/seed_3/eval/id/val/calibration_bins.csv",
      "adaptive_bins_path": "/root/autodl-tmp/BayesVLM/output/ablate_uatb_unc_only/id/ucf101/UATB_MIN/BAYESADAPTER/logit_scale_frozen/sigpar_0.01/sigperp_0.01/lu0_0/shot_8/seed_3/eval/id/val/adaptive_calibration_bins.csv",
      "selective_metrics_path": "/root/autodl-tmp/BayesVLM/output/ablate_uatb_unc_only/id/ucf101/UATB_MIN/BAYESADAPTER/logit_scale_frozen/sigpar_0.01/sigperp_0.01/lu0_0/shot_8/seed_3/eval/id/val/selective_metrics.csv"
    },
    "test": {
      "split_name": "test",
      "metrics": {
        "loss": 0.7594987748635373,
        "acc": 0.7776896357536316,
        "nlpd": 0.7580758929252625,
        "ece": 0.056081049144268036,
        "aece": 0.056114214896651575,
        "raw_cov_99": 0.351837158203125,
        "sel_acc_99": 0.992486834526062,
        "reliable_99": 1.0,
        "cov_99": 0.351837158203125,
        "class_cov_99": 0.8712871287128713,
        "raw_cov_95": 0.5218080878257751,
        "sel_acc_95": 0.9772036671638489,
        "reliable_95": 1.0,
        "cov_95": 0.5218080878257751,
        "class_cov_95": 0.9801980198019802,
        "raw_cov_90": 0.597145140171051,
        "sel_acc_90": 0.9588313698768616,
        "reliable_90": 1.0,
        "cov_90": 0.597145140171051,
        "class_cov_90": 1.0,
        "raw_cov_85": 0.6518635749816895,
        "sel_acc_85": 0.9440389275550842,
        "reliable_85": 1.0,
        "cov_85": 0.6518635749816895,
        "class_cov_85": 1.0,
        "raw_cov_80": 0.6896643042564392,
        "sel_acc_80": 0.9329245090484619,
        "reliable_80": 1.0,
        "cov_80": 0.6896643042564392,
        "class_cov_80": 1.0
      },
      "output_dir": "/root/autodl-tmp/BayesVLM/output/ablate_uatb_unc_only/id/ucf101/UATB_MIN/BAYESADAPTER/logit_scale_frozen/sigpar_0.01/sigperp_0.01/lu0_0/shot_8/seed_3/eval/id/test",
      "metrics_path": "/root/autodl-tmp/BayesVLM/output/ablate_uatb_unc_only/id/ucf101/UATB_MIN/BAYESADAPTER/logit_scale_frozen/sigpar_0.01/sigperp_0.01/lu0_0/shot_8/seed_3/eval/id/test/metrics.json",