{
  "family": "vlm_adapter",
  "variant": "UATB_MIN",
  "protocol": "id",
  "dataset": "ucf101",
  "seed": 2,
  "evaluation_tasks": [
    "classification"
  ],
  "model_selection": "last",
  "selected_checkpoint": "last",
  "selected_epoch": 300,
  "selected_val_metrics": {
    "loss": 0.43842930543786984,
    "acc": 0.8777660727500916,
    "nlpd": 0.43744271993637085,
    "ece": 0.01641998626291752,
    "aece": 0.010133217301836004,
    "raw_cov_99": 0.45047417283058167,
    "sel_acc_99": 0.9941520690917969,
    "reliable_99": 1.0,
    "cov_99": 0.45047417283058167,
    "class_cov_99": 0.9207920792079208,
    "raw_cov_95": 0.6338250637054443,
    "sel_acc_95": 0.9866999387741089,
    "reliable_95": 1.0,
    "cov_95": 0.6338250637054443,
    "class_cov_95": 0.9900990099009901,
    "raw_cov_90": 0.7038988471031189,
    "sel_acc_90": 0.9782934188842773,
    "reliable_90": 1.0,
    "cov_90": 0.7038988471031189,
    "class_cov_90": 1.0,
    "raw_cov_85": 0.7534246444702148,
    "sel_acc_85": 0.9734265804290771,
    "reliable_85": 1.0,
    "cov_85": 0.7534246444702148,
    "class_cov_85": 1.0,
    "raw_cov_80": 0.7839831113815308,
    "sel_acc_80": 0.9670698642730713,
    "reliable_80": 1.0,
    "cov_80": 0.7839831113815308,
    "class_cov_80": 1.0
  },
  "classification": {
    "train": {
      "split_name": "train",
      "metrics": {
        "loss": 0.02138744774136213,
        "acc": 1.0,
        "nlpd": 0.021142223849892616,
        "ece": 0.020563218742609024,
        "aece": 0.020563250426018597,
        "raw_cov_99": 0.5,
        "sel_acc_99": 1.0,
        "reliable_99": 1.0,
        "cov_99": 0.5,
        "class_cov_99": 0.9801980198019802,
        "raw_cov_95": 0.8737623691558838,
        "sel_acc_95": 1.0,
        "reliable_95": 1.0,
        "cov_95": 0.8737623691558838,
        "class_cov_95": 1.0,
        "raw_cov_90": 0.9845296740531921,
        "sel_acc_90": 1.0,
        "reliable_90": 1.0,
        "cov_90": 0.9845296740531921,
        "class_cov_90": 1.0,
        "raw_cov_85": 0.9969059228897095,
        "sel_acc_85": 1.0,
        "reliable_85": 1.0,
        "cov_85": 0.9969059228897095,
        "class_cov_85": 1.0,
        "raw_cov_80": 0.9993811845779419,
        "sel_acc_80": 1.0,
        "reliable_80": 1.0,
        "cov_80": 0.9993811845779419,
        "class_cov_80": 1.0
      },
      "output_dir": "/root/autodl-tmp/BayesVLM/output/ablate_uatb_unc_only/id/ucf101/UATB_MIN/BAYESADAPTER/logit_scale_frozen/sigpar_0.01/sigperp_0.01/lu0_0.01/shot_16/seed_2/eval/id/train",
      "metrics_path": "/root/autodl-tmp/BayesVLM/output/ablate_uatb_unc_only/id/ucf101/UATB_MIN/BAYESADAPTER/logit_scale_frozen/sigpar_0.01/sigperp_0.01/lu0_0.01/shot_16/seed_2/eval/id/train/metrics.json",
      "predictions_pt": "/root/autodl-tmp/BayesVLM/output/ablate_uatb_unc_only/id/ucf101/UATB_MIN/BAYESADAPTER/logit_scale_frozen/sigpar_0.01/sigperp_0.01/lu0_0.01/shot_16/seed_2/eval/id/train/predictions.pt",
      "predictions_jsonl": "/root/autodl-tmp/BayesVLM/output/ablate_uatb_unc_only/id/ucf101/UATB_MIN/BAYESADAPTER/logit_scale_frozen/sigpar_0.01/sigperp_0.01/lu0_0.01/shot_16/seed_2/eval/id/train/predictions.jsonl",
      "bins_path": "/root/autodl-tmp/BayesVLM/output/ablate_uatb_unc_only/id/ucf101/UATB_MIN/BAYESADAPTER/logit_scale_frozen/sigpar_0.01/sigperp_0.01/lu0_0.01/shot_16/seed_2/eval/id/train/calibration_bins.csv",
      "adaptive_bins_path": "/root/autodl-tmp/BayesVLM/output/ablate_uatb_unc_only/id/ucf101/UATB_MIN/BAYESADAPTER/logit_scale_frozen/sigpar_0.01/sigperp_0.01/lu0_0.01/shot_16/seed_2/eval/id/train/adaptive_calibration_bins.csv",
      "selective_metrics_path": "/root/autodl-tmp/BayesVLM/output/ablate_uatb_unc_only/id/ucf101/UATB_MIN/BAYESADAPTER/logit_scale_frozen/sigpar_0.01/sigperp_0.01/lu0_0.01/shot_16/seed_2/eval/id/train/selective_metrics.csv"
    },
    "val": {
      "split_name": "val",
      "metrics": {
        "loss": 0.4392881208777553,
        "acc": 0.8777660727500916,
        "nlpd": 0.4382929503917694,
        "ece": 0.013758315704762936,
        "aece": 0.011248482479561743,
        "raw_cov_99": 0.4478398263454437,
        "sel_acc_99": 0.99647057056427,
        "reliable_99": 1.0,
        "cov_99": 0.4478398263454437,
        "class_cov_99": 0.9207920792079208,
        "raw_cov_95": 0.6338250637054443,
        "sel_acc_95": 0.9858686327934265,
        "reliable_95": 1.0,
        "cov_95": 0.6338250637054443,
        "class_cov_95": 0.9900990099009901,
        "raw_cov_90": 0.7060063481330872,
        "sel_acc_90": 0.9783582091331482,
        "reliable_90": 1.0,
        "cov_90": 0.7060063481330872,
        "class_cov_90": 1.0,
        "raw_cov_85": 0.7539515495300293,
        "sel_acc_85": 0.9734451174736023,
        "reliable_85": 1.0,
        "cov_85": 0.7539515495300293,
        "class_cov_85": 1.0,
        "raw_cov_80": 0.7834562659263611,
        "sel_acc_80": 0.9657027721405029,
        "reliable_80": 1.0,
        "cov_80": 0.7834562659263611,
        "class_cov_80": 1.0
      },
      "output_dir": "/root/autodl-tmp/BayesVLM/output/ablate_uatb_unc_only/id/ucf101/UATB_MIN/BAYESADAPTER/logit_scale_frozen/sigpar_0.01/sigperp_0.01/lu0_0.01/shot_16/seed_2/eval/id/val",
      "metrics_path": "/root/autodl-tmp/BayesVLM/output/ablate_uatb_unc_only/id/ucf101/UATB_MIN/BAYESADAPTER/logit_scale_frozen/sigpar_0.01/sigperp_0.01/lu0_0.01/shot_16/seed_2/eval/id/val/metrics.json",
      "predictions_pt": "/root/autodl-tmp/BayesVLM/output/ablate_uatb_unc_only/id/ucf101/UATB_MIN/BAYESADAPTER/logit_scale_frozen/sigpar_0.01/sigperp_0.01/lu0_0.01/shot_16/seed_2/eval/id/val/predictions.pt",
      "predictions_jsonl": "/root/autodl-tmp/BayesVLM/output/ablate_uatb_unc_only/id/ucf101/UATB_MIN/BAYESADAPTER/logit_scale_frozen/sigpar_0.01/sigperp_0.01/lu0_0.01/shot_16/seed_2/eval/id/val/predictions.jsonl",
      "bins_path": "/root/autodl-tmp/BayesVLM/output/ablate_uatb_unc_only/id/ucf101/UATB_MIN/BAYESADAPTER/logit_scale_frozen/sigpar_0.01/sigperp_0.01/lu0_0.01/shot_16/seed_2/eval/id/val/calibration_bins.csv",
      "adaptive_bins_path": "/root/autodl-tmp/BayesVLM/output/ablate_uatb_unc_only/id/ucf101/UATB_MIN/BAYESADAPTER/logit_scale_frozen/sigpar_0.01/sigperp_0.01/lu0_0.01/shot_16/seed_2/eval/id/val/adaptive_calibration_bins.csv",
      "selective_metrics_path": "/root/autodl-tmp/BayesVLM/output/ablate_uatb_unc_only/id/ucf101/UATB_MIN/BAYESADAPTER/logit_scale_frozen/sigpar_0.01/sigperp_0.01/lu0_0.01/shot_16/seed_2/eval/id/val/selective_metrics.csv"
    },
    "test": {
      "split_name": "test",
      "metrics": {
        "loss": 0.6613436667275687,
        "acc": 0.8139042854309082,
        "nlpd": 0.660075843334198,
        "ece": 0.04097628965973854,
        "aece": 0.041135979335269635,
        "raw_cov_99": 0.39756807684898376,
        "sel_acc_99": 0.9946808218955994,
        "reliable_99": 1.0,
        "cov_99": 0.39756807684898376,
        "class_cov_99": 0.9306930693069307,
        "raw_cov_95": 0.56436687707901,
        "sel_acc_95": 0.9779859781265259,
        "reliable_95": 1.0,
        "cov_95": 0.56436687707901,
        "class_cov_95": 1.0,
        "raw_cov_90": 0.6346814632415771,
        "sel_acc_90": 0.9616826176643372,
        "reliable_90": 1.0,
        "cov_90": 0.6346814632415771,
        "class_cov_90": 1.0,
        "raw_cov_85": 0.68596351146698,
        "sel_acc_85": 0.9445086717605591,
        "reliable_85": 1.0,
        "cov_85": 0.68596351146698,
        "class_cov_85": 1.0,
        "raw_cov_80": 0.7221781611442566,
        "sel_acc_80": 0.9366764426231384,
        "reliable_80": 1.0,
        "cov_80": 0.7221781611442566,
        "class_cov_80": 1.0
      },
      "output_dir": "/root/autodl-tmp/BayesVLM/output/ablate_uatb_unc_only/id/ucf101/UATB_MIN/BAYESADAPTER/logit_scale_frozen/sigpar_0.01/sigperp_0.01/lu0_0.01/shot_16/seed_2/eval/id/test",