{
  "family": "vlm_adapter",
  "variant": "BAYESADAPTER",
  "protocol": "id",
  "dataset": "ucf101",
  "seed": 1,
  "model_selection": "last",
  "selection_metric": "acc",
  "selection_mode": "max",
  "best_epoch": 210,
  "best_val_metrics_saved": {
    "loss": 0.7237640217307747,
    "acc": 0.8040041923522949,
    "nlpd": 0.7222968339920044,
    "ece": 0.03251362964510918,
    "aece": 0.03284266741810911,
    "raw_cov_99": 0.3303477466106415,
    "sel_acc_99": 0.9968101978302002,
    "reliable_99": 1.0,
    "cov_99": 0.3303477466106415,
    "class_cov_99": 0.801980198019802,
    "raw_cov_95": 0.49736565351486206,
    "sel_acc_95": 0.9798728823661804,
    "reliable_95": 1.0,
    "cov_95": 0.49736565351486206,
    "class_cov_95": 0.9306930693069307,
    "raw_cov_90": 0.5890411138534546,
    "sel_acc_90": 0.960644006729126,
    "reliable_90": 1.0,
    "cov_90": 0.5890411138534546,
    "class_cov_90": 0.9801980198019802,
    "raw_cov_85": 0.6496312022209167,
    "sel_acc_85": 0.9545823335647583,
    "reliable_85": 1.0,
    "cov_85": 0.6496312022209167,
    "class_cov_85": 1.0,
    "raw_cov_80": 0.6865121126174927,
    "sel_acc_80": 0.9416730403900146,
    "reliable_80": 1.0,
    "cov_80": 0.6865121126174927,
    "class_cov_80": 1.0
  },
  "last_epoch": 300,
  "last_val_metrics_saved": {
    "loss": 0.7210215384138648,
    "acc": 0.8008430004119873,
    "nlpd": 0.7195661067962646,
    "ece": 0.03629370778799057,
    "aece": 0.03662173184629989,
    "raw_cov_99": 0.3298208713531494,
    "sel_acc_99": 0.9968051314353943,
    "reliable_99": 1.0,
    "cov_99": 0.3298208713531494,
    "class_cov_99": 0.8217821782178217,
    "raw_cov_95": 0.4984193742275238,
    "sel_acc_95": 0.97991544008255,
    "reliable_95": 1.0,
    "cov_95": 0.4984193742275238,
    "class_cov_95": 0.9306930693069307,
    "raw_cov_90": 0.5916754603385925,
    "sel_acc_90": 0.9608192443847656,
    "reliable_90": 1.0,
    "cov_90": 0.5916754603385925,
    "class_cov_90": 0.9801980198019802,
    "raw_cov_85": 0.6506849527359009,
    "sel_acc_85": 0.9538461565971375,
    "reliable_85": 1.0,
    "cov_85": 0.6506849527359009,
    "class_cov_85": 1.0,
    "raw_cov_80": 0.6896733641624451,
    "sel_acc_80": 0.9404125213623047,
    "reliable_80": 1.0,
    "cov_80": 0.6896733641624451,
    "class_cov_80": 1.0
  },
  "run_dir": "/root/autodl-tmp/BayesVLM/output/vlm_adapter/id/ucf101/BAYESADAPTER/BAYESADAPTER/logit_scale_frozen/prior_text_only__seed_1__last/shot_4/seed_1",
  "elapsed_seconds": 27.6,
  "artifacts": {
    "log_file": "train/train.log",
    "config_file": "config/config.json",
    "class_names_file": "config/class_names.json",
    "metrics_csv_file": "train/metrics_history.csv",
    "best_ckpt_file": "checkpoints/best_adapter.pt",
    "last_ckpt_file": "checkpoints/last_adapter.pt"
  }
}