{
  "family": "vlm_adapter",
  "variant": "UATB_MIN",
  "protocol": "id",
  "dataset": "ucf101",
  "seed": 3,
  "evaluation_tasks": [
    "classification"
  ],
  "model_selection": "last",
  "selected_checkpoint": "last",
  "selected_epoch": 300,
  "selected_val_metrics": {
    "loss": 1.0419918989607606,
    "acc": 0.7276080250740051,
    "nlpd": 1.0401568412780762,
    "ece": 0.067653588950634,
    "aece": 0.06765354395666413,
    "raw_cov_99": 0.2460484653711319,
    "sel_acc_99": 0.9892933368682861,
    "reliable_99": 0.0,
    "cov_99": 0.0,
    "class_cov_99": 0.0,
    "raw_cov_95": 0.43572181463241577,
    "sel_acc_95": 0.9637243151664734,
    "reliable_95": 1.0,
    "cov_95": 0.43572181463241577,
    "class_cov_95": 0.8712871287128713,
    "raw_cov_90": 0.5110642910003662,
    "sel_acc_90": 0.9453608393669128,
    "reliable_90": 1.0,
    "cov_90": 0.5110642910003662,
    "class_cov_90": 0.9603960396039604,
    "raw_cov_85": 0.5637513399124146,
    "sel_acc_85": 0.9280374050140381,
    "reliable_85": 1.0,
    "cov_85": 0.5637513399124146,
    "class_cov_85": 0.9801980198019802,
    "raw_cov_80": 0.6085352897644043,
    "sel_acc_80": 0.9090909361839294,
    "reliable_80": 1.0,
    "cov_80": 0.6085352897644043,
    "class_cov_80": 0.9801980198019802
  },
  "classification": {
    "train": {
      "split_name": "train",
      "metrics": {
        "loss": 0.005924574565142393,
        "acc": 1.0,
        "nlpd": 0.005849120672792196,
        "ece": 0.005822956562042236,
        "aece": 0.005822917022327386,
        "raw_cov_99": 0.9009901285171509,
        "sel_acc_99": 1.0,
        "reliable_99": 1.0,
        "cov_99": 0.9009901285171509,
        "class_cov_99": 0.900990099009901,
        "raw_cov_95": 1.0,
        "sel_acc_95": 1.0,
        "reliable_95": 1.0,
        "cov_95": 1.0,
        "class_cov_95": 1.0,
        "raw_cov_90": 1.0,
        "sel_acc_90": 1.0,
        "reliable_90": 1.0,
        "cov_90": 1.0,
        "class_cov_90": 1.0,
        "raw_cov_85": 1.0,
        "sel_acc_85": 1.0,
        "reliable_85": 1.0,
        "cov_85": 1.0,
        "class_cov_85": 1.0,
        "raw_cov_80": 1.0,
        "sel_acc_80": 1.0,
        "reliable_80": 1.0,
        "cov_80": 1.0,
        "class_cov_80": 1.0
      },
      "output_dir": "/root/autodl-tmp/BayesVLM/output/ablate_uatb_unc_only/id/ucf101/UATB_MIN/BAYESADAPTER/logit_scale_frozen/sigpar_0.01/sigperp_0.01/lu0_0/shot_1/seed_3/eval/id/train",
      "metrics_path": "/root/autodl-tmp/BayesVLM/output/ablate_uatb_unc_only/id/ucf101/UATB_MIN/BAYESADAPTER/logit_scale_frozen/sigpar_0.01/sigperp_0.01/lu0_0/shot_1/seed_3/eval/id/train/metrics.json",
      "predictions_pt": "/root/autodl-tmp/BayesVLM/output/ablate_uatb_unc_only/id/ucf101/UATB_MIN/BAYESADAPTER/logit_scale_frozen/sigpar_0.01/sigperp_0.01/lu0_0/shot_1/seed_3/eval/id/train/predictions.pt",
      "predictions_jsonl": "/root/autodl-tmp/BayesVLM/output/ablate_uatb_unc_only/id/ucf101/UATB_MIN/BAYESADAPTER/logit_scale_frozen/sigpar_0.01/sigperp_0.01/lu0_0/shot_1/seed_3/eval/id/train/predictions.jsonl",
      "bins_path": "/root/autodl-tmp/BayesVLM/output/ablate_uatb_unc_only/id/ucf101/UATB_MIN/BAYESADAPTER/logit_scale_frozen/sigpar_0.01/sigperp_0.01/lu0_0/shot_1/seed_3/eval/id/train/calibration_bins.csv",
      "adaptive_bins_path": "/root/autodl-tmp/BayesVLM/output/ablate_uatb_unc_only/id/ucf101/UATB_MIN/BAYESADAPTER/logit_scale_frozen/sigpar_0.01/sigperp_0.01/lu0_0/shot_1/seed_3/eval/id/train/adaptive_calibration_bins.csv",
      "selective_metrics_path": "/root/autodl-tmp/BayesVLM/output/ablate_uatb_unc_only/id/ucf101/UATB_MIN/BAYESADAPTER/logit_scale_frozen/sigpar_0.01/sigperp_0.01/lu0_0/shot_1/seed_3/eval/id/train/selective_metrics.csv"
    },
    "val": {
      "split_name": "val",
      "metrics": {
        "loss": 1.042522204060449,
        "acc": 0.7255005240440369,
        "nlpd": 1.040720820426941,
        "ece": 0.06981027126312256,
        "aece": 0.06981029070215056,
        "raw_cov_99": 0.24552160501480103,
        "sel_acc_99": 0.991416335105896,
        "reliable_99": 1.0,
        "cov_99": 0.24552160501480103,
        "class_cov_99": 0.7029702970297029,
        "raw_cov_95": 0.43572181463241577,
        "sel_acc_95": 0.9613059163093567,
        "reliable_95": 1.0,
        "cov_95": 0.43572181463241577,
        "class_cov_95": 0.8811881188118812,
        "raw_cov_90": 0.5094836950302124,
        "sel_acc_90": 0.9451913237571716,
        "reliable_90": 1.0,
        "cov_90": 0.5094836950302124,
        "class_cov_90": 0.9603960396039604,
        "raw_cov_85": 0.5632244348526001,
        "sel_acc_85": 0.9270346164703369,
        "reliable_85": 1.0,
        "cov_85": 0.5632244348526001,
        "class_cov_85": 0.9801980198019802,
        "raw_cov_80": 0.6074815392494202,
        "sel_acc_80": 0.9089332222938538,
        "reliable_80": 1.0,
        "cov_80": 0.6074815392494202,
        "class_cov_80": 0.9801980198019802
      },
      "output_dir": "/root/autodl-tmp/BayesVLM/output/ablate_uatb_unc_only/id/ucf101/UATB_MIN/BAYESADAPTER/logit_scale_frozen/sigpar_0.01/sigperp_0.01/lu0_0/shot_1/seed_3/eval/id/val",
      "metrics_path": "/root/autodl-tmp/BayesVLM/output/ablate_uatb_unc_only/id/ucf101/UATB_MIN/BAYESADAPTER/logit_scale_frozen/sigpar_0.01/sigperp_0.01/lu0_0/shot_1/seed_3/eval/id/val/metrics.json",
      "predictions_pt": "/root/autodl-tmp/BayesVLM/output/ablate_uatb_unc_only/id/ucf101/UATB_MIN/BAYESADAPTER/logit_scale_frozen/sigpar_0.01/sigperp_0.01/lu0_0/shot_1/seed_3/eval/id/val/predictions.pt",
      "predictions_jsonl": "/root/autodl-tmp/BayesVLM/output/ablate_uatb_unc_only/id/ucf101/UATB_MIN/BAYESADAPTER/logit_scale_frozen/sigpar_0.01/sigperp_0.01/lu0_0/shot_1/seed_3/eval/id/val/predictions.jsonl",
      "bins_path": "/root/autodl-tmp/BayesVLM/output/ablate_uatb_unc_only/id/ucf101/UATB_MIN/BAYESADAPTER/logit_scale_frozen/sigpar_0.01/sigperp_0.01/lu0_0/shot_1/seed_3/eval/id/val/calibration_bins.csv",
      "adaptive_bins_path": "/root/autodl-tmp/BayesVLM/output/ablate_uatb_unc_only/id/ucf101/UATB_MIN/BAYESADAPTER/logit_scale_frozen/sigpar_0.01/sigperp_0.01/lu0_0/shot_1/seed_3/eval/id/val/adaptive_calibration_bins.csv",
      "selective_metrics_path": "/root/autodl-tmp/BayesVLM/output/ablate_uatb_unc_only/id/ucf101/UATB_MIN/BAYESADAPTER/logit_scale_frozen/sigpar_0.01/sigperp_0.01/lu0_0/shot_1/seed_3/eval/id/val/selective_metrics.csv"
    },
    "test": {
      "split_name": "test",
      "metrics": {
        "loss": 1.1126688151582662,
        "acc": 0.7057890295982361,
        "nlpd": 1.1108077764511108,
        "ece": 0.08032349497079849,
        "aece": 0.08038220350354112,
        "raw_cov_99": 0.24768702685832977,
        "sel_acc_99": 0.9914621114730835,
        "reliable_99": 1.0,
        "cov_99": 0.24768702685832977,
        "class_cov_99": 0.7128712871287128,
        "raw_cov_95": 0.4068199694156647,
        "sel_acc_95": 0.9603638648986816,
        "reliable_95": 1.0,
        "cov_95": 0.4068199694156647,
        "class_cov_95": 0.900990099009901,
        "raw_cov_90": 0.4929949641227722,
        "sel_acc_90": 0.9356568455696106,
        "reliable_90": 1.0,
        "cov_90": 0.4929949641227722,
        "class_cov_90": 0.9702970297029703,
        "raw_cov_85": 0.5487708449363708,
        "sel_acc_85": 0.9176300764083862,
        "reliable_85": 1.0,
        "cov_85": 0.5487708449363708,
        "class_cov_85": 0.9900990099009901,
        "raw_cov_80": 0.5955590605735779,
        "sel_acc_80": 0.901020884513855,
        "reliable_80": 1.0,
        "cov_80": 0.5955590605735779,
        "class_cov_80": 1.0
      },
      "output_dir": "/root/autodl-tmp/BayesVLM/output/ablate_uatb_unc_only/id/ucf101/UATB_MIN/BAYESADAPTER/logit_scale_frozen/sigpar_0.01/sigperp_0.01/lu0_0/shot_1/seed_3/eval/id/test",
      "metrics_path": "/root/autodl-tmp/BayesVLM/output/ablate_uatb_unc_only/id/ucf101/UATB_MIN/BAYESADAPTER/logit_scale_frozen/sigpar_0.01/sigperp_0.01/lu0_0/shot_1/seed_3/eval/id/test/metrics.json",