{
  "family": "vlm_adapter",
  "variant": "UATB_MIN",
  "protocol": "id",
  "dataset": "ucf101",
  "seed": 2,
  "evaluation_tasks": [
    "classification"
  ],
  "model_selection": "last",
  "selected_checkpoint": "last",
  "selected_epoch": 300,
  "selected_val_metrics": {
    "loss": 0.578553940398173,
    "acc": 0.8477344512939453,
    "nlpd": 0.5773613452911377,
    "ece": 0.022161925211548805,
    "aece": 0.0180567574576407,
    "raw_cov_99": 0.3967334032058716,
    "sel_acc_99": 0.9893758296966553,
    "reliable_99": 0.0,
    "cov_99": 0.0,
    "class_cov_99": 0.0,
    "raw_cov_95": 0.5695468783378601,
    "sel_acc_95": 0.9805735349655151,
    "reliable_95": 1.0,
    "cov_95": 0.5695468783378601,
    "class_cov_95": 0.9603960396039604,
    "raw_cov_90": 0.6469968557357788,
    "sel_acc_90": 0.9714983701705933,
    "reliable_90": 1.0,
    "cov_90": 0.6469968557357788,
    "class_cov_90": 0.9900990099009901,
    "raw_cov_85": 0.6991569995880127,
    "sel_acc_85": 0.9600602984428406,
    "reliable_85": 1.0,
    "cov_85": 0.6991569995880127,
    "class_cov_85": 0.9900990099009901,
    "raw_cov_80": 0.7413066625595093,
    "sel_acc_80": 0.9495380520820618,
    "reliable_80": 1.0,
    "cov_80": 0.7413066625595093,
    "class_cov_80": 1.0
  },
  "classification": {
    "train": {
      "split_name": "train",
      "metrics": {
        "loss": 0.016449140025173673,
        "acc": 1.0,
        "nlpd": 0.016264179721474648,
        "ece": 0.01597115583717823,
        "aece": 0.01597118635873983,
        "raw_cov_99": 0.4888613820075989,
        "sel_acc_99": 1.0,
        "reliable_99": 1.0,
        "cov_99": 0.4888613820075989,
        "class_cov_99": 0.8910891089108911,
        "raw_cov_95": 0.9517326951026917,
        "sel_acc_95": 1.0,
        "reliable_95": 1.0,
        "cov_95": 0.9517326951026917,
        "class_cov_95": 1.0,
        "raw_cov_90": 0.9962871074676514,
        "sel_acc_90": 1.0,
        "reliable_90": 1.0,
        "cov_90": 0.9962871074676514,
        "class_cov_90": 1.0,
        "raw_cov_85": 0.9987623691558838,
        "sel_acc_85": 1.0,
        "reliable_85": 1.0,
        "cov_85": 0.9987623691558838,
        "class_cov_85": 1.0,
        "raw_cov_80": 1.0,
        "sel_acc_80": 1.0,
        "reliable_80": 1.0,
        "cov_80": 1.0,
        "class_cov_80": 1.0
      },
      "output_dir": "/root/autodl-tmp/BayesVLM/output/ablate_uatb_full/id/ucf101/UATB_MIN/BAYESADAPTER/logit_scale_frozen/sigpar_0.005/sigperp_0.02/lu0_0/shot_8/seed_2/eval/id/train",
      "metrics_path": "/root/autodl-tmp/BayesVLM/output/ablate_uatb_full/id/ucf101/UATB_MIN/BAYESADAPTER/logit_scale_frozen/sigpar_0.005/sigperp_0.02/lu0_0/shot_8/seed_2/eval/id/train/metrics.json",
      "predictions_pt": "/root/autodl-tmp/BayesVLM/output/ablate_uatb_full/id/ucf101/UATB_MIN/BAYESADAPTER/logit_scale_frozen/sigpar_0.005/sigperp_0.02/lu0_0/shot_8/seed_2/eval/id/train/predictions.pt",
      "predictions_jsonl": "/root/autodl-tmp/BayesVLM/output/ablate_uatb_full/id/ucf101/UATB_MIN/BAYESADAPTER/logit_scale_frozen/sigpar_0.005/sigperp_0.02/lu0_0/shot_8/seed_2/eval/id/train/predictions.jsonl",
      "bins_path": "/root/autodl-tmp/BayesVLM/output/ablate_uatb_full/id/ucf101/UATB_MIN/BAYESADAPTER/logit_scale_frozen/sigpar_0.005/sigperp_0.02/lu0_0/shot_8/seed_2/eval/id/train/calibration_bins.csv",
      "adaptive_bins_path": "/root/autodl-tmp/BayesVLM/output/ablate_uatb_full/id/ucf101/UATB_MIN/BAYESADAPTER/logit_scale_frozen/sigpar_0.005/sigperp_0.02/lu0_0/shot_8/seed_2/eval/id/train/adaptive_calibration_bins.csv",
      "selective_metrics_path": "/root/autodl-tmp/BayesVLM/output/ablate_uatb_full/id/ucf101/UATB_MIN/BAYESADAPTER/logit_scale_frozen/sigpar_0.005/sigperp_0.02/lu0_0/shot_8/seed_2/eval/id/train/selective_metrics.csv"
    },
    "val": {
      "split_name": "val",
      "metrics": {
        "loss": 0.5795336738150288,
        "acc": 0.845626950263977,
        "nlpd": 0.5783392190933228,
        "ece": 0.026902826502919197,
        "aece": 0.022269331020851657,
        "raw_cov_99": 0.39726027846336365,
        "sel_acc_99": 0.9893898963928223,
        "reliable_99": 0.0,
        "cov_99": 0.0,
        "class_cov_99": 0.0,
        "raw_cov_95": 0.568493127822876,
        "sel_acc_95": 0.9796107411384583,
        "reliable_95": 1.0,
        "cov_95": 0.568493127822876,
        "class_cov_95": 0.9603960396039604,
        "raw_cov_90": 0.6491042971611023,
        "sel_acc_90": 0.9715909361839294,
        "reliable_90": 1.0,
        "cov_90": 0.6491042971611023,
        "class_cov_90": 0.9900990099009901,
        "raw_cov_85": 0.701264500617981,
        "sel_acc_85": 0.960931658744812,
        "reliable_85": 1.0,
        "cov_85": 0.701264500617981,
        "class_cov_85": 0.9900990099009901,
        "raw_cov_80": 0.741833508014679,
        "sel_acc_80": 0.9495738744735718,
        "reliable_80": 1.0,
        "cov_80": 0.741833508014679,
        "class_cov_80": 1.0
      },
      "output_dir": "/root/autodl-tmp/BayesVLM/output/ablate_uatb_full/id/ucf101/UATB_MIN/BAYESADAPTER/logit_scale_frozen/sigpar_0.005/sigperp_0.02/lu0_0/shot_8/seed_2/eval/id/val",
      "metrics_path": "/root/autodl-tmp/BayesVLM/output/ablate_uatb_full/id/ucf101/UATB_MIN/BAYESADAPTER/logit_scale_frozen/sigpar_0.005/sigperp_0.02/lu0_0/shot_8/seed_2/eval/id/val/metrics.json",
      "predictions_pt": "/root/autodl-tmp/BayesVLM/output/ablate_uatb_full/id/ucf101/UATB_MIN/BAYESADAPTER/logit_scale_frozen/sigpar_0.005/sigperp_0.02/lu0_0/shot_8/seed_2/eval/id/val/predictions.pt",
      "predictions_jsonl": "/root/autodl-tmp/BayesVLM/output/ablate_uatb_full/id/ucf101/UATB_MIN/BAYESADAPTER/logit_scale_frozen/sigpar_0.005/sigperp_0.02/lu0_0/shot_8/seed_2/eval/id/val/predictions.jsonl",
      "bins_path": "/root/autodl-tmp/BayesVLM/output/ablate_uatb_full/id/ucf101/UATB_MIN/BAYESADAPTER/logit_scale_frozen/sigpar_0.005/sigperp_0.02/lu0_0/shot_8/seed_2/eval/id/val/calibration_bins.csv",
      "adaptive_bins_path": "/root/autodl-tmp/BayesVLM/output/ablate_uatb_full/id/ucf101/UATB_MIN/BAYESADAPTER/logit_scale_frozen/sigpar_0.005/sigperp_0.02/lu0_0/shot_8/seed_2/eval/id/val/adaptive_calibration_bins.csv",
      "selective_metrics_path": "/root/autodl-tmp/BayesVLM/output/ablate_uatb_full/id/ucf101/UATB_MIN/BAYESADAPTER/logit_scale_frozen/sigpar_0.005/sigperp_0.02/lu0_0/shot_8/seed_2/eval/id/val/selective_metrics.csv"
    },
    "test": {
      "split_name": "test",
      "metrics": {
        "loss": 0.7236641653309478,
        "acc": 0.7885276079177856,
        "nlpd": 0.7222561240196228,
        "ece": 0.04725755751132965,
        "aece": 0.04729784043919874,
        "raw_cov_99": 0.36267513036727905,
        "sel_acc_99": 0.991253674030304,
        "reliable_99": 1.0,
        "cov_99": 0.36267513036727905,
        "class_cov_99": 0.8316831683168316,
        "raw_cov_95": 0.5186359882354736,
        "sel_acc_95": 0.9785932898521423,
        "reliable_95": 1.0,
        "cov_95": 0.5186359882354736,
        "class_cov_95": 0.9702970297029703,
        "raw_cov_90": 0.6011102199554443,
        "sel_acc_90": 0.9595426321029663,
        "reliable_90": 1.0,
        "cov_90": 0.6011102199554443,
        "class_cov_90": 0.9900990099009901,
        "raw_cov_85": 0.6539783477783203,
        "sel_acc_85": 0.9482619166374207,
        "reliable_85": 1.0,
        "cov_85": 0.6539783477783203,
        "class_cov_85": 1.0,
        "raw_cov_80": 0.6909859776496887,
        "sel_acc_80": 0.9384085536003113,
        "reliable_80": 1.0,
        "cov_80": 0.6909859776496887,
        "class_cov_80": 1.0
      },
      "output_dir": "/root/autodl-tmp/BayesVLM/output/ablate_uatb_full/id/ucf101/UATB_MIN/BAYESADAPTER/logit_scale_frozen/sigpar_0.005/sigperp_0.02/lu0_0/shot_8/seed_2/eval/id/test",
      "metrics_path": "/root/autodl-tmp/BayesVLM/output/ablate_uatb_full/id/ucf101/UATB_MIN/BAYESADAPTER/logit_scale_frozen/sigpar_0.005/sigperp_0.02/lu0_0/shot_8/seed_2/eval/id/test/metrics.json",