threshold,selected_count,raw_coverage,selected_accuracy,reliable,coverage,covered_classes,classwise_coverage
0.99,79,0.3910891115665436,1.0,True,0.3910891115665436,56,0.5544554455445545
0.95,196,0.9702970385551453,1.0,True,0.9702970385551453,100,0.9900990099009901
0.9,201,0.9950494766235352,1.0,True,0.9950494766235352,101,1.0
0.85,202,1.0,1.0,True,1.0,101,1.0
0.8,202,1.0,1.0,True,1.0,101,1.0
