{
  "family": "vlm_adapter",
  "variant": "BAYESADAPTER",
  "protocol": "id",
  "dataset": "ucf101",
  "seed": 2,
  "evaluation_tasks": [
    "classification"
  ],
  "model_selection": "last",
  "selected_checkpoint": "last",
  "selected_epoch": 300,
  "selected_val_metrics": {
    "loss": 0.5795976134572567,
    "acc": 0.8466807007789612,
    "nlpd": 0.5783836245536804,
    "ece": 0.02324073389172554,
    "aece": 0.018073394910301875,
    "raw_cov_99": 0.3888303339481354,
    "sel_acc_99": 0.989159882068634,
    "reliable_99": 0.0,
    "cov_99": 0.0,
    "class_cov_99": 0.0,
    "raw_cov_95": 0.562170684337616,
    "sel_acc_95": 0.9803186655044556,
    "reliable_95": 1.0,
    "cov_95": 0.562170684337616,
    "class_cov_95": 0.9603960396039604,
    "raw_cov_90": 0.6396206617355347,
    "sel_acc_90": 0.9719933867454529,
    "reliable_90": 1.0,
    "cov_90": 0.6396206617355347,
    "class_cov_90": 0.9900990099009901,
    "raw_cov_85": 0.6970494985580444,
    "sel_acc_85": 0.9606953859329224,
    "reliable_85": 1.0,
    "cov_85": 0.6970494985580444,
    "class_cov_85": 0.9900990099009901,
    "raw_cov_80": 0.7365648150444031,
    "sel_acc_80": 0.95064377784729,
    "reliable_80": 1.0,
    "cov_80": 0.7365648150444031,
    "class_cov_80": 1.0
  },
  "classification": {
    "train": {
      "split_name": "train",
      "metrics": {
        "loss": 0.01832408383304235,
        "acc": 1.0,
        "nlpd": 0.0181184820830822,
        "ece": 0.017755577340722084,
        "aece": 0.017755470653571706,
        "raw_cov_99": 0.4752475321292877,
        "sel_acc_99": 1.0,
        "reliable_99": 1.0,
        "cov_99": 0.4752475321292877,
        "class_cov_99": 0.8514851485148515,
        "raw_cov_95": 0.9331682920455933,
        "sel_acc_95": 1.0,
        "reliable_95": 1.0,
        "cov_95": 0.9331682920455933,
        "class_cov_95": 1.0,
        "raw_cov_90": 0.9938119053840637,
        "sel_acc_90": 1.0,
        "reliable_90": 1.0,
        "cov_90": 0.9938119053840637,
        "class_cov_90": 1.0,
        "raw_cov_85": 0.9987623691558838,
        "sel_acc_85": 1.0,
        "reliable_85": 1.0,
        "cov_85": 0.9987623691558838,
        "class_cov_85": 1.0,
        "raw_cov_80": 1.0,
        "sel_acc_80": 1.0,
        "reliable_80": 1.0,
        "cov_80": 1.0,
        "class_cov_80": 1.0
      },
      "output_dir": "/root/autodl-tmp/BayesVLM/output/vlm_adapter/id/ucf101/BAYESADAPTER/BAYESADAPTER/logit_scale_frozen/prior_text_only__seed_2__last/shot_8/seed_2/eval/id/train",
      "metrics_path": "/root/autodl-tmp/BayesVLM/output/vlm_adapter/id/ucf101/BAYESADAPTER/BAYESADAPTER/logit_scale_frozen/prior_text_only__seed_2__last/shot_8/seed_2/eval/id/train/metrics.json",
      "predictions_pt": "/root/autodl-tmp/BayesVLM/output/vlm_adapter/id/ucf101/BAYESADAPTER/BAYESADAPTER/logit_scale_frozen/prior_text_only__seed_2__last/shot_8/seed_2/eval/id/train/predictions.pt",
      "predictions_jsonl": "/root/autodl-tmp/BayesVLM/output/vlm_adapter/id/ucf101/BAYESADAPTER/BAYESADAPTER/logit_scale_frozen/prior_text_only__seed_2__last/shot_8/seed_2/eval/id/train/predictions.jsonl",
      "bins_path": "/root/autodl-tmp/BayesVLM/output/vlm_adapter/id/ucf101/BAYESADAPTER/BAYESADAPTER/logit_scale_frozen/prior_text_only__seed_2__last/shot_8/seed_2/eval/id/train/calibration_bins.csv",
      "adaptive_bins_path": "/root/autodl-tmp/BayesVLM/output/vlm_adapter/id/ucf101/BAYESADAPTER/BAYESADAPTER/logit_scale_frozen/prior_text_only__seed_2__last/shot_8/seed_2/eval/id/train/adaptive_calibration_bins.csv",
      "selective_metrics_path": "/root/autodl-tmp/BayesVLM/output/vlm_adapter/id/ucf101/BAYESADAPTER/BAYESADAPTER/logit_scale_frozen/prior_text_only__seed_2__last/shot_8/seed_2/eval/id/train/selective_metrics.csv"
    },
    "val": {
      "split_name": "val",
      "metrics": {
        "loss": 0.580567522471019,
        "acc": 0.845626950263977,
        "nlpd": 0.5793523788452148,
        "ece": 0.022761233150959015,
        "aece": 0.023316879700810436,
        "raw_cov_99": 0.3888303339481354,
        "sel_acc_99": 0.989159882068634,
        "reliable_99": 0.0,
        "cov_99": 0.0,
        "class_cov_99": 0.0,
        "raw_cov_95": 0.5626975893974304,
        "sel_acc_95": 0.9812734127044678,
        "reliable_95": 1.0,
        "cov_95": 0.5626975893974304,
        "class_cov_95": 0.9603960396039604,
        "raw_cov_90": 0.6380400657653809,
        "sel_acc_90": 0.9710982441902161,
        "reliable_90": 1.0,
        "cov_90": 0.6380400657653809,
        "class_cov_90": 0.9900990099009901,
        "raw_cov_85": 0.6981032490730286,
        "sel_acc_85": 0.9615094065666199,
        "reliable_85": 1.0,
        "cov_85": 0.6981032490730286,
        "class_cov_85": 0.9900990099009901,
        "raw_cov_80": 0.7397260069847107,
        "sel_acc_80": 0.9494302272796631,
        "reliable_80": 1.0,
        "cov_80": 0.7397260069847107,
        "class_cov_80": 1.0
      },
      "output_dir": "/root/autodl-tmp/BayesVLM/output/vlm_adapter/id/ucf101/BAYESADAPTER/BAYESADAPTER/logit_scale_frozen/prior_text_only__seed_2__last/shot_8/seed_2/eval/id/val",
      "metrics_path": "/root/autodl-tmp/BayesVLM/output/vlm_adapter/id/ucf101/BAYESADAPTER/BAYESADAPTER/logit_scale_frozen/prior_text_only__seed_2__last/shot_8/seed_2/eval/id/val/metrics.json",
      "predictions_pt": "/root/autodl-tmp/BayesVLM/output/vlm_adapter/id/ucf101/BAYESADAPTER/BAYESADAPTER/logit_scale_frozen/prior_text_only__seed_2__last/shot_8/seed_2/eval/id/val/predictions.pt",
      "predictions_jsonl": "/root/autodl-tmp/BayesVLM/output/vlm_adapter/id/ucf101/BAYESADAPTER/BAYESADAPTER/logit_scale_frozen/prior_text_only__seed_2__last/shot_8/seed_2/eval/id/val/predictions.jsonl",
      "bins_path": "/root/autodl-tmp/BayesVLM/output/vlm_adapter/id/ucf101/BAYESADAPTER/BAYESADAPTER/logit_scale_frozen/prior_text_only__seed_2__last/shot_8/seed_2/eval/id/val/calibration_bins.csv",
      "adaptive_bins_path": "/root/autodl-tmp/BayesVLM/output/vlm_adapter/id/ucf101/BAYESADAPTER/BAYESADAPTER/logit_scale_frozen/prior_text_only__seed_2__last/shot_8/seed_2/eval/id/val/adaptive_calibration_bins.csv",
      "selective_metrics_path": "/root/autodl-tmp/BayesVLM/output/vlm_adapter/id/ucf101/BAYESADAPTER/BAYESADAPTER/logit_scale_frozen/prior_text_only__seed_2__last/shot_8/seed_2/eval/id/val/selective_metrics.csv"
    },
    "test": {
      "split_name": "test",
      "metrics": {
        "loss": 0.722411427080647,
        "acc": 0.7872059345245361,
        "nlpd": 0.7209838628768921,
        "ece": 0.04710182920098305,
        "aece": 0.04666623945845015,
        "raw_cov_99": 0.3576526641845703,
        "sel_acc_99": 0.9918699264526367,
        "reliable_99": 1.0,
        "cov_99": 0.3576526641845703,
        "class_cov_99": 0.8217821782178217,
        "raw_cov_95": 0.5154638886451721,
        "sel_acc_95": 0.9794871807098389,
        "reliable_95": 1.0,
        "cov_95": 0.5154638886451721,
        "class_cov_95": 0.9702970297029703,
        "raw_cov_90": 0.5987311601638794,
        "sel_acc_90": 0.9607064127922058,
        "reliable_90": 1.0,
        "cov_90": 0.5987311601638794,
        "class_cov_90": 0.9900990099009901,
        "raw_cov_85": 0.6494845151901245,
        "sel_acc_85": 0.9491249322891235,
        "reliable_85": 1.0,
        "cov_85": 0.6494845151901245,
        "class_cov_85": 1.0,
        "raw_cov_80": 0.6886069178581238,
        "sel_acc_80": 0.9378119111061096,
        "reliable_80": 1.0,
        "cov_80": 0.6886069178581238,
        "class_cov_80": 1.0
      },
      "output_dir": "/root/autodl-tmp/BayesVLM/output/vlm_adapter/id/ucf101/BAYESADAPTER/BAYESADAPTER/logit_scale_frozen/prior_text_only__seed_2__last/shot_8/seed_2/eval/id/test",
      "metrics_path": "/root/autodl-tmp/BayesVLM/output/vlm_adapter/id/ucf101/BAYESADAPTER/BAYESADAPTER/logit_scale_frozen/prior_text_only__seed_2__last/shot_8/seed_2/eval/id/test/metrics.json",