{
  "family": "vlm_adapter",
  "variant": "UATB_MIN",
  "protocol": "id",
  "dataset": "ucf101",
  "seed": 3,
  "evaluation_tasks": [
    "classification"
  ],
  "model_selection": "last",
  "selected_checkpoint": "last",
  "selected_epoch": 300,
  "selected_val_metrics": {
    "loss": 0.7039807203320985,
    "acc": 0.7945205569267273,
    "nlpd": 0.7025373578071594,
    "ece": 0.039809614419937134,
    "aece": 0.04043753675967298,
    "raw_cov_99": 0.3366701900959015,
    "sel_acc_99": 0.9968701004981995,
    "reliable_99": 1.0,
    "cov_99": 0.3366701900959015,
    "class_cov_99": 0.8118811881188119,
    "raw_cov_95": 0.5115911364555359,
    "sel_acc_95": 0.9835221171379089,
    "reliable_95": 1.0,
    "cov_95": 0.5115911364555359,
    "class_cov_95": 0.9702970297029703,
    "raw_cov_90": 0.5953635573387146,
    "sel_acc_90": 0.969911515712738,
    "reliable_90": 1.0,
    "cov_90": 0.5953635573387146,
    "class_cov_90": 0.9900990099009901,
    "raw_cov_85": 0.6448893547058105,
    "sel_acc_85": 0.959967315196991,
    "reliable_85": 1.0,
    "cov_85": 0.6448893547058105,
    "class_cov_85": 0.9900990099009901,
    "raw_cov_80": 0.6965226531028748,
    "sel_acc_80": 0.9455370903015137,
    "reliable_80": 1.0,
    "cov_80": 0.6965226531028748,
    "class_cov_80": 1.0
  },
  "classification": {
    "train": {
      "split_name": "train",
      "metrics": {
        "loss": 0.0152280072192892,
        "acc": 1.0,
        "nlpd": 0.015048405155539513,
        "ece": 0.014853298664093018,
        "aece": 0.01485340238207638,
        "raw_cov_99": 0.43316832184791565,
        "sel_acc_99": 1.0,
        "reliable_99": 1.0,
        "cov_99": 0.43316832184791565,
        "class_cov_99": 0.7722772277227723,
        "raw_cov_95": 0.9876237511634827,
        "sel_acc_95": 1.0,
        "reliable_95": 1.0,
        "cov_95": 0.9876237511634827,
        "class_cov_95": 1.0,
        "raw_cov_90": 1.0,
        "sel_acc_90": 1.0,
        "reliable_90": 1.0,
        "cov_90": 1.0,
        "class_cov_90": 1.0,
        "raw_cov_85": 1.0,
        "sel_acc_85": 1.0,
        "reliable_85": 1.0,
        "cov_85": 1.0,
        "class_cov_85": 1.0,
        "raw_cov_80": 1.0,
        "sel_acc_80": 1.0,
        "reliable_80": 1.0,
        "cov_80": 1.0,
        "class_cov_80": 1.0
      },
      "output_dir": "/root/autodl-tmp/BayesVLM/output/ablate_uatb_full/id/ucf101/UATB_MIN/BAYESADAPTER/logit_scale_frozen/sigpar_0.005/sigperp_0.02/lu0_0.01/shot_4/seed_3/eval/id/train",
      "metrics_path": "/root/autodl-tmp/BayesVLM/output/ablate_uatb_full/id/ucf101/UATB_MIN/BAYESADAPTER/logit_scale_frozen/sigpar_0.005/sigperp_0.02/lu0_0.01/shot_4/seed_3/eval/id/train/metrics.json",
      "predictions_pt": "/root/autodl-tmp/BayesVLM/output/ablate_uatb_full/id/ucf101/UATB_MIN/BAYESADAPTER/logit_scale_frozen/sigpar_0.005/sigperp_0.02/lu0_0.01/shot_4/seed_3/eval/id/train/predictions.pt",
      "predictions_jsonl": "/root/autodl-tmp/BayesVLM/output/ablate_uatb_full/id/ucf101/UATB_MIN/BAYESADAPTER/logit_scale_frozen/sigpar_0.005/sigperp_0.02/lu0_0.01/shot_4/seed_3/eval/id/train/predictions.jsonl",
      "bins_path": "/root/autodl-tmp/BayesVLM/output/ablate_uatb_full/id/ucf101/UATB_MIN/BAYESADAPTER/logit_scale_frozen/sigpar_0.005/sigperp_0.02/lu0_0.01/shot_4/seed_3/eval/id/train/calibration_bins.csv",
      "adaptive_bins_path": "/root/autodl-tmp/BayesVLM/output/ablate_uatb_full/id/ucf101/UATB_MIN/BAYESADAPTER/logit_scale_frozen/sigpar_0.005/sigperp_0.02/lu0_0.01/shot_4/seed_3/eval/id/train/adaptive_calibration_bins.csv",
      "selective_metrics_path": "/root/autodl-tmp/BayesVLM/output/ablate_uatb_full/id/ucf101/UATB_MIN/BAYESADAPTER/logit_scale_frozen/sigpar_0.005/sigperp_0.02/lu0_0.01/shot_4/seed_3/eval/id/train/selective_metrics.csv"
    },
    "val": {
      "split_name": "val",
      "metrics": {
        "loss": 0.7065142496117048,
        "acc": 0.792413055896759,
        "nlpd": 0.7050862908363342,
        "ece": 0.04147076979279518,
        "aece": 0.04211022303654597,
        "raw_cov_99": 0.3366701900959015,
        "sel_acc_99": 0.9968701004981995,
        "reliable_99": 1.0,
        "cov_99": 0.3366701900959015,
        "class_cov_99": 0.8118811881188119,
        "raw_cov_95": 0.5084299445152283,
        "sel_acc_95": 0.984455943107605,
        "reliable_95": 1.0,
        "cov_95": 0.5084299445152283,
        "class_cov_95": 0.9603960396039604,
        "raw_cov_90": 0.5900948643684387,
        "sel_acc_90": 0.9705356955528259,
        "reliable_90": 1.0,
        "cov_90": 0.5900948643684387,
        "class_cov_90": 0.9900990099009901,
        "raw_cov_85": 0.6412012577056885,
        "sel_acc_85": 0.9597370624542236,
        "reliable_85": 1.0,
        "cov_85": 0.6412012577056885,
        "class_cov_85": 0.9900990099009901,
        "raw_cov_80": 0.6996839046478271,
        "sel_acc_80": 0.9412650465965271,
        "reliable_80": 1.0,
        "cov_80": 0.6996839046478271,
        "class_cov_80": 1.0
      },
      "output_dir": "/root/autodl-tmp/BayesVLM/output/ablate_uatb_full/id/ucf101/UATB_MIN/BAYESADAPTER/logit_scale_frozen/sigpar_0.005/sigperp_0.02/lu0_0.01/shot_4/seed_3/eval/id/val",
      "metrics_path": "/root/autodl-tmp/BayesVLM/output/ablate_uatb_full/id/ucf101/UATB_MIN/BAYESADAPTER/logit_scale_frozen/sigpar_0.005/sigperp_0.02/lu0_0.01/shot_4/seed_3/eval/id/val/metrics.json",
      "predictions_pt": "/root/autodl-tmp/BayesVLM/output/ablate_uatb_full/id/ucf101/UATB_MIN/BAYESADAPTER/logit_scale_frozen/sigpar_0.005/sigperp_0.02/lu0_0.01/shot_4/seed_3/eval/id/val/predictions.pt",
      "predictions_jsonl": "/root/autodl-tmp/BayesVLM/output/ablate_uatb_full/id/ucf101/UATB_MIN/BAYESADAPTER/logit_scale_frozen/sigpar_0.005/sigperp_0.02/lu0_0.01/shot_4/seed_3/eval/id/val/predictions.jsonl",
      "bins_path": "/root/autodl-tmp/BayesVLM/output/ablate_uatb_full/id/ucf101/UATB_MIN/BAYESADAPTER/logit_scale_frozen/sigpar_0.005/sigperp_0.02/lu0_0.01/shot_4/seed_3/eval/id/val/calibration_bins.csv",
      "adaptive_bins_path": "/root/autodl-tmp/BayesVLM/output/ablate_uatb_full/id/ucf101/UATB_MIN/BAYESADAPTER/logit_scale_frozen/sigpar_0.005/sigperp_0.02/lu0_0.01/shot_4/seed_3/eval/id/val/adaptive_calibration_bins.csv",
      "selective_metrics_path": "/root/autodl-tmp/BayesVLM/output/ablate_uatb_full/id/ucf101/UATB_MIN/BAYESADAPTER/logit_scale_frozen/sigpar_0.005/sigperp_0.02/lu0_0.01/shot_4/seed_3/eval/id/val/selective_metrics.csv"
    },
    "test": {
      "split_name": "test",
      "metrics": {
        "loss": 0.855933614549831,
        "acc": 0.7570710778236389,
        "nlpd": 0.8544347286224365,
        "ece": 0.059178657829761505,
        "aece": 0.05917867952369364,
        "raw_cov_99": 0.3169442117214203,
        "sel_acc_99": 0.992493748664856,
        "reliable_99": 1.0,
        "cov_99": 0.3169442117214203,
        "class_cov_99": 0.801980198019802,
        "raw_cov_95": 0.47819191217422485,
        "sel_acc_95": 0.9729132056236267,
        "reliable_95": 1.0,
        "cov_95": 0.47819191217422485,
        "class_cov_95": 0.9702970297029703,
        "raw_cov_90": 0.5596087574958801,
        "sel_acc_90": 0.952290952205658,
        "reliable_90": 1.0,
        "cov_90": 0.5596087574958801,
        "class_cov_90": 0.9900990099009901,
        "raw_cov_85": 0.6130055785179138,
        "sel_acc_85": 0.9426476955413818,
        "reliable_85": 1.0,
        "cov_85": 0.6130055785179138,
        "class_cov_85": 1.0,
        "raw_cov_80": 0.657150387763977,
        "sel_acc_80": 0.9267899990081787,
        "reliable_80": 1.0,
        "cov_80": 0.657150387763977,
        "class_cov_80": 1.0
      },
      "output_dir": "/root/autodl-tmp/BayesVLM/output/ablate_uatb_full/id/ucf101/UATB_MIN/BAYESADAPTER/logit_scale_frozen/sigpar_0.005/sigperp_0.02/lu0_0.01/shot_4/seed_3/eval/id/test",
      "metrics_path": "/root/autodl-tmp/BayesVLM/output/ablate_uatb_full/id/ucf101/UATB_MIN/BAYESADAPTER/logit_scale_frozen/sigpar_0.005/sigperp_0.02/lu0_0.01/shot_4/seed_3/eval/id/test/metrics.json",