{
  "loss": 0.015506288184240312,
  "acc": 1.0,
  "nlpd": 0.015323215164244175,
  "ece": 0.015111327171325684,
  "aece": 0.015111313893063234,
  "raw_cov_99": 0.448019802570343,
  "sel_acc_99": 1.0,
  "reliable_99": 1.0,
  "cov_99": 0.448019802570343,
  "class_cov_99": 0.7722772277227723,
  "raw_cov_95": 0.9801980257034302,
  "sel_acc_95": 1.0,
  "reliable_95": 1.0,
  "cov_95": 0.9801980257034302,
  "class_cov_95": 1.0,
  "raw_cov_90": 1.0,
  "sel_acc_90": 1.0,
  "reliable_90": 1.0,
  "cov_90": 1.0,
  "class_cov_90": 1.0,
  "raw_cov_85": 1.0,
  "sel_acc_85": 1.0,
  "reliable_85": 1.0,
  "cov_85": 1.0,
  "class_cov_85": 1.0,
  "raw_cov_80": 1.0,
  "sel_acc_80": 1.0,
  "reliable_80": 1.0,
  "cov_80": 1.0,
  "class_cov_80": 1.0
}