{
  "loss": 0.014631473533071504,
  "acc": 1.0,
  "nlpd": 0.014469340443611145,
  "ece": 0.01425069011747837,
  "aece": 0.014250605191924783,
  "raw_cov_99": 0.5037128925323486,
  "sel_acc_99": 1.0,
  "reliable_99": 1.0,
  "cov_99": 0.5037128925323486,
  "class_cov_99": 0.9504950495049505,
  "raw_cov_95": 0.969059407711029,
  "sel_acc_95": 1.0,
  "reliable_95": 1.0,
  "cov_95": 0.969059407711029,
  "class_cov_95": 1.0,
  "raw_cov_90": 0.9987623691558838,
  "sel_acc_90": 1.0,
  "reliable_90": 1.0,
  "cov_90": 0.9987623691558838,
  "class_cov_90": 1.0,
  "raw_cov_85": 1.0,
  "sel_acc_85": 1.0,
  "reliable_85": 1.0,
  "cov_85": 1.0,
  "class_cov_85": 1.0,
  "raw_cov_80": 1.0,
  "sel_acc_80": 1.0,
  "reliable_80": 1.0,
  "cov_80": 1.0,
  "class_cov_80": 1.0
}