{
  "family": "vlm_adapter",
  "variant": "BAYESADAPTER",
  "protocol": "id",
  "dataset": "ucf101",
  "seed": 2,
  "evaluation_tasks": [
    "classification"
  ],
  "model_selection": "last",
  "selected_checkpoint": "last",
  "selected_epoch": 300,
  "selected_val_metrics": {
    "loss": 1.0816930077726647,
    "acc": 0.7239199280738831,
    "nlpd": 1.0799777507781982,
    "ece": 0.0781419575214386,
    "aece": 0.0770773225011514,
    "raw_cov_99": 0.26765015721321106,
    "sel_acc_99": 0.9842519760131836,
    "reliable_99": 0.0,
    "cov_99": 0.0,
    "class_cov_99": 0.0,
    "raw_cov_95": 0.41991570591926575,
    "sel_acc_95": 0.961104154586792,
    "reliable_95": 1.0,
    "cov_95": 0.41991570591926575,
    "class_cov_95": 0.8811881188118812,
    "raw_cov_90": 0.5110642910003662,
    "sel_acc_90": 0.938144326210022,
    "reliable_90": 1.0,
    "cov_90": 0.5110642910003662,
    "class_cov_90": 0.9504950495049505,
    "raw_cov_85": 0.5669125318527222,
    "sel_acc_85": 0.9182156324386597,
    "reliable_85": 1.0,
    "cov_85": 0.5669125318527222,
    "class_cov_85": 0.9801980198019802,
    "raw_cov_80": 0.6227607727050781,
    "sel_acc_80": 0.8976311087608337,
    "reliable_80": 1.0,
    "cov_80": 0.6227607727050781,
    "class_cov_80": 1.0
  },
  "classification": {
    "train": {
      "split_name": "train",
      "metrics": {
        "loss": 0.007102783303707838,
        "acc": 1.0,
        "nlpd": 0.007009108550846577,
        "ece": 0.0069651007652282715,
        "aece": 0.006965092503198303,
        "raw_cov_99": 0.8613861203193665,
        "sel_acc_99": 1.0,
        "reliable_99": 1.0,
        "cov_99": 0.8613861203193665,
        "class_cov_99": 0.8613861386138614,
        "raw_cov_95": 1.0,
        "sel_acc_95": 1.0,
        "reliable_95": 1.0,
        "cov_95": 1.0,
        "class_cov_95": 1.0,
        "raw_cov_90": 1.0,
        "sel_acc_90": 1.0,
        "reliable_90": 1.0,
        "cov_90": 1.0,
        "class_cov_90": 1.0,
        "raw_cov_85": 1.0,
        "sel_acc_85": 1.0,
        "reliable_85": 1.0,
        "cov_85": 1.0,
        "class_cov_85": 1.0,
        "raw_cov_80": 1.0,
        "sel_acc_80": 1.0,
        "reliable_80": 1.0,
        "cov_80": 1.0,
        "class_cov_80": 1.0
      },
      "output_dir": "/root/autodl-tmp/BayesVLM/output/vlm_adapter/id/ucf101/BAYESADAPTER/BAYESADAPTER/logit_scale_frozen/prior_text_only__seed_2__last/shot_1/seed_2/eval/id/train",
      "metrics_path": "/root/autodl-tmp/BayesVLM/output/vlm_adapter/id/ucf101/BAYESADAPTER/BAYESADAPTER/logit_scale_frozen/prior_text_only__seed_2__last/shot_1/seed_2/eval/id/train/metrics.json",
      "predictions_pt": "/root/autodl-tmp/BayesVLM/output/vlm_adapter/id/ucf101/BAYESADAPTER/BAYESADAPTER/logit_scale_frozen/prior_text_only__seed_2__last/shot_1/seed_2/eval/id/train/predictions.pt",
      "predictions_jsonl": "/root/autodl-tmp/BayesVLM/output/vlm_adapter/id/ucf101/BAYESADAPTER/BAYESADAPTER/logit_scale_frozen/prior_text_only__seed_2__last/shot_1/seed_2/eval/id/train/predictions.jsonl",
      "bins_path": "/root/autodl-tmp/BayesVLM/output/vlm_adapter/id/ucf101/BAYESADAPTER/BAYESADAPTER/logit_scale_frozen/prior_text_only__seed_2__last/shot_1/seed_2/eval/id/train/calibration_bins.csv",
      "adaptive_bins_path": "/root/autodl-tmp/BayesVLM/output/vlm_adapter/id/ucf101/BAYESADAPTER/BAYESADAPTER/logit_scale_frozen/prior_text_only__seed_2__last/shot_1/seed_2/eval/id/train/adaptive_calibration_bins.csv",
      "selective_metrics_path": "/root/autodl-tmp/BayesVLM/output/vlm_adapter/id/ucf101/BAYESADAPTER/BAYESADAPTER/logit_scale_frozen/prior_text_only__seed_2__last/shot_1/seed_2/eval/id/train/selective_metrics.csv"
    },
    "val": {
      "split_name": "val",
      "metrics": {
        "loss": 1.0845163793031232,
        "acc": 0.7249736785888672,
        "nlpd": 1.0827350616455078,
        "ece": 0.07603715360164642,
        "aece": 0.07603715751143476,
        "raw_cov_99": 0.26923078298568726,
        "sel_acc_99": 0.9823874831199646,
        "reliable_99": 0.0,
        "cov_99": 0.0,
        "class_cov_99": 0.0,
        "raw_cov_95": 0.42307692766189575,
        "sel_acc_95": 0.9601494669914246,
        "reliable_95": 1.0,
        "cov_95": 0.42307692766189575,
        "class_cov_95": 0.8811881188118812,
        "raw_cov_90": 0.508956789970398,
        "sel_acc_90": 0.9389234185218811,
        "reliable_90": 1.0,
        "cov_90": 0.508956789970398,
        "class_cov_90": 0.9504950495049505,
        "raw_cov_85": 0.5700737833976746,
        "sel_acc_85": 0.9177449345588684,
        "reliable_85": 1.0,
        "cov_85": 0.5700737833976746,
        "class_cov_85": 0.9801980198019802,
        "raw_cov_80": 0.6217070817947388,
        "sel_acc_80": 0.8983050584793091,
        "reliable_80": 1.0,
        "cov_80": 0.6217070817947388,
        "class_cov_80": 1.0
      },
      "output_dir": "/root/autodl-tmp/BayesVLM/output/vlm_adapter/id/ucf101/BAYESADAPTER/BAYESADAPTER/logit_scale_frozen/prior_text_only__seed_2__last/shot_1/seed_2/eval/id/val",
      "metrics_path": "/root/autodl-tmp/BayesVLM/output/vlm_adapter/id/ucf101/BAYESADAPTER/BAYESADAPTER/logit_scale_frozen/prior_text_only__seed_2__last/shot_1/seed_2/eval/id/val/metrics.json",
      "predictions_pt": "/root/autodl-tmp/BayesVLM/output/vlm_adapter/id/ucf101/BAYESADAPTER/BAYESADAPTER/logit_scale_frozen/prior_text_only__seed_2__last/shot_1/seed_2/eval/id/val/predictions.pt",
      "predictions_jsonl": "/root/autodl-tmp/BayesVLM/output/vlm_adapter/id/ucf101/BAYESADAPTER/BAYESADAPTER/logit_scale_frozen/prior_text_only__seed_2__last/shot_1/seed_2/eval/id/val/predictions.jsonl",
      "bins_path": "/root/autodl-tmp/BayesVLM/output/vlm_adapter/id/ucf101/BAYESADAPTER/BAYESADAPTER/logit_scale_frozen/prior_text_only__seed_2__last/shot_1/seed_2/eval/id/val/calibration_bins.csv",
      "adaptive_bins_path": "/root/autodl-tmp/BayesVLM/output/vlm_adapter/id/ucf101/BAYESADAPTER/BAYESADAPTER/logit_scale_frozen/prior_text_only__seed_2__last/shot_1/seed_2/eval/id/val/adaptive_calibration_bins.csv",
      "selective_metrics_path": "/root/autodl-tmp/BayesVLM/output/vlm_adapter/id/ucf101/BAYESADAPTER/BAYESADAPTER/logit_scale_frozen/prior_text_only__seed_2__last/shot_1/seed_2/eval/id/val/selective_metrics.csv"
    },
    "test": {
      "split_name": "test",
      "metrics": {
        "loss": 1.101656876825448,
        "acc": 0.7012952566146851,
        "nlpd": 1.0998436212539673,
        "ece": 0.08558260649442673,
        "aece": 0.0856646344936181,
        "raw_cov_99": 0.26830556988716125,
        "sel_acc_99": 0.9871920943260193,
        "reliable_99": 0.0,
        "cov_99": 0.0,
        "class_cov_99": 0.0,
        "raw_cov_95": 0.4203013479709625,
        "sel_acc_95": 0.9584905505180359,
        "reliable_95": 1.0,
        "cov_95": 0.4203013479709625,
        "class_cov_95": 0.9405940594059405,
        "raw_cov_90": 0.49537405371665955,
        "sel_acc_90": 0.9306296706199646,
        "reliable_90": 1.0,
        "cov_90": 0.49537405371665955,
        "class_cov_90": 0.9900990099009901,
        "raw_cov_85": 0.5479778051376343,
        "sel_acc_85": 0.913651704788208,
        "reliable_85": 1.0,
        "cov_85": 0.5479778051376343,
        "class_cov_85": 1.0,
        "raw_cov_80": 0.5950304269790649,
        "sel_acc_80": 0.8929364681243896,
        "reliable_80": 1.0,
        "cov_80": 0.5950304269790649,
        "class_cov_80": 1.0
      },
      "output_dir": "/root/autodl-tmp/BayesVLM/output/vlm_adapter/id/ucf101/BAYESADAPTER/BAYESADAPTER/logit_scale_frozen/prior_text_only__seed_2__last/shot_1/seed_2/eval/id/test",
      "metrics_path": "/root/autodl-tmp/BayesVLM/output/vlm_adapter/id/ucf101/BAYESADAPTER/BAYESADAPTER/logit_scale_frozen/prior_text_only__seed_2__last/shot_1/seed_2/eval/id/test/metrics.json",
      "predictions_pt": "/root/autodl-tmp/BayesVLM/output/vlm_adapter/id/ucf101/BAYESADAPTER/BAYESADAPTER/logit_scale_frozen/prior_text_only__seed_2__last/shot_1/seed_2/eval/id/test/predictions.pt",