{
  "loss": 0.1748677621973623,
  "acc": 1.0,
  "nlpd": 0.17486771941184998,
  "ece": 0.15151558816432953
}