{
  "loss": 0.006143747828900814,
  "acc": 1.0,
  "nlpd": 0.006068841554224491,
  "ece": 0.006044149398803711,
  "aece": 0.006044135825468763,
  "raw_cov_99": 0.8811880946159363,
  "sel_acc_99": 1.0,
  "reliable_99": 1.0,
  "cov_99": 0.8811880946159363,
  "class_cov_99": 0.8811881188118812,
  "raw_cov_95": 1.0,
  "sel_acc_95": 1.0,
  "reliable_95": 1.0,
  "cov_95": 1.0,
  "class_cov_95": 1.0,
  "raw_cov_90": 1.0,
  "sel_acc_90": 1.0,
  "reliable_90": 1.0,
  "cov_90": 1.0,
  "class_cov_90": 1.0,
  "raw_cov_85": 1.0,
  "sel_acc_85": 1.0,
  "reliable_85": 1.0,
  "cov_85": 1.0,
  "class_cov_85": 1.0,
  "raw_cov_80": 1.0,
  "sel_acc_80": 1.0,
  "reliable_80": 1.0,
  "cov_80": 1.0,
  "class_cov_80": 1.0
}