{
  "family": "vlm_adapter",
  "variant": "BAYESADAPTER",
  "protocol": "id",
  "dataset": "ucf101",
  "seed": 2,
  "evaluation_tasks": [
    "classification"
  ],
  "model_selection": "last",
  "selected_checkpoint": "last",
  "selected_epoch": 300,
  "selected_val_metrics": {
    "loss": 0.4401585214130494,
    "acc": 0.8756585717201233,
    "nlpd": 0.43915778398513794,
    "ece": 0.014363512396812439,
    "aece": 0.01187836301088082,
    "raw_cov_99": 0.44731295108795166,
    "sel_acc_99": 0.9941107034683228,
    "reliable_99": 1.0,
    "cov_99": 0.44731295108795166,
    "class_cov_99": 0.9207920792079208,
    "raw_cov_95": 0.6317176222801208,
    "sel_acc_95": 0.9866555333137512,
    "reliable_95": 1.0,
    "cov_95": 0.6317176222801208,
    "class_cov_95": 0.9900990099009901,
    "raw_cov_90": 0.7033719420433044,
    "sel_acc_90": 0.9782771468162537,
    "reliable_90": 1.0,
    "cov_90": 0.7033719420433044,
    "class_cov_90": 1.0,
    "raw_cov_85": 0.7523708939552307,
    "sel_acc_85": 0.9733893275260925,
    "reliable_85": 1.0,
    "cov_85": 0.7523708939552307,
    "class_cov_85": 1.0,
    "raw_cov_80": 0.782402515411377,
    "sel_acc_80": 0.967003345489502,
    "reliable_80": 1.0,
    "cov_80": 0.782402515411377,
    "class_cov_80": 1.0
  },
  "classification": {
    "train": {
      "split_name": "train",
      "metrics": {
        "loss": 0.021257833752891805,
        "acc": 1.0,
        "nlpd": 0.021011238917708397,
        "ece": 0.020445723086595535,
        "aece": 0.02044567366195197,
        "raw_cov_99": 0.49690595269203186,
        "sel_acc_99": 1.0,
        "reliable_99": 1.0,
        "cov_99": 0.49690595269203186,
        "class_cov_99": 0.9801980198019802,
        "raw_cov_95": 0.8762376308441162,
        "sel_acc_95": 1.0,
        "reliable_95": 1.0,
        "cov_95": 0.8762376308441162,
        "class_cov_95": 1.0,
        "raw_cov_90": 0.9851484894752502,
        "sel_acc_90": 1.0,
        "reliable_90": 1.0,
        "cov_90": 0.9851484894752502,
        "class_cov_90": 1.0,
        "raw_cov_85": 0.9975247383117676,
        "sel_acc_85": 1.0,
        "reliable_85": 1.0,
        "cov_85": 0.9975247383117676,
        "class_cov_85": 1.0,
        "raw_cov_80": 0.9993811845779419,
        "sel_acc_80": 1.0,
        "reliable_80": 1.0,
        "cov_80": 0.9993811845779419,
        "class_cov_80": 1.0
      },
      "output_dir": "/root/autodl-tmp/BayesVLM/output/vlm_adapter/id/ucf101/BAYESADAPTER/BAYESADAPTER/logit_scale_frozen/prior_text_only__seed_2__last/shot_16/seed_2/eval/id/train",
      "metrics_path": "/root/autodl-tmp/BayesVLM/output/vlm_adapter/id/ucf101/BAYESADAPTER/BAYESADAPTER/logit_scale_frozen/prior_text_only__seed_2__last/shot_16/seed_2/eval/id/train/metrics.json",
      "predictions_pt": "/root/autodl-tmp/BayesVLM/output/vlm_adapter/id/ucf101/BAYESADAPTER/BAYESADAPTER/logit_scale_frozen/prior_text_only__seed_2__last/shot_16/seed_2/eval/id/train/predictions.pt",
      "predictions_jsonl": "/root/autodl-tmp/BayesVLM/output/vlm_adapter/id/ucf101/BAYESADAPTER/BAYESADAPTER/logit_scale_frozen/prior_text_only__seed_2__last/shot_16/seed_2/eval/id/train/predictions.jsonl",
      "bins_path": "/root/autodl-tmp/BayesVLM/output/vlm_adapter/id/ucf101/BAYESADAPTER/BAYESADAPTER/logit_scale_frozen/prior_text_only__seed_2__last/shot_16/seed_2/eval/id/train/calibration_bins.csv",
      "adaptive_bins_path": "/root/autodl-tmp/BayesVLM/output/vlm_adapter/id/ucf101/BAYESADAPTER/BAYESADAPTER/logit_scale_frozen/prior_text_only__seed_2__last/shot_16/seed_2/eval/id/train/adaptive_calibration_bins.csv",
      "selective_metrics_path": "/root/autodl-tmp/BayesVLM/output/vlm_adapter/id/ucf101/BAYESADAPTER/BAYESADAPTER/logit_scale_frozen/prior_text_only__seed_2__last/shot_16/seed_2/eval/id/train/selective_metrics.csv"
    },
    "val": {
      "split_name": "val",
      "metrics": {
        "loss": 0.44102001780579286,
        "acc": 0.8772392272949219,
        "nlpd": 0.4400111734867096,
        "ece": 0.012428833171725273,
        "aece": 0.011478453560548791,
        "raw_cov_99": 0.4452054798603058,
        "sel_acc_99": 0.9964497089385986,
        "reliable_99": 1.0,
        "cov_99": 0.4452054798603058,
        "class_cov_99": 0.9207920792079208,
        "raw_cov_95": 0.6306638717651367,
        "sel_acc_95": 0.9857978224754333,
        "reliable_95": 1.0,
        "cov_95": 0.6306638717651367,
        "class_cov_95": 0.9900990099009901,
        "raw_cov_90": 0.7054794430732727,
        "sel_acc_90": 0.9783420562744141,
        "reliable_90": 1.0,
        "cov_90": 0.7054794430732727,
        "class_cov_90": 1.0,
        "raw_cov_85": 0.7523708939552307,
        "sel_acc_85": 0.9726890921592712,
        "reliable_85": 1.0,
        "cov_85": 0.7523708939552307,
        "class_cov_85": 1.0,
        "raw_cov_80": 0.7818756699562073,
        "sel_acc_80": 0.9656334519386292,
        "reliable_80": 1.0,
        "cov_80": 0.7818756699562073,
        "class_cov_80": 1.0
      },
      "output_dir": "/root/autodl-tmp/BayesVLM/output/vlm_adapter/id/ucf101/BAYESADAPTER/BAYESADAPTER/logit_scale_frozen/prior_text_only__seed_2__last/shot_16/seed_2/eval/id/val",
      "metrics_path": "/root/autodl-tmp/BayesVLM/output/vlm_adapter/id/ucf101/BAYESADAPTER/BAYESADAPTER/logit_scale_frozen/prior_text_only__seed_2__last/shot_16/seed_2/eval/id/val/metrics.json",
      "predictions_pt": "/root/autodl-tmp/BayesVLM/output/vlm_adapter/id/ucf101/BAYESADAPTER/BAYESADAPTER/logit_scale_frozen/prior_text_only__seed_2__last/shot_16/seed_2/eval/id/val/predictions.pt",
      "predictions_jsonl": "/root/autodl-tmp/BayesVLM/output/vlm_adapter/id/ucf101/BAYESADAPTER/BAYESADAPTER/logit_scale_frozen/prior_text_only__seed_2__last/shot_16/seed_2/eval/id/val/predictions.jsonl",
      "bins_path": "/root/autodl-tmp/BayesVLM/output/vlm_adapter/id/ucf101/BAYESADAPTER/BAYESADAPTER/logit_scale_frozen/prior_text_only__seed_2__last/shot_16/seed_2/eval/id/val/calibration_bins.csv",
      "adaptive_bins_path": "/root/autodl-tmp/BayesVLM/output/vlm_adapter/id/ucf101/BAYESADAPTER/BAYESADAPTER/logit_scale_frozen/prior_text_only__seed_2__last/shot_16/seed_2/eval/id/val/adaptive_calibration_bins.csv",
      "selective_metrics_path": "/root/autodl-tmp/BayesVLM/output/vlm_adapter/id/ucf101/BAYESADAPTER/BAYESADAPTER/logit_scale_frozen/prior_text_only__seed_2__last/shot_16/seed_2/eval/id/val/selective_metrics.csv"
    },
    "test": {
      "split_name": "test",
      "metrics": {
        "loss": 0.6629026776862592,
        "acc": 0.8128469586372375,
        "nlpd": 0.6616172194480896,
        "ece": 0.04158833995461464,
        "aece": 0.0417510600055994,
        "raw_cov_99": 0.39756807684898376,
        "sel_acc_99": 0.9946808218955994,
        "reliable_99": 1.0,
        "cov_99": 0.39756807684898376,
        "class_cov_99": 0.9306930693069307,
        "raw_cov_95": 0.5638382434844971,
        "sel_acc_95": 0.9770276546478271,
        "reliable_95": 1.0,
        "cov_95": 0.5638382434844971,
        "class_cov_95": 1.0,
        "raw_cov_90": 0.6341527700424194,
        "sel_acc_90": 0.9612338542938232,
        "reliable_90": 1.0,
        "cov_90": 0.6341527700424194,
        "class_cov_90": 1.0,
        "raw_cov_85": 0.6841131448745728,
        "sel_acc_85": 0.9443585872650146,
        "reliable_85": 1.0,
        "cov_85": 0.6841131448745728,
        "class_cov_85": 1.0,
        "raw_cov_80": 0.7227068543434143,
        "sel_acc_80": 0.9367227554321289,
        "reliable_80": 1.0,
        "cov_80": 0.7227068543434143,
        "class_cov_80": 1.0
      },
      "output_dir": "/root/autodl-tmp/BayesVLM/output/vlm_adapter/id/ucf101/BAYESADAPTER/BAYESADAPTER/logit_scale_frozen/prior_text_only__seed_2__last/shot_16/seed_2/eval/id/test",
      "metrics_path": "/root/autodl-tmp/BayesVLM/output/vlm_adapter/id/ucf101/BAYESADAPTER/BAYESADAPTER/logit_scale_frozen/prior_text_only__seed_2__last/shot_16/seed_2/eval/id/test/metrics.json",