{
  "family": "vlm_adapter",
  "variant": "UATB_MIN",
  "protocol": "id",
  "dataset": "ucf101",
  "seed": 2,
  "evaluation_tasks": [
    "classification"
  ],
  "model_selection": "last",
  "selected_checkpoint": "last",
  "selected_epoch": 300,
  "selected_val_metrics": {
    "loss": 0.7339929459092489,
    "acc": 0.8061116933822632,
    "nlpd": 0.732523500919342,
    "ece": 0.03242604434490204,
    "aece": 0.030048735997196995,
    "raw_cov_99": 0.33087459206581116,
    "sel_acc_99": 0.9920381903648376,
    "reliable_99": 1.0,
    "cov_99": 0.33087459206581116,
    "class_cov_99": 0.801980198019802,
    "raw_cov_95": 0.5205479264259338,
    "sel_acc_95": 0.9797570705413818,
    "reliable_95": 1.0,
    "cov_95": 0.5205479264259338,
    "class_cov_95": 0.9603960396039604,
    "raw_cov_90": 0.5985247492790222,
    "sel_acc_90": 0.9630281925201416,
    "reliable_90": 1.0,
    "cov_90": 0.5985247492790222,
    "class_cov_90": 0.9702970297029703,
    "raw_cov_85": 0.6464699506759644,
    "sel_acc_85": 0.9470252394676208,
    "reliable_85": 1.0,
    "cov_85": 0.6464699506759644,
    "class_cov_85": 0.9900990099009901,
    "raw_cov_80": 0.6765015721321106,
    "sel_acc_80": 0.9384735226631165,
    "reliable_80": 1.0,
    "cov_80": 0.6765015721321106,
    "class_cov_80": 0.9900990099009901
  },
  "classification": {
    "train": {
      "split_name": "train",
      "metrics": {
        "loss": 0.01752930997621895,
        "acc": 1.0,
        "nlpd": 0.017317885532975197,
        "ece": 0.017014168202877045,
        "aece": 0.01701418435809636,
        "raw_cov_99": 0.40594059228897095,
        "sel_acc_99": 1.0,
        "reliable_99": 1.0,
        "cov_99": 0.40594059228897095,
        "class_cov_99": 0.7524752475247525,
        "raw_cov_95": 0.9678217768669128,
        "sel_acc_95": 1.0,
        "reliable_95": 1.0,
        "cov_95": 0.9678217768669128,
        "class_cov_95": 1.0,
        "raw_cov_90": 0.9975247383117676,
        "sel_acc_90": 1.0,
        "reliable_90": 1.0,
        "cov_90": 0.9975247383117676,
        "class_cov_90": 1.0,
        "raw_cov_85": 0.9975247383117676,
        "sel_acc_85": 1.0,
        "reliable_85": 1.0,
        "cov_85": 0.9975247383117676,
        "class_cov_85": 1.0,
        "raw_cov_80": 1.0,
        "sel_acc_80": 1.0,
        "reliable_80": 1.0,
        "cov_80": 1.0,
        "class_cov_80": 1.0
      },
      "output_dir": "/root/autodl-tmp/BayesVLM/output/ablate_uatb_unc_only/id/ucf101/UATB_MIN/BAYESADAPTER/logit_scale_frozen/sigpar_0.01/sigperp_0.01/lu0_0/shot_4/seed_2/eval/id/train",
      "metrics_path": "/root/autodl-tmp/BayesVLM/output/ablate_uatb_unc_only/id/ucf101/UATB_MIN/BAYESADAPTER/logit_scale_frozen/sigpar_0.01/sigperp_0.01/lu0_0/shot_4/seed_2/eval/id/train/metrics.json",
      "predictions_pt": "/root/autodl-tmp/BayesVLM/output/ablate_uatb_unc_only/id/ucf101/UATB_MIN/BAYESADAPTER/logit_scale_frozen/sigpar_0.01/sigperp_0.01/lu0_0/shot_4/seed_2/eval/id/train/predictions.pt",
      "predictions_jsonl": "/root/autodl-tmp/BayesVLM/output/ablate_uatb_unc_only/id/ucf101/UATB_MIN/BAYESADAPTER/logit_scale_frozen/sigpar_0.01/sigperp_0.01/lu0_0/shot_4/seed_2/eval/id/train/predictions.jsonl",
      "bins_path": "/root/autodl-tmp/BayesVLM/output/ablate_uatb_unc_only/id/ucf101/UATB_MIN/BAYESADAPTER/logit_scale_frozen/sigpar_0.01/sigperp_0.01/lu0_0/shot_4/seed_2/eval/id/train/calibration_bins.csv",
      "adaptive_bins_path": "/root/autodl-tmp/BayesVLM/output/ablate_uatb_unc_only/id/ucf101/UATB_MIN/BAYESADAPTER/logit_scale_frozen/sigpar_0.01/sigperp_0.01/lu0_0/shot_4/seed_2/eval/id/train/adaptive_calibration_bins.csv",
      "selective_metrics_path": "/root/autodl-tmp/BayesVLM/output/ablate_uatb_unc_only/id/ucf101/UATB_MIN/BAYESADAPTER/logit_scale_frozen/sigpar_0.01/sigperp_0.01/lu0_0/shot_4/seed_2/eval/id/train/selective_metrics.csv"
    },
    "val": {
      "split_name": "val",
      "metrics": {
        "loss": 0.7350871698622709,
        "acc": 0.8055848479270935,
        "nlpd": 0.7336320877075195,
        "ece": 0.03230683505535126,
        "aece": 0.030424650181457794,
        "raw_cov_99": 0.3287671208381653,
        "sel_acc_99": 0.995192289352417,
        "reliable_99": 1.0,
        "cov_99": 0.3287671208381653,
        "class_cov_99": 0.7821782178217822,
        "raw_cov_95": 0.5231822729110718,
        "sel_acc_95": 0.9788519740104675,
        "reliable_95": 1.0,
        "cov_95": 0.5231822729110718,
        "class_cov_95": 0.9603960396039604,
        "raw_cov_90": 0.600105345249176,
        "sel_acc_90": 0.9622476100921631,
        "reliable_90": 1.0,
        "cov_90": 0.600105345249176,
        "class_cov_90": 0.9603960396039604,
        "raw_cov_85": 0.6454162001609802,
        "sel_acc_85": 0.945306122303009,
        "reliable_85": 1.0,
        "cov_85": 0.6454162001609802,
        "class_cov_85": 0.9900990099009901,
        "raw_cov_80": 0.6775553226470947,
        "sel_acc_80": 0.9370139837265015,
        "reliable_80": 1.0,
        "cov_80": 0.6775553226470947,
        "class_cov_80": 0.9900990099009901
      },
      "output_dir": "/root/autodl-tmp/BayesVLM/output/ablate_uatb_unc_only/id/ucf101/UATB_MIN/BAYESADAPTER/logit_scale_frozen/sigpar_0.01/sigperp_0.01/lu0_0/shot_4/seed_2/eval/id/val",
      "metrics_path": "/root/autodl-tmp/BayesVLM/output/ablate_uatb_unc_only/id/ucf101/UATB_MIN/BAYESADAPTER/logit_scale_frozen/sigpar_0.01/sigperp_0.01/lu0_0/shot_4/seed_2/eval/id/val/metrics.json",
      "predictions_pt": "/root/autodl-tmp/BayesVLM/output/ablate_uatb_unc_only/id/ucf101/UATB_MIN/BAYESADAPTER/logit_scale_frozen/sigpar_0.01/sigperp_0.01/lu0_0/shot_4/seed_2/eval/id/val/predictions.pt",
      "predictions_jsonl": "/root/autodl-tmp/BayesVLM/output/ablate_uatb_unc_only/id/ucf101/UATB_MIN/BAYESADAPTER/logit_scale_frozen/sigpar_0.01/sigperp_0.01/lu0_0/shot_4/seed_2/eval/id/val/predictions.jsonl",
      "bins_path": "/root/autodl-tmp/BayesVLM/output/ablate_uatb_unc_only/id/ucf101/UATB_MIN/BAYESADAPTER/logit_scale_frozen/sigpar_0.01/sigperp_0.01/lu0_0/shot_4/seed_2/eval/id/val/calibration_bins.csv",
      "adaptive_bins_path": "/root/autodl-tmp/BayesVLM/output/ablate_uatb_unc_only/id/ucf101/UATB_MIN/BAYESADAPTER/logit_scale_frozen/sigpar_0.01/sigperp_0.01/lu0_0/shot_4/seed_2/eval/id/val/adaptive_calibration_bins.csv",
      "selective_metrics_path": "/root/autodl-tmp/BayesVLM/output/ablate_uatb_unc_only/id/ucf101/UATB_MIN/BAYESADAPTER/logit_scale_frozen/sigpar_0.01/sigperp_0.01/lu0_0/shot_4/seed_2/eval/id/val/selective_metrics.csv"
    },
    "test": {
      "split_name": "test",
      "metrics": {
        "loss": 0.8280251131403109,
        "acc": 0.7708168029785156,
        "nlpd": 0.8264804482460022,
        "ece": 0.04542248696088791,
        "aece": 0.04547573000137497,
        "raw_cov_99": 0.31588685512542725,
        "sel_acc_99": 0.9891213178634644,
        "reliable_99": 0.0,
        "cov_99": 0.0,
        "class_cov_99": 0.0,
        "raw_cov_95": 0.47634151577949524,
        "sel_acc_95": 0.9683684706687927,
        "reliable_95": 1.0,
        "cov_95": 0.47634151577949524,
        "class_cov_95": 0.9702970297029703,
        "raw_cov_90": 0.5627808570861816,
        "sel_acc_90": 0.9516204595565796,
        "reliable_90": 1.0,
        "cov_90": 0.5627808570861816,
        "class_cov_90": 0.9900990099009901,
        "raw_cov_85": 0.6151202917098999,
        "sel_acc_85": 0.9402664303779602,
        "reliable_85": 1.0,
        "cov_85": 0.6151202917098999,
        "class_cov_85": 1.0,
        "raw_cov_80": 0.6574147343635559,
        "sel_acc_80": 0.930036187171936,
        "reliable_80": 1.0,
        "cov_80": 0.6574147343635559,
        "class_cov_80": 1.0
      },
      "output_dir": "/root/autodl-tmp/BayesVLM/output/ablate_uatb_unc_only/id/ucf101/UATB_MIN/BAYESADAPTER/logit_scale_frozen/sigpar_0.01/sigperp_0.01/lu0_0/shot_4/seed_2/eval/id/test",