{
  "family": "vlm_adapter",
  "variant": "UATB_MIN",
  "protocol": "id",
  "dataset": "ucf101",
  "seed": 2,
  "model_selection": "last",
  "selection_metric": "acc",
  "selection_mode": "max",
  "best_epoch": 215,
  "best_val_metrics_saved": {
    "loss": 0.5793081032714803,
    "acc": 0.8498419523239136,
    "nlpd": 0.5781010389328003,
    "ece": 0.023395653814077377,
    "aece": 0.02012660700604084,
    "raw_cov_99": 0.39884087443351746,
    "sel_acc_99": 0.9894319772720337,
    "reliable_99": 0.0,
    "cov_99": 0.0,
    "class_cov_99": 0.0,
    "raw_cov_95": 0.565858781337738,
    "sel_acc_95": 0.9795158505439758,
    "reliable_95": 1.0,
    "cov_95": 0.565858781337738,
    "class_cov_95": 0.9603960396039604,
    "raw_cov_90": 0.6443625092506409,
    "sel_acc_90": 0.9721994996070862,
    "reliable_90": 1.0,
    "cov_90": 0.6443625092506409,
    "class_cov_90": 0.9900990099009901,
    "raw_cov_85": 0.6991569995880127,
    "sel_acc_85": 0.9615674614906311,
    "reliable_85": 1.0,
    "cov_85": 0.6991569995880127,
    "class_cov_85": 0.9900990099009901,
    "raw_cov_80": 0.7397260069847107,
    "sel_acc_80": 0.9494302272796631,
    "reliable_80": 1.0,
    "cov_80": 0.7397260069847107,
    "class_cov_80": 1.0
  },
  "last_epoch": 300,
  "last_val_metrics_saved": {
    "loss": 0.5785539685360875,
    "acc": 0.8477344512939453,
    "nlpd": 0.5773613452911377,
    "ece": 0.02216191217303276,
    "aece": 0.01805676342438596,
    "raw_cov_99": 0.3967334032058716,
    "sel_acc_99": 0.9893758296966553,
    "reliable_99": 0.0,
    "cov_99": 0.0,
    "class_cov_99": 0.0,
    "raw_cov_95": 0.5695468783378601,
    "sel_acc_95": 0.9805735349655151,
    "reliable_95": 1.0,
    "cov_95": 0.5695468783378601,
    "class_cov_95": 0.9603960396039604,
    "raw_cov_90": 0.6469968557357788,
    "sel_acc_90": 0.9714983701705933,
    "reliable_90": 1.0,
    "cov_90": 0.6469968557357788,
    "class_cov_90": 0.9900990099009901,
    "raw_cov_85": 0.6991569995880127,
    "sel_acc_85": 0.9600602984428406,
    "reliable_85": 1.0,
    "cov_85": 0.6991569995880127,
    "class_cov_85": 0.9900990099009901,
    "raw_cov_80": 0.7413066625595093,
    "sel_acc_80": 0.9495380520820618,
    "reliable_80": 1.0,
    "cov_80": 0.7413066625595093,
    "class_cov_80": 1.0
  },
  "run_dir": "/root/autodl-tmp/BayesVLM/output/ablate_uatb_aniso_only/id/ucf101/UATB_MIN/BAYESADAPTER/logit_scale_frozen/sigpar_0.005/sigperp_0.02/lu0_0/shot_8/seed_2",
  "elapsed_seconds": 34.59,
  "artifacts": {
    "log_file": "train/train.log",
    "config_file": "config/config.json",
    "class_names_file": "config/class_names.json",
    "metrics_csv_file": "train/metrics_history.csv",
    "best_ckpt_file": "checkpoints/best_adapter.pt",
    "last_ckpt_file": "checkpoints/last_adapter.pt"
  }
}