{
  "loss": 0.006434020586311817,
  "acc": 1.0,
  "nlpd": 0.006359898950904608,
  "ece": 0.006329357624053955,
  "aece": 0.006329349952168982,
  "raw_cov_99": 0.8811880946159363,
  "sel_acc_99": 1.0,
  "reliable_99": 1.0,
  "cov_99": 0.8811880946159363,
  "class_cov_99": 0.8811881188118812,
  "raw_cov_95": 1.0,
  "sel_acc_95": 1.0,
  "reliable_95": 1.0,
  "cov_95": 1.0,
  "class_cov_95": 1.0,
  "raw_cov_90": 1.0,
  "sel_acc_90": 1.0,
  "reliable_90": 1.0,
  "cov_90": 1.0,
  "class_cov_90": 1.0,
  "raw_cov_85": 1.0,
  "sel_acc_85": 1.0,
  "reliable_85": 1.0,
  "cov_85": 1.0,
  "class_cov_85": 1.0,
  "raw_cov_80": 1.0,
  "sel_acc_80": 1.0,
  "reliable_80": 1.0,
  "cov_80": 1.0,
  "class_cov_80": 1.0
}