{
  "family": "vlm_adapter",
  "variant": "UATB_MIN",
  "protocol": "id",
  "dataset": "ucf101",
  "seed": 3,
  "model_selection": "last",
  "selection_metric": "acc",
  "selection_mode": "max",
  "best_epoch": 183,
  "best_val_metrics_saved": {
    "loss": 0.8446205093184814,
    "acc": 0.7665964365005493,
    "nlpd": 0.8430012464523315,
    "ece": 0.04256703332066536,
    "aece": 0.043836281598556404,
    "raw_cov_99": 0.27608007192611694,
    "sel_acc_99": 0.9980915784835815,
    "reliable_99": 1.0,
    "cov_99": 0.27608007192611694,
    "class_cov_99": 0.7227722772277227,
    "raw_cov_95": 0.4525816738605499,
    "sel_acc_95": 0.9790453910827637,
    "reliable_95": 1.0,
    "cov_95": 0.4525816738605499,
    "class_cov_95": 0.8712871287128713,
    "raw_cov_90": 0.5416227579116821,
    "sel_acc_90": 0.9659532904624939,
    "reliable_90": 1.0,
    "cov_90": 0.5416227579116821,
    "class_cov_90": 0.9504950495049505,
    "raw_cov_85": 0.5943098068237305,
    "sel_acc_85": 0.9503546357154846,
    "reliable_85": 1.0,
    "cov_85": 0.5943098068237305,
    "class_cov_85": 0.9801980198019802,
    "raw_cov_80": 0.6385669112205505,
    "sel_acc_80": 0.9348185062408447,
    "reliable_80": 1.0,
    "cov_80": 0.6385669112205505,
    "class_cov_80": 1.0
  },
  "last_epoch": 300,
  "last_val_metrics_saved": {
    "loss": 0.8413690181627665,
    "acc": 0.7639620900154114,
    "nlpd": 0.8397867679595947,
    "ece": 0.04665406048297882,
    "aece": 0.04786857843273432,
    "raw_cov_99": 0.27871444821357727,
    "sel_acc_99": 0.9981096386909485,
    "reliable_99": 1.0,
    "cov_99": 0.27871444821357727,
    "class_cov_99": 0.7227722772277227,
    "raw_cov_95": 0.45574289560317993,
    "sel_acc_95": 0.9791907668113708,
    "reliable_95": 1.0,
    "cov_95": 0.45574289560317993,
    "class_cov_95": 0.8910891089108911,
    "raw_cov_90": 0.5426765084266663,
    "sel_acc_90": 0.9679611921310425,
    "reliable_90": 1.0,
    "cov_90": 0.5426765084266663,
    "class_cov_90": 0.9504950495049505,
    "raw_cov_85": 0.5948366522789001,
    "sel_acc_85": 0.9495128393173218,
    "reliable_85": 1.0,
    "cov_85": 0.5948366522789001,
    "class_cov_85": 0.9801980198019802,
    "raw_cov_80": 0.6422550082206726,
    "sel_acc_80": 0.9302707314491272,
    "reliable_80": 1.0,
    "cov_80": 0.6422550082206726,
    "class_cov_80": 1.0
  },
  "run_dir": "/root/autodl-tmp/BayesVLM/output/ablate_uatb_unc_only/id/ucf101/UATB_MIN/BAYESADAPTER/logit_scale_frozen/sigpar_0.01/sigperp_0.01/lu0_0.01/shot_2/seed_3",
  "elapsed_seconds": 28.54,
  "artifacts": {
    "log_file": "train/train.log",
    "config_file": "config/config.json",
    "class_names_file": "config/class_names.json",
    "metrics_csv_file": "train/metrics_history.csv",
    "best_ckpt_file": "checkpoints/best_adapter.pt",
    "last_ckpt_file": "checkpoints/last_adapter.pt"
  }
}