{
  "family": "vlm_adapter",
  "variant": "UATB_MIN",
  "protocol": "id",
  "dataset": "ucf101",
  "seed": 1,
  "model_selection": "last",
  "selection_metric": "acc",
  "selection_mode": "max",
  "best_epoch": 228,
  "best_val_metrics_saved": {
    "loss": 0.8288505316031871,
    "acc": 0.7665964365005493,
    "nlpd": 0.8272145390510559,
    "ece": 0.03691620007157326,
    "aece": 0.03848761718943951,
    "raw_cov_99": 0.2687039077281952,
    "sel_acc_99": 1.0,
    "reliable_99": 1.0,
    "cov_99": 0.2687039077281952,
    "class_cov_99": 0.7029702970297029,
    "raw_cov_95": 0.4251843988895416,
    "sel_acc_95": 0.9888476133346558,
    "reliable_95": 1.0,
    "cov_95": 0.4251843988895416,
    "class_cov_95": 0.9306930693069307,
    "raw_cov_90": 0.5110642910003662,
    "sel_acc_90": 0.9721649289131165,
    "reliable_90": 1.0,
    "cov_90": 0.5110642910003662,
    "class_cov_90": 0.9603960396039604,
    "raw_cov_85": 0.5769230723381042,
    "sel_acc_85": 0.9570776224136353,
    "reliable_85": 1.0,
    "cov_85": 0.5769230723381042,
    "class_cov_85": 1.0,
    "raw_cov_80": 0.6285563707351685,
    "sel_acc_80": 0.9379714727401733,
    "reliable_80": 1.0,
    "cov_80": 0.6285563707351685,
    "class_cov_80": 1.0
  },
  "last_epoch": 300,
  "last_val_metrics_saved": {
    "loss": 0.8282954421510687,
    "acc": 0.764488935470581,
    "nlpd": 0.8267295956611633,
    "ece": 0.03940925747156143,
    "aece": 0.04093179664131964,
    "raw_cov_99": 0.27081137895584106,
    "sel_acc_99": 1.0,
    "reliable_99": 1.0,
    "cov_99": 0.27081137895584106,
    "class_cov_99": 0.7128712871287128,
    "raw_cov_95": 0.4251843988895416,
    "sel_acc_95": 0.9900867342948914,
    "reliable_95": 1.0,
    "cov_95": 0.4251843988895416,
    "class_cov_95": 0.9306930693069307,
    "raw_cov_90": 0.5115911364555359,
    "sel_acc_90": 0.9721935987472534,
    "reliable_90": 1.0,
    "cov_90": 0.5115911364555359,
    "class_cov_90": 0.9504950495049505,
    "raw_cov_85": 0.5774499177932739,
    "sel_acc_85": 0.9552919864654541,
    "reliable_85": 1.0,
    "cov_85": 0.5774499177932739,
    "class_cov_85": 1.0,
    "raw_cov_80": 0.6275026202201843,
    "sel_acc_80": 0.9370276927947998,
    "reliable_80": 1.0,
    "cov_80": 0.6275026202201843,
    "class_cov_80": 1.0
  },
  "run_dir": "/root/autodl-tmp/BayesVLM/output/ablate_uatb_unc_only/id/ucf101/UATB_MIN/BAYESADAPTER/logit_scale_frozen/sigpar_0.01/sigperp_0.01/lu0_0.01/shot_2/seed_1",
  "elapsed_seconds": 27.73,
  "artifacts": {
    "log_file": "train/train.log",
    "config_file": "config/config.json",
    "class_names_file": "config/class_names.json",
    "metrics_csv_file": "train/metrics_history.csv",
    "best_ckpt_file": "checkpoints/best_adapter.pt",
    "last_ckpt_file": "checkpoints/last_adapter.pt"
  }
}