{
  "loss": 0.00571555458009243,
  "acc": 1.0,
  "nlpd": 0.005642784293740988,
  "ece": 0.005618453025817871,
  "aece": 0.005618441813062913,
  "raw_cov_99": 0.9108911156654358,
  "sel_acc_99": 1.0,
  "reliable_99": 1.0,
  "cov_99": 0.9108911156654358,
  "class_cov_99": 0.9108910891089109,
  "raw_cov_95": 1.0,
  "sel_acc_95": 1.0,
  "reliable_95": 1.0,
  "cov_95": 1.0,
  "class_cov_95": 1.0,
  "raw_cov_90": 1.0,
  "sel_acc_90": 1.0,
  "reliable_90": 1.0,
  "cov_90": 1.0,
  "class_cov_90": 1.0,
  "raw_cov_85": 1.0,
  "sel_acc_85": 1.0,
  "reliable_85": 1.0,
  "cov_85": 1.0,
  "class_cov_85": 1.0,
  "raw_cov_80": 1.0,
  "sel_acc_80": 1.0,
  "reliable_80": 1.0,
  "cov_80": 1.0,
  "class_cov_80": 1.0
}