{
  "family": "vlm_adapter",
  "variant": "BAYESADAPTER",
  "protocol": "id",
  "dataset": "ucf101",
  "seed": 1,
  "model_selection": "last",
  "selection_metric": "acc",
  "selection_mode": "max",
  "best_epoch": 282,
  "best_val_metrics_saved": {
    "loss": 0.9662131650179028,
    "acc": 0.7318229675292969,
    "nlpd": 0.964474618434906,
    "ece": 0.06797495484352112,
    "aece": 0.06520933211163801,
    "raw_cov_99": 0.26923078298568726,
    "sel_acc_99": 0.9941291809082031,
    "reliable_99": 1.0,
    "cov_99": 0.26923078298568726,
    "class_cov_99": 0.7128712871287128,
    "raw_cov_95": 0.4267650246620178,
    "sel_acc_95": 0.9753086566925049,
    "reliable_95": 1.0,
    "cov_95": 0.4267650246620178,
    "class_cov_95": 0.9207920792079208,
    "raw_cov_90": 0.5052686929702759,
    "sel_acc_90": 0.9603753685951233,
    "reliable_90": 1.0,
    "cov_90": 0.5052686929702759,
    "class_cov_90": 0.9801980198019802,
    "raw_cov_85": 0.5605900883674622,
    "sel_acc_85": 0.9370300769805908,
    "reliable_85": 1.0,
    "cov_85": 0.5605900883674622,
    "class_cov_85": 0.9900990099009901,
    "raw_cov_80": 0.6059009432792664,
    "sel_acc_80": 0.9139130711555481,
    "reliable_80": 1.0,
    "cov_80": 0.6059009432792664,
    "class_cov_80": 1.0
  },
  "last_epoch": 300,
  "last_val_metrics_saved": {
    "loss": 0.9686903039070025,
    "acc": 0.7286617755889893,
    "nlpd": 0.9669650197029114,
    "ece": 0.06825418770313263,
    "aece": 0.06842091330989519,
    "raw_cov_99": 0.2681770324707031,
    "sel_acc_99": 0.994106113910675,
    "reliable_99": 1.0,
    "cov_99": 0.2681770324707031,
    "class_cov_99": 0.7128712871287128,
    "raw_cov_95": 0.42781874537467957,
    "sel_acc_95": 0.9753694534301758,
    "reliable_95": 1.0,
    "cov_95": 0.42781874537467957,
    "class_cov_95": 0.9207920792079208,
    "raw_cov_90": 0.5021075010299683,
    "sel_acc_90": 0.9590765833854675,
    "reliable_90": 1.0,
    "cov_90": 0.5021075010299683,
    "class_cov_90": 0.9801980198019802,
    "raw_cov_85": 0.5569019913673401,
    "sel_acc_85": 0.938505232334137,
    "reliable_85": 1.0,
    "cov_85": 0.5569019913673401,
    "class_cov_85": 0.9900990099009901,
    "raw_cov_80": 0.6043203473091125,
    "sel_acc_80": 0.915431559085846,
    "reliable_80": 1.0,
    "cov_80": 0.6043203473091125,
    "class_cov_80": 1.0
  },
  "run_dir": "/root/autodl-tmp/BayesVLM/output/vlm_adapter/id/ucf101/BAYESADAPTER/BAYESADAPTER/logit_scale_frozen/prior_text_only__seed_1__last/shot_1/seed_1",
  "elapsed_seconds": 21.1,
  "artifacts": {
    "log_file": "train/train.log",
    "config_file": "config/config.json",
    "class_names_file": "config/class_names.json",
    "metrics_csv_file": "train/metrics_history.csv",
    "best_ckpt_file": "checkpoints/best_adapter.pt",
    "last_ckpt_file": "checkpoints/last_adapter.pt"
  }
}