threshold,selected_count,raw_coverage,selected_accuracy,reliable,coverage,covered_classes,classwise_coverage
0.99,842,0.521039605140686,1.0,True,0.521039605140686,99,0.9801980198019802
0.95,1479,0.9152227640151978,1.0,True,0.9152227640151978,101,1.0
0.9,1604,0.9925742745399475,1.0,True,0.9925742745399475,101,1.0
0.85,1613,0.9981435537338257,1.0,True,0.9981435537338257,101,1.0
0.8,1616,1.0,1.0,True,1.0,101,1.0
