{
  "family": "vlm_adapter",
  "variant": "UATB_MIN",
  "protocol": "id",
  "dataset": "ucf101",
  "seed": 1,
  "evaluation_tasks": [
    "classification"
  ],
  "model_selection": "last",
  "selected_checkpoint": "last",
  "selected_epoch": 300,
  "selected_val_metrics": {
    "loss": 0.7135084743117884,
    "acc": 0.8018967509269714,
    "nlpd": 0.7121004462242126,
    "ece": 0.03429267555475235,
    "aece": 0.03463880044140228,
    "raw_cov_99": 0.3256058990955353,
    "sel_acc_99": 0.9967637658119202,
    "reliable_99": 1.0,
    "cov_99": 0.3256058990955353,
    "class_cov_99": 0.8118811881188119,
    "raw_cov_95": 0.49578502774238586,
    "sel_acc_95": 0.9808714389801025,
    "reliable_95": 1.0,
    "cov_95": 0.49578502774238586,
    "class_cov_95": 0.9306930693069307,
    "raw_cov_90": 0.5932560563087463,
    "sel_acc_90": 0.9618117213249207,
    "reliable_90": 1.0,
    "cov_90": 0.5932560563087463,
    "class_cov_90": 0.9801980198019802,
    "raw_cov_85": 0.6501580476760864,
    "sel_acc_85": 0.9554294943809509,
    "reliable_85": 1.0,
    "cov_85": 0.6501580476760864,
    "class_cov_85": 1.0,
    "raw_cov_80": 0.6880927085876465,
    "sel_acc_80": 0.9425727128982544,
    "reliable_80": 1.0,
    "cov_80": 0.6880927085876465,
    "class_cov_80": 1.0
  },
  "classification": {
    "train": {
      "split_name": "train",
      "metrics": {
        "loss": 0.016878821527456293,
        "acc": 1.0,
        "nlpd": 0.016688281670212746,
        "ece": 0.016430914402008057,
        "aece": 0.01643100734984521,
        "raw_cov_99": 0.43316832184791565,
        "sel_acc_99": 1.0,
        "reliable_99": 1.0,
        "cov_99": 0.43316832184791565,
        "class_cov_99": 0.7524752475247525,
        "raw_cov_95": 0.9678217768669128,
        "sel_acc_95": 1.0,
        "reliable_95": 1.0,
        "cov_95": 0.9678217768669128,
        "class_cov_95": 1.0,
        "raw_cov_90": 1.0,
        "sel_acc_90": 1.0,
        "reliable_90": 1.0,
        "cov_90": 1.0,
        "class_cov_90": 1.0,
        "raw_cov_85": 1.0,
        "sel_acc_85": 1.0,
        "reliable_85": 1.0,
        "cov_85": 1.0,
        "class_cov_85": 1.0,
        "raw_cov_80": 1.0,
        "sel_acc_80": 1.0,
        "reliable_80": 1.0,
        "cov_80": 1.0,
        "class_cov_80": 1.0
      },
      "output_dir": "/root/autodl-tmp/BayesVLM/output/ablate_uatb_unc_only/id/ucf101/UATB_MIN/BAYESADAPTER/logit_scale_frozen/sigpar_0.01/sigperp_0.01/lu0_0.01/shot_4/seed_1/eval/id/train",
      "metrics_path": "/root/autodl-tmp/BayesVLM/output/ablate_uatb_unc_only/id/ucf101/UATB_MIN/BAYESADAPTER/logit_scale_frozen/sigpar_0.01/sigperp_0.01/lu0_0.01/shot_4/seed_1/eval/id/train/metrics.json",
      "predictions_pt": "/root/autodl-tmp/BayesVLM/output/ablate_uatb_unc_only/id/ucf101/UATB_MIN/BAYESADAPTER/logit_scale_frozen/sigpar_0.01/sigperp_0.01/lu0_0.01/shot_4/seed_1/eval/id/train/predictions.pt",
      "predictions_jsonl": "/root/autodl-tmp/BayesVLM/output/ablate_uatb_unc_only/id/ucf101/UATB_MIN/BAYESADAPTER/logit_scale_frozen/sigpar_0.01/sigperp_0.01/lu0_0.01/shot_4/seed_1/eval/id/train/predictions.jsonl",
      "bins_path": "/root/autodl-tmp/BayesVLM/output/ablate_uatb_unc_only/id/ucf101/UATB_MIN/BAYESADAPTER/logit_scale_frozen/sigpar_0.01/sigperp_0.01/lu0_0.01/shot_4/seed_1/eval/id/train/calibration_bins.csv",
      "adaptive_bins_path": "/root/autodl-tmp/BayesVLM/output/ablate_uatb_unc_only/id/ucf101/UATB_MIN/BAYESADAPTER/logit_scale_frozen/sigpar_0.01/sigperp_0.01/lu0_0.01/shot_4/seed_1/eval/id/train/adaptive_calibration_bins.csv",
      "selective_metrics_path": "/root/autodl-tmp/BayesVLM/output/ablate_uatb_unc_only/id/ucf101/UATB_MIN/BAYESADAPTER/logit_scale_frozen/sigpar_0.01/sigperp_0.01/lu0_0.01/shot_4/seed_1/eval/id/train/selective_metrics.csv"
    },
    "val": {
      "split_name": "val",
      "metrics": {
        "loss": 0.7153809189922063,
        "acc": 0.8034773468971252,
        "nlpd": 0.713983416557312,
        "ece": 0.033206839114427567,
        "aece": 0.03300196459974203,
        "raw_cov_99": 0.3266596496105194,
        "sel_acc_99": 0.9967741966247559,
        "reliable_99": 1.0,
        "cov_99": 0.3266596496105194,
        "class_cov_99": 0.801980198019802,
        "raw_cov_95": 0.5,
        "sel_acc_95": 0.9799789190292358,
        "reliable_95": 1.0,
        "cov_95": 0.5,
        "class_cov_95": 0.9306930693069307,
        "raw_cov_90": 0.5922023057937622,
        "sel_acc_90": 0.9617437720298767,
        "reliable_90": 1.0,
        "cov_90": 0.5922023057937622,
        "class_cov_90": 0.9801980198019802,
        "raw_cov_85": 0.6475237011909485,
        "sel_acc_85": 0.9568755030632019,
        "reliable_85": 1.0,
        "cov_85": 0.6475237011909485,
        "class_cov_85": 1.0,
        "raw_cov_80": 0.6880927085876465,
        "sel_acc_80": 0.9433384537696838,
        "reliable_80": 1.0,
        "cov_80": 0.6880927085876465,
        "class_cov_80": 1.0
      },
      "output_dir": "/root/autodl-tmp/BayesVLM/output/ablate_uatb_unc_only/id/ucf101/UATB_MIN/BAYESADAPTER/logit_scale_frozen/sigpar_0.01/sigperp_0.01/lu0_0.01/shot_4/seed_1/eval/id/val",
      "metrics_path": "/root/autodl-tmp/BayesVLM/output/ablate_uatb_unc_only/id/ucf101/UATB_MIN/BAYESADAPTER/logit_scale_frozen/sigpar_0.01/sigperp_0.01/lu0_0.01/shot_4/seed_1/eval/id/val/metrics.json",
      "predictions_pt": "/root/autodl-tmp/BayesVLM/output/ablate_uatb_unc_only/id/ucf101/UATB_MIN/BAYESADAPTER/logit_scale_frozen/sigpar_0.01/sigperp_0.01/lu0_0.01/shot_4/seed_1/eval/id/val/predictions.pt",
      "predictions_jsonl": "/root/autodl-tmp/BayesVLM/output/ablate_uatb_unc_only/id/ucf101/UATB_MIN/BAYESADAPTER/logit_scale_frozen/sigpar_0.01/sigperp_0.01/lu0_0.01/shot_4/seed_1/eval/id/val/predictions.jsonl",
      "bins_path": "/root/autodl-tmp/BayesVLM/output/ablate_uatb_unc_only/id/ucf101/UATB_MIN/BAYESADAPTER/logit_scale_frozen/sigpar_0.01/sigperp_0.01/lu0_0.01/shot_4/seed_1/eval/id/val/calibration_bins.csv",
      "adaptive_bins_path": "/root/autodl-tmp/BayesVLM/output/ablate_uatb_unc_only/id/ucf101/UATB_MIN/BAYESADAPTER/logit_scale_frozen/sigpar_0.01/sigperp_0.01/lu0_0.01/shot_4/seed_1/eval/id/val/adaptive_calibration_bins.csv",
      "selective_metrics_path": "/root/autodl-tmp/BayesVLM/output/ablate_uatb_unc_only/id/ucf101/UATB_MIN/BAYESADAPTER/logit_scale_frozen/sigpar_0.01/sigperp_0.01/lu0_0.01/shot_4/seed_1/eval/id/val/selective_metrics.csv"
    },
    "test": {
      "split_name": "test",
      "metrics": {
        "loss": 0.8870562873061864,
        "acc": 0.7496695518493652,
        "nlpd": 0.8855006098747253,
        "ece": 0.06100878864526749,
        "aece": 0.061385694324985994,
        "raw_cov_99": 0.3182659149169922,
        "sel_acc_99": 0.9933554530143738,
        "reliable_99": 1.0,
        "cov_99": 0.3182659149169922,
        "class_cov_99": 0.801980198019802,
        "raw_cov_95": 0.47026169300079346,
        "sel_acc_95": 0.9747048616409302,
        "reliable_95": 1.0,
        "cov_95": 0.47026169300079346,
        "class_cov_95": 0.9306930693069307,
        "raw_cov_90": 0.5434840321540833,
        "sel_acc_90": 0.9576848149299622,
        "reliable_90": 1.0,
        "cov_90": 0.5434840321540833,
        "class_cov_90": 0.9900990099009901,
        "raw_cov_85": 0.5958234071731567,
        "sel_acc_85": 0.9401064515113831,
        "reliable_85": 1.0,
        "cov_85": 0.5958234071731567,
        "class_cov_85": 1.0,
        "raw_cov_80": 0.6402326226234436,
        "sel_acc_80": 0.9248554706573486,
        "reliable_80": 1.0,
        "cov_80": 0.6402326226234436,
        "class_cov_80": 1.0
      },
      "output_dir": "/root/autodl-tmp/BayesVLM/output/ablate_uatb_unc_only/id/ucf101/UATB_MIN/BAYESADAPTER/logit_scale_frozen/sigpar_0.01/sigperp_0.01/lu0_0.01/shot_4/seed_1/eval/id/test",
      "metrics_path": "/root/autodl-tmp/BayesVLM/output/ablate_uatb_unc_only/id/ucf101/UATB_MIN/BAYESADAPTER/logit_scale_frozen/sigpar_0.01/sigperp_0.01/lu0_0.01/shot_4/seed_1/eval/id/test/metrics.json",