{
  "family": "vlm_adapter",
  "variant": "UATB_MIN",
  "protocol": "id",
  "dataset": "ucf101",
  "seed": 2,
  "evaluation_tasks": [
    "classification"
  ],
  "model_selection": "last",
  "selected_checkpoint": "last",
  "selected_epoch": 300,
  "selected_val_metrics": {
    "loss": 0.5751593149374107,
    "acc": 0.8477344512939453,
    "nlpd": 0.5739715099334717,
    "ece": 0.02052886225283146,
    "aece": 0.019115969868429842,
    "raw_cov_99": 0.38724973797798157,
    "sel_acc_99": 0.9891156554222107,
    "reliable_99": 0.0,
    "cov_99": 0.0,
    "class_cov_99": 0.0,
    "raw_cov_95": 0.5611169934272766,
    "sel_acc_95": 0.9802817106246948,
    "reliable_95": 1.0,
    "cov_95": 0.5611169934272766,
    "class_cov_95": 0.9603960396039604,
    "raw_cov_90": 0.6401475071907043,
    "sel_acc_90": 0.972016453742981,
    "reliable_90": 1.0,
    "cov_90": 0.6401475071907043,
    "class_cov_90": 0.9900990099009901,
    "raw_cov_85": 0.6954689025878906,
    "sel_acc_85": 0.9621211886405945,
    "reliable_85": 1.0,
    "cov_85": 0.6954689025878906,
    "class_cov_85": 0.9900990099009901,
    "raw_cov_80": 0.7365648150444031,
    "sel_acc_80": 0.9499284625053406,
    "reliable_80": 1.0,
    "cov_80": 0.7365648150444031,
    "class_cov_80": 1.0
  },
  "classification": {
    "train": {
      "split_name": "train",
      "metrics": {
        "loss": 0.018532998693904075,
        "acc": 1.0,
        "nlpd": 0.018329616636037827,
        "ece": 0.017952142283320427,
        "aece": 0.01795206875494211,
        "raw_cov_99": 0.4752475321292877,
        "sel_acc_99": 1.0,
        "reliable_99": 1.0,
        "cov_99": 0.4752475321292877,
        "class_cov_99": 0.8613861386138614,
        "raw_cov_95": 0.9245049357414246,
        "sel_acc_95": 1.0,
        "reliable_95": 1.0,
        "cov_95": 0.9245049357414246,
        "class_cov_95": 1.0,
        "raw_cov_90": 0.9938119053840637,
        "sel_acc_90": 1.0,
        "reliable_90": 1.0,
        "cov_90": 0.9938119053840637,
        "class_cov_90": 1.0,
        "raw_cov_85": 0.9987623691558838,
        "sel_acc_85": 1.0,
        "reliable_85": 1.0,
        "cov_85": 0.9987623691558838,
        "class_cov_85": 1.0,
        "raw_cov_80": 1.0,
        "sel_acc_80": 1.0,
        "reliable_80": 1.0,
        "cov_80": 1.0,
        "class_cov_80": 1.0
      },
      "output_dir": "/root/autodl-tmp/BayesVLM/output/ablate_uatb_unc_only/id/ucf101/UATB_MIN/BAYESADAPTER/logit_scale_frozen/sigpar_0.01/sigperp_0.01/lu0_0.01/shot_8/seed_2/eval/id/train",
      "metrics_path": "/root/autodl-tmp/BayesVLM/output/ablate_uatb_unc_only/id/ucf101/UATB_MIN/BAYESADAPTER/logit_scale_frozen/sigpar_0.01/sigperp_0.01/lu0_0.01/shot_8/seed_2/eval/id/train/metrics.json",
      "predictions_pt": "/root/autodl-tmp/BayesVLM/output/ablate_uatb_unc_only/id/ucf101/UATB_MIN/BAYESADAPTER/logit_scale_frozen/sigpar_0.01/sigperp_0.01/lu0_0.01/shot_8/seed_2/eval/id/train/predictions.pt",
      "predictions_jsonl": "/root/autodl-tmp/BayesVLM/output/ablate_uatb_unc_only/id/ucf101/UATB_MIN/BAYESADAPTER/logit_scale_frozen/sigpar_0.01/sigperp_0.01/lu0_0.01/shot_8/seed_2/eval/id/train/predictions.jsonl",
      "bins_path": "/root/autodl-tmp/BayesVLM/output/ablate_uatb_unc_only/id/ucf101/UATB_MIN/BAYESADAPTER/logit_scale_frozen/sigpar_0.01/sigperp_0.01/lu0_0.01/shot_8/seed_2/eval/id/train/calibration_bins.csv",
      "adaptive_bins_path": "/root/autodl-tmp/BayesVLM/output/ablate_uatb_unc_only/id/ucf101/UATB_MIN/BAYESADAPTER/logit_scale_frozen/sigpar_0.01/sigperp_0.01/lu0_0.01/shot_8/seed_2/eval/id/train/adaptive_calibration_bins.csv",
      "selective_metrics_path": "/root/autodl-tmp/BayesVLM/output/ablate_uatb_unc_only/id/ucf101/UATB_MIN/BAYESADAPTER/logit_scale_frozen/sigpar_0.01/sigperp_0.01/lu0_0.01/shot_8/seed_2/eval/id/train/selective_metrics.csv"
    },
    "val": {
      "split_name": "val",
      "metrics": {
        "loss": 0.5761027993090663,
        "acc": 0.8466807007789612,
        "nlpd": 0.5749136209487915,
        "ece": 0.02465033158659935,
        "aece": 0.025402924628855676,
        "raw_cov_99": 0.39093783497810364,
        "sel_acc_99": 0.9892183542251587,
        "reliable_99": 0.0,
        "cov_99": 0.0,
        "class_cov_99": 0.0,
        "raw_cov_95": 0.562170684337616,
        "sel_acc_95": 0.981255829334259,
        "reliable_95": 1.0,
        "cov_95": 0.562170684337616,
        "class_cov_95": 0.9603960396039604,
        "raw_cov_90": 0.6401475071907043,
        "sel_acc_90": 0.9711934328079224,
        "reliable_90": 1.0,
        "cov_90": 0.6401475071907043,
        "class_cov_90": 0.9900990099009901,
        "raw_cov_85": 0.6965226531028748,
        "sel_acc_85": 0.9621785283088684,
        "reliable_85": 1.0,
        "cov_85": 0.6965226531028748,
        "class_cov_85": 0.9900990099009901,
        "raw_cov_80": 0.7376185655593872,
        "sel_acc_80": 0.949999988079071,
        "reliable_80": 1.0,
        "cov_80": 0.7376185655593872,
        "class_cov_80": 1.0
      },
      "output_dir": "/root/autodl-tmp/BayesVLM/output/ablate_uatb_unc_only/id/ucf101/UATB_MIN/BAYESADAPTER/logit_scale_frozen/sigpar_0.01/sigperp_0.01/lu0_0.01/shot_8/seed_2/eval/id/val",
      "metrics_path": "/root/autodl-tmp/BayesVLM/output/ablate_uatb_unc_only/id/ucf101/UATB_MIN/BAYESADAPTER/logit_scale_frozen/sigpar_0.01/sigperp_0.01/lu0_0.01/shot_8/seed_2/eval/id/val/metrics.json",
      "predictions_pt": "/root/autodl-tmp/BayesVLM/output/ablate_uatb_unc_only/id/ucf101/UATB_MIN/BAYESADAPTER/logit_scale_frozen/sigpar_0.01/sigperp_0.01/lu0_0.01/shot_8/seed_2/eval/id/val/predictions.pt",
      "predictions_jsonl": "/root/autodl-tmp/BayesVLM/output/ablate_uatb_unc_only/id/ucf101/UATB_MIN/BAYESADAPTER/logit_scale_frozen/sigpar_0.01/sigperp_0.01/lu0_0.01/shot_8/seed_2/eval/id/val/predictions.jsonl",
      "bins_path": "/root/autodl-tmp/BayesVLM/output/ablate_uatb_unc_only/id/ucf101/UATB_MIN/BAYESADAPTER/logit_scale_frozen/sigpar_0.01/sigperp_0.01/lu0_0.01/shot_8/seed_2/eval/id/val/calibration_bins.csv",
      "adaptive_bins_path": "/root/autodl-tmp/BayesVLM/output/ablate_uatb_unc_only/id/ucf101/UATB_MIN/BAYESADAPTER/logit_scale_frozen/sigpar_0.01/sigperp_0.01/lu0_0.01/shot_8/seed_2/eval/id/val/adaptive_calibration_bins.csv",
      "selective_metrics_path": "/root/autodl-tmp/BayesVLM/output/ablate_uatb_unc_only/id/ucf101/UATB_MIN/BAYESADAPTER/logit_scale_frozen/sigpar_0.01/sigperp_0.01/lu0_0.01/shot_8/seed_2/eval/id/val/selective_metrics.csv"
    },
    "test": {
      "split_name": "test",
      "metrics": {
        "loss": 0.7181653524560648,
        "acc": 0.7890563011169434,
        "nlpd": 0.7167667746543884,
        "ece": 0.045299217104911804,
        "aece": 0.04486521076437598,
        "raw_cov_99": 0.3589743673801422,
        "sel_acc_99": 0.991899847984314,
        "reliable_99": 1.0,
        "cov_99": 0.3589743673801422,
        "class_cov_99": 0.8217821782178217,
        "raw_cov_95": 0.5130848288536072,
        "sel_acc_95": 0.980937659740448,
        "reliable_95": 1.0,
        "cov_95": 0.5130848288536072,
        "class_cov_95": 0.9702970297029703,
        "raw_cov_90": 0.5974094867706299,
        "sel_acc_90": 0.9615043997764587,
        "reliable_90": 1.0,
        "cov_90": 0.5974094867706299,
        "class_cov_90": 0.9900990099009901,
        "raw_cov_85": 0.6500132083892822,
        "sel_acc_85": 0.9495729804039001,
        "reliable_85": 1.0,
        "cov_85": 0.6500132083892822,
        "class_cov_85": 1.0,
        "raw_cov_80": 0.6899286508560181,
        "sel_acc_80": 0.9390804767608643,
        "reliable_80": 1.0,
        "cov_80": 0.6899286508560181,
        "class_cov_80": 1.0
      },
      "output_dir": "/root/autodl-tmp/BayesVLM/output/ablate_uatb_unc_only/id/ucf101/UATB_MIN/BAYESADAPTER/logit_scale_frozen/sigpar_0.01/sigperp_0.01/lu0_0.01/shot_8/seed_2/eval/id/test",