{
  "family": "vlm_adapter",
  "variant": "UATB_MIN",
  "protocol": "id",
  "dataset": "ucf101",
  "seed": 3,
  "model_selection": "last",
  "selection_metric": "acc",
  "selection_mode": "max",
  "best_epoch": 183,
  "best_val_metrics_saved": {
    "loss": 0.8446292038084459,
    "acc": 0.7665964365005493,
    "nlpd": 0.8430123925209045,
    "ece": 0.042961619794368744,
    "aece": 0.0442198328085016,
    "raw_cov_99": 0.276606947183609,
    "sel_acc_99": 0.9980952143669128,
    "reliable_99": 1.0,
    "cov_99": 0.276606947183609,
    "class_cov_99": 0.7227722772277227,
    "raw_cov_95": 0.4525816738605499,
    "sel_acc_95": 0.9790453910827637,
    "reliable_95": 1.0,
    "cov_95": 0.4525816738605499,
    "class_cov_95": 0.8712871287128713,
    "raw_cov_90": 0.5416227579116821,
    "sel_acc_90": 0.9659532904624939,
    "reliable_90": 1.0,
    "cov_90": 0.5416227579116821,
    "class_cov_90": 0.9504950495049505,
    "raw_cov_85": 0.5948366522789001,
    "sel_acc_85": 0.9503985643386841,
    "reliable_85": 1.0,
    "cov_85": 0.5948366522789001,
    "class_cov_85": 0.9801980198019802,
    "raw_cov_80": 0.6390937566757202,
    "sel_acc_80": 0.9340478181838989,
    "reliable_80": 1.0,
    "cov_80": 0.6390937566757202,
    "class_cov_80": 1.0
  },
  "last_epoch": 300,
  "last_val_metrics_saved": {
    "loss": 0.8413904240812216,
    "acc": 0.7639620900154114,
    "nlpd": 0.8398114442825317,
    "ece": 0.047182563692331314,
    "aece": 0.04838429992769239,
    "raw_cov_99": 0.27924129366874695,
    "sel_acc_99": 0.998113214969635,
    "reliable_99": 1.0,
    "cov_99": 0.27924129366874695,
    "class_cov_99": 0.7227722772277227,
    "raw_cov_95": 0.45574289560317993,
    "sel_acc_95": 0.9791907668113708,
    "reliable_95": 1.0,
    "cov_95": 0.45574289560317993,
    "class_cov_95": 0.8910891089108911,
    "raw_cov_90": 0.5442571043968201,
    "sel_acc_90": 0.9680542349815369,
    "reliable_90": 1.0,
    "cov_90": 0.5442571043968201,
    "class_cov_90": 0.9504950495049505,
    "raw_cov_85": 0.5958904027938843,
    "sel_acc_85": 0.9487179517745972,
    "reliable_85": 1.0,
    "cov_85": 0.5958904027938843,
    "class_cov_85": 0.9801980198019802,
    "raw_cov_80": 0.6422550082206726,
    "sel_acc_80": 0.9302707314491272,
    "reliable_80": 1.0,
    "cov_80": 0.6422550082206726,
    "class_cov_80": 1.0
  },
  "run_dir": "/root/autodl-tmp/BayesVLM/output/ablate_uatb_full/id/ucf101/UATB_MIN/BAYESADAPTER/logit_scale_frozen/sigpar_0.005/sigperp_0.02/lu0_0.01/shot_2/seed_3",
  "elapsed_seconds": 28.66,
  "artifacts": {
    "log_file": "train/train.log",
    "config_file": "config/config.json",
    "class_names_file": "config/class_names.json",
    "metrics_csv_file": "train/metrics_history.csv",
    "best_ckpt_file": "checkpoints/best_adapter.pt",
    "last_ckpt_file": "checkpoints/last_adapter.pt"
  }
}