{
  "family": "vlm_adapter",
  "variant": "UATB_MIN",
  "protocol": "id",
  "dataset": "ucf101",
  "seed": 2,
  "model_selection": "last",
  "selection_metric": "acc",
  "selection_mode": "max",
  "best_epoch": 230,
  "best_val_metrics_saved": {
    "loss": 0.7340760007422139,
    "acc": 0.807692289352417,
    "nlpd": 0.7326432466506958,
    "ece": 0.03118409588932991,
    "aece": 0.029206581594318434,
    "raw_cov_99": 0.3303477466106415,
    "sel_acc_99": 0.9936203956604004,
    "reliable_99": 1.0,
    "cov_99": 0.3303477466106415,
    "class_cov_99": 0.801980198019802,
    "raw_cov_95": 0.5242360234260559,
    "sel_acc_95": 0.9768844246864319,
    "reliable_95": 1.0,
    "cov_95": 0.5242360234260559,
    "class_cov_95": 0.9504950495049505,
    "raw_cov_90": 0.5985247492790222,
    "sel_acc_90": 0.9621478915214539,
    "reliable_90": 1.0,
    "cov_90": 0.5985247492790222,
    "class_cov_90": 0.9702970297029703,
    "raw_cov_85": 0.6475237011909485,
    "sel_acc_85": 0.9454841613769531,
    "reliable_85": 1.0,
    "cov_85": 0.6475237011909485,
    "class_cov_85": 0.9900990099009901,
    "raw_cov_80": 0.6791359186172485,
    "sel_acc_80": 0.9371606111526489,
    "reliable_80": 1.0,
    "cov_80": 0.6791359186172485,
    "class_cov_80": 0.9900990099009901
  },
  "last_epoch": 300,
  "last_val_metrics_saved": {
    "loss": 0.7337065704002018,
    "acc": 0.805057942867279,
    "nlpd": 0.7322444319725037,
    "ece": 0.03440384939312935,
    "aece": 0.03205223891833057,
    "raw_cov_99": 0.3303477466106415,
    "sel_acc_99": 0.9920254945755005,
    "reliable_99": 1.0,
    "cov_99": 0.3303477466106415,
    "class_cov_99": 0.801980198019802,
    "raw_cov_95": 0.5247629284858704,
    "sel_acc_95": 0.9789156913757324,
    "reliable_95": 1.0,
    "cov_95": 0.5247629284858704,
    "class_cov_95": 0.9603960396039604,
    "raw_cov_90": 0.6006322503089905,
    "sel_acc_90": 0.9605262875556946,
    "reliable_90": 1.0,
    "cov_90": 0.6006322503089905,
    "class_cov_90": 0.9702970297029703,
    "raw_cov_85": 0.6475237011909485,
    "sel_acc_85": 0.946297824382782,
    "reliable_85": 1.0,
    "cov_85": 0.6475237011909485,
    "class_cov_85": 0.9900990099009901,
    "raw_cov_80": 0.6780821681022644,
    "sel_acc_80": 0.938616931438446,
    "reliable_80": 1.0,
    "cov_80": 0.6780821681022644,
    "class_cov_80": 0.9900990099009901
  },
  "run_dir": "/root/autodl-tmp/BayesVLM/output/ablate_uatb_aniso_only/id/ucf101/UATB_MIN/BAYESADAPTER/logit_scale_frozen/sigpar_0.005/sigperp_0.02/lu0_0/shot_4/seed_2",
  "elapsed_seconds": 31.42,
  "artifacts": {
    "log_file": "train/train.log",
    "config_file": "config/config.json",
    "class_names_file": "config/class_names.json",
    "metrics_csv_file": "train/metrics_history.csv",
    "best_ckpt_file": "checkpoints/best_adapter.pt",
    "last_ckpt_file": "checkpoints/last_adapter.pt"
  }
}