{
  "family": "vlm_adapter",
  "variant": "UATB_MIN",
  "protocol": "id",
  "dataset": "ucf101",
  "seed": 1,
  "model_selection": "last",
  "selection_metric": "acc",
  "selection_mode": "max",
  "best_epoch": 230,
  "best_val_metrics_saved": {
    "loss": 0.38852485891890853,
    "acc": 0.8909378051757812,
    "nlpd": 0.3875972330570221,
    "ece": 0.01977226324379444,
    "aece": 0.02454903680984288,
    "raw_cov_99": 0.4567966163158417,
    "sel_acc_99": 0.9976931810379028,
    "reliable_99": 1.0,
    "cov_99": 0.4567966163158417,
    "class_cov_99": 0.9207920792079208,
    "raw_cov_95": 0.6269757747650146,
    "sel_acc_95": 0.9882352948188782,
    "reliable_95": 1.0,
    "cov_95": 0.6269757747650146,
    "class_cov_95": 0.9801980198019802,
    "raw_cov_90": 0.7102212905883789,
    "sel_acc_90": 0.9844213724136353,
    "reliable_90": 1.0,
    "cov_90": 0.7102212905883789,
    "class_cov_90": 1.0,
    "raw_cov_85": 0.7602739930152893,
    "sel_acc_85": 0.979902982711792,
    "reliable_85": 1.0,
    "cov_85": 0.7602739930152893,
    "class_cov_85": 1.0,
    "raw_cov_80": 0.7934668064117432,
    "sel_acc_80": 0.9760956168174744,
    "reliable_80": 1.0,
    "cov_80": 0.7934668064117432,
    "class_cov_80": 1.0
  },
  "last_epoch": 300,
  "last_val_metrics_saved": {
    "loss": 0.38810377524826123,
    "acc": 0.8888303637504578,
    "nlpd": 0.38715511560440063,
    "ece": 0.01764965057373047,
    "aece": 0.023214831273096,
    "raw_cov_99": 0.46048471331596375,
    "sel_acc_99": 0.9977116584777832,
    "reliable_99": 1.0,
    "cov_99": 0.46048471331596375,
    "class_cov_99": 0.9207920792079208,
    "raw_cov_95": 0.6285563707351685,
    "sel_acc_95": 0.9882648587226868,
    "reliable_95": 1.0,
    "cov_95": 0.6285563707351685,
    "class_cov_95": 0.9801980198019802,
    "raw_cov_90": 0.7118018865585327,
    "sel_acc_90": 0.984455943107605,
    "reliable_90": 1.0,
    "cov_90": 0.7118018865585327,
    "class_cov_90": 1.0,
    "raw_cov_85": 0.7597470879554749,
    "sel_acc_85": 0.9812760353088379,
    "reliable_85": 1.0,
    "cov_85": 0.7597470879554749,
    "class_cov_85": 1.0,
    "raw_cov_80": 0.7934668064117432,
    "sel_acc_80": 0.9760956168174744,
    "reliable_80": 1.0,
    "cov_80": 0.7934668064117432,
    "class_cov_80": 1.0
  },
  "run_dir": "/root/autodl-tmp/BayesVLM/output/ablate_uatb_full/id/ucf101/UATB_MIN/BAYESADAPTER/logit_scale_frozen/sigpar_0.005/sigperp_0.02/lu0_0.01/shot_16/seed_1",
  "elapsed_seconds": 52.98,
  "artifacts": {
    "log_file": "train/train.log",
    "config_file": "config/config.json",
    "class_names_file": "config/class_names.json",
    "metrics_csv_file": "train/metrics_history.csv",
    "best_ckpt_file": "checkpoints/best_adapter.pt",
    "last_ckpt_file": "checkpoints/last_adapter.pt"
  }
}