{
  "family": "vlm_adapter",
  "variant": "UATB_MIN",
  "protocol": "id",
  "dataset": "ucf101",
  "seed": 2,
  "model_selection": "last",
  "selection_metric": "acc",
  "selection_mode": "max",
  "best_epoch": 257,
  "best_val_metrics_saved": {
    "loss": 0.437381002938157,
    "acc": 0.8819810152053833,
    "nlpd": 0.4364045560359955,
    "ece": 0.017167318612337112,
    "aece": 0.013358034436896175,
    "raw_cov_99": 0.46048471331596375,
    "sel_acc_99": 0.9931350350379944,
    "reliable_99": 1.0,
    "cov_99": 0.46048471331596375,
    "class_cov_99": 0.9405940594059405,
    "raw_cov_95": 0.6438356041908264,
    "sel_acc_95": 0.987725019454956,
    "reliable_95": 1.0,
    "cov_95": 0.6438356041908264,
    "class_cov_95": 0.9900990099009901,
    "raw_cov_90": 0.7096943855285645,
    "sel_acc_90": 0.9777283072471619,
    "reliable_90": 1.0,
    "cov_90": 0.7096943855285645,
    "class_cov_90": 1.0,
    "raw_cov_85": 0.7565858960151672,
    "sel_acc_85": 0.972841203212738,
    "reliable_85": 1.0,
    "cov_85": 0.7565858960151672,
    "class_cov_85": 1.0,
    "raw_cov_80": 0.7908324599266052,
    "sel_acc_80": 0.9653564095497131,
    "reliable_80": 1.0,
    "cov_80": 0.7908324599266052,
    "class_cov_80": 1.0
  },
  "last_epoch": 300,
  "last_val_metrics_saved": {
    "loss": 0.4372909851647026,
    "acc": 0.8798735737800598,
    "nlpd": 0.4363338053226471,
    "ece": 0.014617317356169224,
    "aece": 0.01199874749801684,
    "raw_cov_99": 0.4631190598011017,
    "sel_acc_99": 0.9931740760803223,
    "reliable_99": 1.0,
    "cov_99": 0.4631190598011017,
    "class_cov_99": 0.9405940594059405,
    "raw_cov_95": 0.6417281627655029,
    "sel_acc_95": 0.9868637323379517,
    "reliable_95": 1.0,
    "cov_95": 0.6417281627655029,
    "class_cov_95": 0.9900990099009901,
    "raw_cov_90": 0.7107481360435486,
    "sel_acc_90": 0.9777613282203674,
    "reliable_90": 1.0,
    "cov_90": 0.7107481360435486,
    "class_cov_90": 1.0,
    "raw_cov_85": 0.758166491985321,
    "sel_acc_85": 0.9722028970718384,
    "reliable_85": 1.0,
    "cov_85": 0.758166491985321,
    "class_cov_85": 1.0,
    "raw_cov_80": 0.7918862104415894,
    "sel_acc_80": 0.9647371768951416,
    "reliable_80": 1.0,
    "cov_80": 0.7918862104415894,
    "class_cov_80": 1.0
  },
  "run_dir": "/root/autodl-tmp/BayesVLM/output/ablate_uatb_full/id/ucf101/UATB_MIN/BAYESADAPTER/logit_scale_frozen/sigpar_0.005/sigperp_0.02/lu0_0/shot_16/seed_2",
  "elapsed_seconds": 49.92,
  "artifacts": {
    "log_file": "train/train.log",
    "config_file": "config/config.json",
    "class_names_file": "config/class_names.json",
    "metrics_csv_file": "train/metrics_history.csv",
    "best_ckpt_file": "checkpoints/best_adapter.pt",
    "last_ckpt_file": "checkpoints/last_adapter.pt"
  }
}