{
  "family": "vlm_adapter",
  "variant": "UATB_MIN",
  "protocol": "id",
  "dataset": "ucf101",
  "seed": 3,
  "model_selection": "last",
  "selection_metric": "acc",
  "selection_mode": "max",
  "best_epoch": 202,
  "best_val_metrics_saved": {
    "loss": 0.7012810606599733,
    "acc": 0.7976817488670349,
    "nlpd": 0.699863076210022,
    "ece": 0.03592640161514282,
    "aece": 0.03659853317212506,
    "raw_cov_99": 0.3345626890659332,
    "sel_acc_99": 0.9968503713607788,
    "reliable_99": 1.0,
    "cov_99": 0.3345626890659332,
    "class_cov_99": 0.8118811881188119,
    "raw_cov_95": 0.5100105404853821,
    "sel_acc_95": 0.9845041036605835,
    "reliable_95": 1.0,
    "cov_95": 0.5100105404853821,
    "class_cov_95": 0.9702970297029703,
    "raw_cov_90": 0.5906217098236084,
    "sel_acc_90": 0.9705619812011719,
    "reliable_90": 1.0,
    "cov_90": 0.5906217098236084,
    "class_cov_90": 0.9900990099009901,
    "raw_cov_85": 0.6412012577056885,
    "sel_acc_85": 0.9605587720870972,
    "reliable_85": 1.0,
    "cov_85": 0.6412012577056885,
    "class_cov_85": 0.9900990099009901,
    "raw_cov_80": 0.6965226531028748,
    "sel_acc_80": 0.9432677626609802,
    "reliable_80": 1.0,
    "cov_80": 0.6965226531028748,
    "class_cov_80": 1.0
  },
  "last_epoch": 300,
  "last_val_metrics_saved": {
    "loss": 0.7039807203320985,
    "acc": 0.7945205569267273,
    "nlpd": 0.7025373578071594,
    "ece": 0.039809614419937134,
    "aece": 0.04043753675967298,
    "raw_cov_99": 0.3366701900959015,
    "sel_acc_99": 0.9968701004981995,
    "reliable_99": 1.0,
    "cov_99": 0.3366701900959015,
    "class_cov_99": 0.8118811881188119,
    "raw_cov_95": 0.5115911364555359,
    "sel_acc_95": 0.9835221171379089,
    "reliable_95": 1.0,
    "cov_95": 0.5115911364555359,
    "class_cov_95": 0.9702970297029703,
    "raw_cov_90": 0.5953635573387146,
    "sel_acc_90": 0.969911515712738,
    "reliable_90": 1.0,
    "cov_90": 0.5953635573387146,
    "class_cov_90": 0.9900990099009901,
    "raw_cov_85": 0.6448893547058105,
    "sel_acc_85": 0.959967315196991,
    "reliable_85": 1.0,
    "cov_85": 0.6448893547058105,
    "class_cov_85": 0.9900990099009901,
    "raw_cov_80": 0.6965226531028748,
    "sel_acc_80": 0.9455370903015137,
    "reliable_80": 1.0,
    "cov_80": 0.6965226531028748,
    "class_cov_80": 1.0
  },
  "run_dir": "/root/autodl-tmp/BayesVLM/output/ablate_uatb_full/id/ucf101/UATB_MIN/BAYESADAPTER/logit_scale_frozen/sigpar_0.005/sigperp_0.02/lu0_0.01/shot_4/seed_3",
  "elapsed_seconds": 34.6,
  "artifacts": {
    "log_file": "train/train.log",
    "config_file": "config/config.json",
    "class_names_file": "config/class_names.json",
    "metrics_csv_file": "train/metrics_history.csv",
    "best_ckpt_file": "checkpoints/best_adapter.pt",
    "last_ckpt_file": "checkpoints/last_adapter.pt"
  }
}