{
  "loss": 0.014640667475759983,
  "acc": 1.0,
  "nlpd": 0.014466925524175167,
  "ece": 0.014295458793640137,
  "aece": 0.014295437253347719,
  "raw_cov_99": 0.44059404730796814,
  "sel_acc_99": 1.0,
  "reliable_99": 1.0,
  "cov_99": 0.44059404730796814,
  "class_cov_99": 0.6237623762376238,
  "raw_cov_95": 0.9900990128517151,
  "sel_acc_95": 1.0,
  "reliable_95": 1.0,
  "cov_95": 0.9900990128517151,
  "class_cov_95": 1.0,
  "raw_cov_90": 1.0,
  "sel_acc_90": 1.0,
  "reliable_90": 1.0,
  "cov_90": 1.0,
  "class_cov_90": 1.0,
  "raw_cov_85": 1.0,
  "sel_acc_85": 1.0,
  "reliable_85": 1.0,
  "cov_85": 1.0,
  "class_cov_85": 1.0,
  "raw_cov_80": 1.0,
  "sel_acc_80": 1.0,
  "reliable_80": 1.0,
  "cov_80": 1.0,
  "class_cov_80": 1.0
}