{
  "family": "vlm_adapter",
  "variant": "UATB_MIN",
  "protocol": "id",
  "dataset": "ucf101",
  "seed": 2,
  "model_selection": "last",
  "selection_metric": "acc",
  "selection_mode": "max",
  "best_epoch": 171,
  "best_val_metrics_saved": {
    "loss": 1.0559660889702929,
    "acc": 0.7286617755889893,
    "nlpd": 1.0542654991149902,
    "ece": 0.06666257977485657,
    "aece": 0.06442021579335436,
    "raw_cov_99": 0.24815595149993896,
    "sel_acc_99": 0.987261176109314,
    "reliable_99": 0.0,
    "cov_99": 0.0,
    "class_cov_99": 0.0,
    "raw_cov_95": 0.4072708189487457,
    "sel_acc_95": 0.963777482509613,
    "reliable_95": 1.0,
    "cov_95": 0.4072708189487457,
    "class_cov_95": 0.8514851485148515,
    "raw_cov_90": 0.49420443177223206,
    "sel_acc_90": 0.9445629119873047,
    "reliable_90": 1.0,
    "cov_90": 0.49420443177223206,
    "class_cov_90": 0.9504950495049505,
    "raw_cov_85": 0.555848240852356,
    "sel_acc_85": 0.9251185059547424,
    "reliable_85": 1.0,
    "cov_85": 0.555848240852356,
    "class_cov_85": 0.9801980198019802,
    "raw_cov_80": 0.6116965413093567,
    "sel_acc_80": 0.905254065990448,
    "reliable_80": 1.0,
    "cov_80": 0.6116965413093567,
    "class_cov_80": 1.0
  },
  "last_epoch": 300,
  "last_val_metrics_saved": {
    "loss": 1.0535046638502839,
    "acc": 0.7276080250740051,
    "nlpd": 1.0518946647644043,
    "ece": 0.06882551312446594,
    "aece": 0.06688253897133316,
    "raw_cov_99": 0.24973656237125397,
    "sel_acc_99": 0.9873417615890503,
    "reliable_99": 0.0,
    "cov_99": 0.0,
    "class_cov_99": 0.0,
    "raw_cov_95": 0.40885141491889954,
    "sel_acc_95": 0.9639175534248352,
    "reliable_95": 1.0,
    "cov_95": 0.40885141491889954,
    "class_cov_95": 0.8514851485148515,
    "raw_cov_90": 0.49578502774238586,
    "sel_acc_90": 0.9447396397590637,
    "reliable_90": 1.0,
    "cov_90": 0.49578502774238586,
    "class_cov_90": 0.9504950495049505,
    "raw_cov_85": 0.5600632429122925,
    "sel_acc_85": 0.9238005876541138,
    "reliable_85": 1.0,
    "cov_85": 0.5600632429122925,
    "class_cov_85": 0.9801980198019802,
    "raw_cov_80": 0.6169652342796326,
    "sel_acc_80": 0.9043552279472351,
    "reliable_80": 1.0,
    "cov_80": 0.6169652342796326,
    "class_cov_80": 1.0
  },
  "run_dir": "/root/autodl-tmp/BayesVLM/output/ablate_uatb_unc_only/id/ucf101/UATB_MIN/BAYESADAPTER/logit_scale_frozen/sigpar_0.01/sigperp_0.01/lu0_0.01/shot_1/seed_2",
  "elapsed_seconds": 28.54,
  "artifacts": {
    "log_file": "train/train.log",
    "config_file": "config/config.json",
    "class_names_file": "config/class_names.json",
    "metrics_csv_file": "train/metrics_history.csv",
    "best_ckpt_file": "checkpoints/best_adapter.pt",
    "last_ckpt_file": "checkpoints/last_adapter.pt"
  }
}