{
  "family": "vlm_adapter",
  "variant": "UATB_MIN",
  "protocol": "id",
  "dataset": "ucf101",
  "seed": 1,
  "evaluation_tasks": [
    "classification"
  ],
  "model_selection": "last",
  "selected_checkpoint": "last",
  "selected_epoch": 300,
  "selected_val_metrics": {
    "loss": 0.9704395538888817,
    "acc": 0.7281348705291748,
    "nlpd": 0.9687164425849915,
    "ece": 0.06977760791778564,
    "aece": 0.06933312119623633,
    "raw_cov_99": 0.267123281955719,
    "sel_acc_99": 0.9940828680992126,
    "reliable_99": 1.0,
    "cov_99": 0.267123281955719,
    "class_cov_99": 0.7128712871287128,
    "raw_cov_95": 0.42834562063217163,
    "sel_acc_95": 0.9753997325897217,
    "reliable_95": 1.0,
    "cov_95": 0.42834562063217163,
    "class_cov_95": 0.9207920792079208,
    "raw_cov_90": 0.5031612515449524,
    "sel_acc_90": 0.9581151604652405,
    "reliable_90": 1.0,
    "cov_90": 0.5031612515449524,
    "class_cov_90": 0.9900990099009901,
    "raw_cov_85": 0.5574288964271545,
    "sel_acc_85": 0.938563346862793,
    "reliable_85": 1.0,
    "cov_85": 0.5574288964271545,
    "class_cov_85": 0.9900990099009901,
    "raw_cov_80": 0.6059009432792664,
    "sel_acc_80": 0.9156521558761597,
    "reliable_80": 1.0,
    "cov_80": 0.6059009432792664,
    "class_cov_80": 1.0
  },
  "classification": {
    "train": {
      "split_name": "train",
      "metrics": {
        "loss": 0.006143747828900814,
        "acc": 1.0,
        "nlpd": 0.006068841554224491,
        "ece": 0.006044149398803711,
        "aece": 0.006044135825468763,
        "raw_cov_99": 0.8811880946159363,
        "sel_acc_99": 1.0,
        "reliable_99": 1.0,
        "cov_99": 0.8811880946159363,
        "class_cov_99": 0.8811881188118812,
        "raw_cov_95": 1.0,
        "sel_acc_95": 1.0,
        "reliable_95": 1.0,
        "cov_95": 1.0,
        "class_cov_95": 1.0,
        "raw_cov_90": 1.0,
        "sel_acc_90": 1.0,
        "reliable_90": 1.0,
        "cov_90": 1.0,
        "class_cov_90": 1.0,
        "raw_cov_85": 1.0,
        "sel_acc_85": 1.0,
        "reliable_85": 1.0,
        "cov_85": 1.0,
        "class_cov_85": 1.0,
        "raw_cov_80": 1.0,
        "sel_acc_80": 1.0,
        "reliable_80": 1.0,
        "cov_80": 1.0,
        "class_cov_80": 1.0
      },
      "output_dir": "/root/autodl-tmp/BayesVLM/output/ablate_uatb_full/id/ucf101/UATB_MIN/BAYESADAPTER/logit_scale_frozen/sigpar_0.005/sigperp_0.02/lu0_0/shot_1/seed_1/eval/id/train",
      "metrics_path": "/root/autodl-tmp/BayesVLM/output/ablate_uatb_full/id/ucf101/UATB_MIN/BAYESADAPTER/logit_scale_frozen/sigpar_0.005/sigperp_0.02/lu0_0/shot_1/seed_1/eval/id/train/metrics.json",
      "predictions_pt": "/root/autodl-tmp/BayesVLM/output/ablate_uatb_full/id/ucf101/UATB_MIN/BAYESADAPTER/logit_scale_frozen/sigpar_0.005/sigperp_0.02/lu0_0/shot_1/seed_1/eval/id/train/predictions.pt",
      "predictions_jsonl": "/root/autodl-tmp/BayesVLM/output/ablate_uatb_full/id/ucf101/UATB_MIN/BAYESADAPTER/logit_scale_frozen/sigpar_0.005/sigperp_0.02/lu0_0/shot_1/seed_1/eval/id/train/predictions.jsonl",
      "bins_path": "/root/autodl-tmp/BayesVLM/output/ablate_uatb_full/id/ucf101/UATB_MIN/BAYESADAPTER/logit_scale_frozen/sigpar_0.005/sigperp_0.02/lu0_0/shot_1/seed_1/eval/id/train/calibration_bins.csv",
      "adaptive_bins_path": "/root/autodl-tmp/BayesVLM/output/ablate_uatb_full/id/ucf101/UATB_MIN/BAYESADAPTER/logit_scale_frozen/sigpar_0.005/sigperp_0.02/lu0_0/shot_1/seed_1/eval/id/train/adaptive_calibration_bins.csv",
      "selective_metrics_path": "/root/autodl-tmp/BayesVLM/output/ablate_uatb_full/id/ucf101/UATB_MIN/BAYESADAPTER/logit_scale_frozen/sigpar_0.005/sigperp_0.02/lu0_0/shot_1/seed_1/eval/id/train/selective_metrics.csv"
    },
    "val": {
      "split_name": "val",
      "metrics": {
        "loss": 0.970251494891023,
        "acc": 0.7276080250740051,
        "nlpd": 0.9685373306274414,
        "ece": 0.0715389996767044,
        "aece": 0.06982660230771257,
        "raw_cov_99": 0.2687039077281952,
        "sel_acc_99": 0.9941176176071167,
        "reliable_99": 1.0,
        "cov_99": 0.2687039077281952,
        "class_cov_99": 0.7128712871287128,
        "raw_cov_95": 0.4267650246620178,
        "sel_acc_95": 0.9740740656852722,
        "reliable_95": 1.0,
        "cov_95": 0.4267650246620178,
        "class_cov_95": 0.9207920792079208,
        "raw_cov_90": 0.5031612515449524,
        "sel_acc_90": 0.9612565636634827,
        "reliable_90": 1.0,
        "cov_90": 0.5031612515449524,
        "class_cov_90": 0.9801980198019802,
        "raw_cov_85": 0.5616438388824463,
        "sel_acc_85": 0.9362101554870605,
        "reliable_85": 1.0,
        "cov_85": 0.5616438388824463,
        "class_cov_85": 0.9900990099009901,
        "raw_cov_80": 0.6053740978240967,
        "sel_acc_80": 0.9164490699768066,
        "reliable_80": 1.0,
        "cov_80": 0.6053740978240967,
        "class_cov_80": 1.0
      },
      "output_dir": "/root/autodl-tmp/BayesVLM/output/ablate_uatb_full/id/ucf101/UATB_MIN/BAYESADAPTER/logit_scale_frozen/sigpar_0.005/sigperp_0.02/lu0_0/shot_1/seed_1/eval/id/val",
      "metrics_path": "/root/autodl-tmp/BayesVLM/output/ablate_uatb_full/id/ucf101/UATB_MIN/BAYESADAPTER/logit_scale_frozen/sigpar_0.005/sigperp_0.02/lu0_0/shot_1/seed_1/eval/id/val/metrics.json",
      "predictions_pt": "/root/autodl-tmp/BayesVLM/output/ablate_uatb_full/id/ucf101/UATB_MIN/BAYESADAPTER/logit_scale_frozen/sigpar_0.005/sigperp_0.02/lu0_0/shot_1/seed_1/eval/id/val/predictions.pt",
      "predictions_jsonl": "/root/autodl-tmp/BayesVLM/output/ablate_uatb_full/id/ucf101/UATB_MIN/BAYESADAPTER/logit_scale_frozen/sigpar_0.005/sigperp_0.02/lu0_0/shot_1/seed_1/eval/id/val/predictions.jsonl",
      "bins_path": "/root/autodl-tmp/BayesVLM/output/ablate_uatb_full/id/ucf101/UATB_MIN/BAYESADAPTER/logit_scale_frozen/sigpar_0.005/sigperp_0.02/lu0_0/shot_1/seed_1/eval/id/val/calibration_bins.csv",
      "adaptive_bins_path": "/root/autodl-tmp/BayesVLM/output/ablate_uatb_full/id/ucf101/UATB_MIN/BAYESADAPTER/logit_scale_frozen/sigpar_0.005/sigperp_0.02/lu0_0/shot_1/seed_1/eval/id/val/adaptive_calibration_bins.csv",
      "selective_metrics_path": "/root/autodl-tmp/BayesVLM/output/ablate_uatb_full/id/ucf101/UATB_MIN/BAYESADAPTER/logit_scale_frozen/sigpar_0.005/sigperp_0.02/lu0_0/shot_1/seed_1/eval/id/val/selective_metrics.csv"
    },
    "test": {
      "split_name": "test",
      "metrics": {
        "loss": 1.1167596066215508,
        "acc": 0.6944224238395691,
        "nlpd": 1.1148829460144043,
        "ece": 0.09173373132944107,
        "aece": 0.09180759995222533,
        "raw_cov_99": 0.27544277906417847,
        "sel_acc_99": 0.984644889831543,
        "reliable_99": 0.0,
        "cov_99": 0.0,
        "class_cov_99": 0.0,
        "raw_cov_95": 0.4250594675540924,
        "sel_acc_95": 0.9664179086685181,
        "reliable_95": 1.0,
        "cov_95": 0.4250594675540924,
        "class_cov_95": 0.9405940594059405,
        "raw_cov_90": 0.501982569694519,
        "sel_acc_90": 0.9399684071540833,
        "reliable_90": 1.0,
        "cov_90": 0.501982569694519,
        "class_cov_90": 1.0,
        "raw_cov_85": 0.5524715781211853,
        "sel_acc_85": 0.9177033305168152,
        "reliable_85": 1.0,
        "cov_85": 0.5524715781211853,
        "class_cov_85": 1.0,
        "raw_cov_80": 0.597145140171051,
        "sel_acc_80": 0.8968570232391357,
        "reliable_80": 1.0,
        "cov_80": 0.597145140171051,
        "class_cov_80": 1.0
      },
      "output_dir": "/root/autodl-tmp/BayesVLM/output/ablate_uatb_full/id/ucf101/UATB_MIN/BAYESADAPTER/logit_scale_frozen/sigpar_0.005/sigperp_0.02/lu0_0/shot_1/seed_1/eval/id/test",
      "metrics_path": "/root/autodl-tmp/BayesVLM/output/ablate_uatb_full/id/ucf101/UATB_MIN/BAYESADAPTER/logit_scale_frozen/sigpar_0.005/sigperp_0.02/lu0_0/shot_1/seed_1/eval/id/test/metrics.json",