{
  "loss": 0.02138744774136213,
  "acc": 1.0,
  "nlpd": 0.021142223849892616,
  "ece": 0.020563218742609024,
  "aece": 0.020563250426018597,
  "raw_cov_99": 0.5,
  "sel_acc_99": 1.0,
  "reliable_99": 1.0,
  "cov_99": 0.5,
  "class_cov_99": 0.9801980198019802,
  "raw_cov_95": 0.8737623691558838,
  "sel_acc_95": 1.0,
  "reliable_95": 1.0,
  "cov_95": 0.8737623691558838,
  "class_cov_95": 1.0,
  "raw_cov_90": 0.9845296740531921,
  "sel_acc_90": 1.0,
  "reliable_90": 1.0,
  "cov_90": 0.9845296740531921,
  "class_cov_90": 1.0,
  "raw_cov_85": 0.9969059228897095,
  "sel_acc_85": 1.0,
  "reliable_85": 1.0,
  "cov_85": 0.9969059228897095,
  "class_cov_85": 1.0,
  "raw_cov_80": 0.9993811845779419,
  "sel_acc_80": 1.0,
  "reliable_80": 1.0,
  "cov_80": 0.9993811845779419,
  "class_cov_80": 1.0
}