threshold,selected_count,raw_coverage,selected_accuracy,reliable,coverage,covered_classes,classwise_coverage
0.99,803,0.49690595269203186,1.0,True,0.49690595269203186,98,0.9702970297029703
0.95,1404,0.8688119053840637,1.0,True,0.8688119053840637,101,1.0
0.9,1593,0.9857673048973083,1.0,True,0.9857673048973083,101,1.0
0.85,1612,0.9975247383117676,1.0,True,0.9975247383117676,101,1.0
0.8,1615,0.9993811845779419,1.0,True,0.9993811845779419,101,1.0
