{
  "loss": 0.006866243667900562,
  "acc": 1.0,
  "nlpd": 0.006775509100407362,
  "ece": 0.006734132766723633,
  "aece": 0.00673416581484351,
  "raw_cov_99": 0.8910890817642212,
  "sel_acc_99": 1.0,
  "reliable_99": 1.0,
  "cov_99": 0.8910890817642212,
  "class_cov_99": 0.8910891089108911,
  "raw_cov_95": 1.0,
  "sel_acc_95": 1.0,
  "reliable_95": 1.0,
  "cov_95": 1.0,
  "class_cov_95": 1.0,
  "raw_cov_90": 1.0,
  "sel_acc_90": 1.0,
  "reliable_90": 1.0,
  "cov_90": 1.0,
  "class_cov_90": 1.0,
  "raw_cov_85": 1.0,
  "sel_acc_85": 1.0,
  "reliable_85": 1.0,
  "cov_85": 1.0,
  "class_cov_85": 1.0,
  "raw_cov_80": 1.0,
  "sel_acc_80": 1.0,
  "reliable_80": 1.0,
  "cov_80": 1.0,
  "class_cov_80": 1.0
}