threshold,selected_count,raw_coverage,selected_accuracy,reliable,coverage,covered_classes,classwise_coverage
0.99,408,0.5049505233764648,1.0,True,0.5049505233764648,93,0.9207920792079208
0.95,783,0.969059407711029,1.0,True,0.969059407711029,101,1.0
0.9,806,0.9975247383117676,1.0,True,0.9975247383117676,101,1.0
0.85,808,1.0,1.0,True,1.0,101,1.0
0.8,808,1.0,1.0,True,1.0,101,1.0
