{
  "loss": 0.01698074574665268,
  "acc": 1.0,
  "nlpd": 0.016783587634563446,
  "ece": 0.016489816829562187,
  "aece": 0.016489707892484006,
  "raw_cov_99": 0.44059404730796814,
  "sel_acc_99": 1.0,
  "reliable_99": 1.0,
  "cov_99": 0.44059404730796814,
  "class_cov_99": 0.7623762376237624,
  "raw_cov_95": 0.9653465151786804,
  "sel_acc_95": 1.0,
  "reliable_95": 1.0,
  "cov_95": 0.9653465151786804,
  "class_cov_95": 1.0,
  "raw_cov_90": 0.9975247383117676,
  "sel_acc_90": 1.0,
  "reliable_90": 1.0,
  "cov_90": 0.9975247383117676,
  "class_cov_90": 1.0,
  "raw_cov_85": 0.9975247383117676,
  "sel_acc_85": 1.0,
  "reliable_85": 1.0,
  "cov_85": 0.9975247383117676,
  "class_cov_85": 1.0,
  "raw_cov_80": 1.0,
  "sel_acc_80": 1.0,
  "reliable_80": 1.0,
  "cov_80": 1.0,
  "class_cov_80": 1.0
}