threshold,selected_count,raw_coverage,selected_accuracy,reliable,coverage,covered_classes,classwise_coverage
0.99,178,0.44059404730796814,1.0,True,0.44059404730796814,77,0.7623762376237624
0.95,391,0.9678217768669128,1.0,True,0.9678217768669128,101,1.0
0.9,403,0.9975247383117676,1.0,True,0.9975247383117676,101,1.0
0.85,403,0.9975247383117676,1.0,True,0.9975247383117676,101,1.0
0.8,404,1.0,1.0,True,1.0,101,1.0
