{
  "loss": 0.0075341020710766315,
  "acc": 1.0,
  "nlpd": 0.007444469723850489,
  "ece": 0.007394015789031982,
  "aece": 0.007393979790187119,
  "raw_cov_99": 0.8415841460227966,
  "sel_acc_99": 1.0,
  "reliable_99": 1.0,
  "cov_99": 0.8415841460227966,
  "class_cov_99": 0.8415841584158416,
  "raw_cov_95": 1.0,
  "sel_acc_95": 1.0,
  "reliable_95": 1.0,
  "cov_95": 1.0,
  "class_cov_95": 1.0,
  "raw_cov_90": 1.0,
  "sel_acc_90": 1.0,
  "reliable_90": 1.0,
  "cov_90": 1.0,
  "class_cov_90": 1.0,
  "raw_cov_85": 1.0,
  "sel_acc_85": 1.0,
  "reliable_85": 1.0,
  "cov_85": 1.0,
  "class_cov_85": 1.0,
  "raw_cov_80": 1.0,
  "sel_acc_80": 1.0,
  "reliable_80": 1.0,
  "cov_80": 1.0,
  "class_cov_80": 1.0
}