{
  "loss": 0.016582460096566984,
  "acc": 1.0,
  "nlpd": 0.016387488692998886,
  "ece": 0.016144871711730957
}