{
  "loss": 0.0172129925893675,
  "acc": 1.0,
  "nlpd": 0.017011918127536774,
  "ece": 0.016701772809028625,
  "aece": 0.01670182909410779,
  "raw_cov_99": 0.48514851927757263,
  "sel_acc_99": 1.0,
  "reliable_99": 1.0,
  "cov_99": 0.48514851927757263,
  "class_cov_99": 0.8910891089108911,
  "raw_cov_95": 0.9331682920455933,
  "sel_acc_95": 1.0,
  "reliable_95": 1.0,
  "cov_95": 0.9331682920455933,
  "class_cov_95": 1.0,
  "raw_cov_90": 0.9987623691558838,
  "sel_acc_90": 1.0,
  "reliable_90": 1.0,
  "cov_90": 0.9987623691558838,
  "class_cov_90": 1.0,
  "raw_cov_85": 1.0,
  "sel_acc_85": 1.0,
  "reliable_85": 1.0,
  "cov_85": 1.0,
  "class_cov_85": 1.0,
  "raw_cov_80": 1.0,
  "sel_acc_80": 1.0,
  "reliable_80": 1.0,
  "cov_80": 1.0,
  "class_cov_80": 1.0
}