{
  "family": "vlm_adapter",
  "variant": "UATB_MIN",
  "protocol": "id",
  "dataset": "ucf101",
  "seed": 2,
  "evaluation_tasks": [
    "classification"
  ],
  "model_selection": "last",
  "selected_checkpoint": "last",
  "selected_epoch": 300,
  "selected_val_metrics": {
    "loss": 0.7267032918236656,
    "acc": 0.807692289352417,
    "nlpd": 0.7252780795097351,
    "ece": 0.03323600813746452,
    "aece": 0.02769318097383883,
    "raw_cov_99": 0.3224446773529053,
    "sel_acc_99": 0.9950980544090271,
    "reliable_99": 1.0,
    "cov_99": 0.3224446773529053,
    "class_cov_99": 0.7821782178217822,
    "raw_cov_95": 0.5173867344856262,
    "sel_acc_95": 0.9796333909034729,
    "reliable_95": 1.0,
    "cov_95": 0.5173867344856262,
    "class_cov_95": 0.9504950495049505,
    "raw_cov_90": 0.5964173078536987,
    "sel_acc_90": 0.962897539138794,
    "reliable_90": 1.0,
    "cov_90": 0.5964173078536987,
    "class_cov_90": 0.9603960396039604,
    "raw_cov_85": 0.6454162001609802,
    "sel_acc_85": 0.9485714435577393,
    "reliable_85": 1.0,
    "cov_85": 0.6454162001609802,
    "class_cov_85": 0.9801980198019802,
    "raw_cov_80": 0.6749209761619568,
    "sel_acc_80": 0.9383294582366943,
    "reliable_80": 1.0,
    "cov_80": 0.6749209761619568,
    "class_cov_80": 0.9900990099009901
  },
  "classification": {
    "train": {
      "split_name": "train",
      "metrics": {
        "loss": 0.017982601363322522,
        "acc": 1.0,
        "nlpd": 0.017773956060409546,
        "ece": 0.017446625977754593,
        "aece": 0.017446588466663176,
        "raw_cov_99": 0.42574256658554077,
        "sel_acc_99": 1.0,
        "reliable_99": 1.0,
        "cov_99": 0.42574256658554077,
        "class_cov_99": 0.7623762376237624,
        "raw_cov_95": 0.9628713130950928,
        "sel_acc_95": 1.0,
        "reliable_95": 1.0,
        "cov_95": 0.9628713130950928,
        "class_cov_95": 1.0,
        "raw_cov_90": 0.9975247383117676,
        "sel_acc_90": 1.0,
        "reliable_90": 1.0,
        "cov_90": 0.9975247383117676,
        "class_cov_90": 1.0,
        "raw_cov_85": 0.9975247383117676,
        "sel_acc_85": 1.0,
        "reliable_85": 1.0,
        "cov_85": 0.9975247383117676,
        "class_cov_85": 1.0,
        "raw_cov_80": 1.0,
        "sel_acc_80": 1.0,
        "reliable_80": 1.0,
        "cov_80": 1.0,
        "class_cov_80": 1.0
      },
      "output_dir": "/root/autodl-tmp/BayesVLM/output/ablate_uatb_unc_only/id/ucf101/UATB_MIN/BAYESADAPTER/logit_scale_frozen/sigpar_0.01/sigperp_0.01/lu0_0.01/shot_4/seed_2/eval/id/train",
      "metrics_path": "/root/autodl-tmp/BayesVLM/output/ablate_uatb_unc_only/id/ucf101/UATB_MIN/BAYESADAPTER/logit_scale_frozen/sigpar_0.01/sigperp_0.01/lu0_0.01/shot_4/seed_2/eval/id/train/metrics.json",
      "predictions_pt": "/root/autodl-tmp/BayesVLM/output/ablate_uatb_unc_only/id/ucf101/UATB_MIN/BAYESADAPTER/logit_scale_frozen/sigpar_0.01/sigperp_0.01/lu0_0.01/shot_4/seed_2/eval/id/train/predictions.pt",
      "predictions_jsonl": "/root/autodl-tmp/BayesVLM/output/ablate_uatb_unc_only/id/ucf101/UATB_MIN/BAYESADAPTER/logit_scale_frozen/sigpar_0.01/sigperp_0.01/lu0_0.01/shot_4/seed_2/eval/id/train/predictions.jsonl",
      "bins_path": "/root/autodl-tmp/BayesVLM/output/ablate_uatb_unc_only/id/ucf101/UATB_MIN/BAYESADAPTER/logit_scale_frozen/sigpar_0.01/sigperp_0.01/lu0_0.01/shot_4/seed_2/eval/id/train/calibration_bins.csv",
      "adaptive_bins_path": "/root/autodl-tmp/BayesVLM/output/ablate_uatb_unc_only/id/ucf101/UATB_MIN/BAYESADAPTER/logit_scale_frozen/sigpar_0.01/sigperp_0.01/lu0_0.01/shot_4/seed_2/eval/id/train/adaptive_calibration_bins.csv",
      "selective_metrics_path": "/root/autodl-tmp/BayesVLM/output/ablate_uatb_unc_only/id/ucf101/UATB_MIN/BAYESADAPTER/logit_scale_frozen/sigpar_0.01/sigperp_0.01/lu0_0.01/shot_4/seed_2/eval/id/train/selective_metrics.csv"
    },
    "val": {
      "split_name": "val",
      "metrics": {
        "loss": 0.7278008016318993,
        "acc": 0.8029505014419556,
        "nlpd": 0.7263903021812439,
        "ece": 0.032526444643735886,
        "aece": 0.03227207476019985,
        "raw_cov_99": 0.3234984278678894,
        "sel_acc_99": 0.9951140284538269,
        "reliable_99": 1.0,
        "cov_99": 0.3234984278678894,
        "class_cov_99": 0.7821782178217822,
        "raw_cov_95": 0.5226554274559021,
        "sel_acc_95": 0.9768145084381104,
        "reliable_95": 1.0,
        "cov_95": 0.5226554274559021,
        "class_cov_95": 0.9504950495049505,
        "raw_cov_90": 0.5948366522789001,
        "sel_acc_90": 0.9636846780776978,
        "reliable_90": 1.0,
        "cov_90": 0.5948366522789001,
        "class_cov_90": 0.9603960396039604,
        "raw_cov_85": 0.6438356041908264,
        "sel_acc_85": 0.948445200920105,
        "reliable_85": 1.0,
        "cov_85": 0.6438356041908264,
        "class_cov_85": 0.9801980198019802,
        "raw_cov_80": 0.677028477191925,
        "sel_acc_80": 0.9385213851928711,
        "reliable_80": 1.0,
        "cov_80": 0.677028477191925,
        "class_cov_80": 0.9900990099009901
      },
      "output_dir": "/root/autodl-tmp/BayesVLM/output/ablate_uatb_unc_only/id/ucf101/UATB_MIN/BAYESADAPTER/logit_scale_frozen/sigpar_0.01/sigperp_0.01/lu0_0.01/shot_4/seed_2/eval/id/val",
      "metrics_path": "/root/autodl-tmp/BayesVLM/output/ablate_uatb_unc_only/id/ucf101/UATB_MIN/BAYESADAPTER/logit_scale_frozen/sigpar_0.01/sigperp_0.01/lu0_0.01/shot_4/seed_2/eval/id/val/metrics.json",
      "predictions_pt": "/root/autodl-tmp/BayesVLM/output/ablate_uatb_unc_only/id/ucf101/UATB_MIN/BAYESADAPTER/logit_scale_frozen/sigpar_0.01/sigperp_0.01/lu0_0.01/shot_4/seed_2/eval/id/val/predictions.pt",
      "predictions_jsonl": "/root/autodl-tmp/BayesVLM/output/ablate_uatb_unc_only/id/ucf101/UATB_MIN/BAYESADAPTER/logit_scale_frozen/sigpar_0.01/sigperp_0.01/lu0_0.01/shot_4/seed_2/eval/id/val/predictions.jsonl",
      "bins_path": "/root/autodl-tmp/BayesVLM/output/ablate_uatb_unc_only/id/ucf101/UATB_MIN/BAYESADAPTER/logit_scale_frozen/sigpar_0.01/sigperp_0.01/lu0_0.01/shot_4/seed_2/eval/id/val/calibration_bins.csv",
      "adaptive_bins_path": "/root/autodl-tmp/BayesVLM/output/ablate_uatb_unc_only/id/ucf101/UATB_MIN/BAYESADAPTER/logit_scale_frozen/sigpar_0.01/sigperp_0.01/lu0_0.01/shot_4/seed_2/eval/id/val/adaptive_calibration_bins.csv",
      "selective_metrics_path": "/root/autodl-tmp/BayesVLM/output/ablate_uatb_unc_only/id/ucf101/UATB_MIN/BAYESADAPTER/logit_scale_frozen/sigpar_0.01/sigperp_0.01/lu0_0.01/shot_4/seed_2/eval/id/val/selective_metrics.csv"
    },
    "test": {
      "split_name": "test",
      "metrics": {
        "loss": 0.8218473352643506,
        "acc": 0.7716098427772522,
        "nlpd": 0.8203476667404175,
        "ece": 0.04349581152200699,
        "aece": 0.04348314511942983,
        "raw_cov_99": 0.3143008053302765,
        "sel_acc_99": 0.9899075031280518,
        "reliable_99": 0.0,
        "cov_99": 0.0,
        "class_cov_99": 0.0,
        "raw_cov_95": 0.47290509939193726,
        "sel_acc_95": 0.969256579875946,
        "reliable_95": 1.0,
        "cov_95": 0.47290509939193726,
        "class_cov_95": 0.9603960396039604,
        "raw_cov_90": 0.5611948370933533,
        "sel_acc_90": 0.9519547820091248,
        "reliable_90": 1.0,
        "cov_90": 0.5611948370933533,
        "class_cov_90": 0.9900990099009901,
        "raw_cov_85": 0.6137985587120056,
        "sel_acc_85": 0.9392764568328857,
        "reliable_85": 1.0,
        "cov_85": 0.6137985587120056,
        "class_cov_85": 1.0,
        "raw_cov_80": 0.655035674571991,
        "sel_acc_80": 0.9305891990661621,
        "reliable_80": 1.0,
        "cov_80": 0.655035674571991,
        "class_cov_80": 1.0
      },
      "output_dir": "/root/autodl-tmp/BayesVLM/output/ablate_uatb_unc_only/id/ucf101/UATB_MIN/BAYESADAPTER/logit_scale_frozen/sigpar_0.01/sigperp_0.01/lu0_0.01/shot_4/seed_2/eval/id/test",