{
  "loss": 0.016545482330245546,
  "acc": 1.0,
  "nlpd": 0.01634572446346283,
  "ece": 0.016073666512966156,
  "aece": 0.016073659357458057,
  "raw_cov_99": 0.4356435537338257,
  "sel_acc_99": 1.0,
  "reliable_99": 1.0,
  "cov_99": 0.4356435537338257,
  "class_cov_99": 0.7623762376237624,
  "raw_cov_95": 0.9678217768669128,
  "sel_acc_95": 1.0,
  "reliable_95": 1.0,
  "cov_95": 0.9678217768669128,
  "class_cov_95": 1.0,
  "raw_cov_90": 0.9975247383117676,
  "sel_acc_90": 1.0,
  "reliable_90": 1.0,
  "cov_90": 0.9975247383117676,
  "class_cov_90": 1.0,
  "raw_cov_85": 0.9975247383117676,
  "sel_acc_85": 1.0,
  "reliable_85": 1.0,
  "cov_85": 0.9975247383117676,
  "class_cov_85": 1.0,
  "raw_cov_80": 1.0,
  "sel_acc_80": 1.0,
  "reliable_80": 1.0,
  "cov_80": 1.0,
  "class_cov_80": 1.0
}