{
  "loss": 0.016449140025173673,
  "acc": 1.0,
  "nlpd": 0.016264179721474648,
  "ece": 0.01597115583717823,
  "aece": 0.01597118635873983,
  "raw_cov_99": 0.4888613820075989,
  "sel_acc_99": 1.0,
  "reliable_99": 1.0,
  "cov_99": 0.4888613820075989,
  "class_cov_99": 0.8910891089108911,
  "raw_cov_95": 0.9517326951026917,
  "sel_acc_95": 1.0,
  "reliable_95": 1.0,
  "cov_95": 0.9517326951026917,
  "class_cov_95": 1.0,
  "raw_cov_90": 0.9962871074676514,
  "sel_acc_90": 1.0,
  "reliable_90": 1.0,
  "cov_90": 0.9962871074676514,
  "class_cov_90": 1.0,
  "raw_cov_85": 0.9987623691558838,
  "sel_acc_85": 1.0,
  "reliable_85": 1.0,
  "cov_85": 0.9987623691558838,
  "class_cov_85": 1.0,
  "raw_cov_80": 1.0,
  "sel_acc_80": 1.0,
  "reliable_80": 1.0,
  "cov_80": 1.0,
  "class_cov_80": 1.0
}