threshold,selected_count,raw_coverage,selected_accuracy,reliable,coverage,covered_classes,classwise_coverage
0.99,395,0.4888613820075989,1.0,True,0.4888613820075989,89,0.8811881188118812
0.95,768,0.9504950642585754,1.0,True,0.9504950642585754,101,1.0
0.9,805,0.9962871074676514,1.0,True,0.9962871074676514,101,1.0
0.85,808,1.0,1.0,True,1.0,101,1.0
0.8,808,1.0,1.0,True,1.0,101,1.0
