{
  "family": "vlm_adapter",
  "variant": "UATB_MIN",
  "protocol": "id",
  "dataset": "ucf101",
  "seed": 2,
  "evaluation_tasks": [
    "classification"
  ],
  "model_selection": "last",
  "selected_checkpoint": "last",
  "selected_epoch": 300,
  "selected_val_metrics": {
    "loss": 0.7263495851743836,
    "acc": 0.8066385388374329,
    "nlpd": 0.7249321341514587,
    "ece": 0.03364316374063492,
    "aece": 0.02972085762953482,
    "raw_cov_99": 0.3266596496105194,
    "sel_acc_99": 0.9951612949371338,
    "reliable_99": 1.0,
    "cov_99": 0.3266596496105194,
    "class_cov_99": 0.7821782178217822,
    "raw_cov_95": 0.5226554274559021,
    "sel_acc_95": 0.9788306355476379,
    "reliable_95": 1.0,
    "cov_95": 0.5226554274559021,
    "class_cov_95": 0.9603960396039604,
    "raw_cov_90": 0.5985247492790222,
    "sel_acc_90": 0.9621478915214539,
    "reliable_90": 1.0,
    "cov_90": 0.5985247492790222,
    "class_cov_90": 0.9702970297029703,
    "raw_cov_85": 0.6454162001609802,
    "sel_acc_85": 0.9493877291679382,
    "reliable_85": 1.0,
    "cov_85": 0.6454162001609802,
    "class_cov_85": 0.9801980198019802,
    "raw_cov_80": 0.677028477191925,
    "sel_acc_80": 0.9385213851928711,
    "reliable_80": 1.0,
    "cov_80": 0.677028477191925,
    "class_cov_80": 0.9900990099009901
  },
  "classification": {
    "train": {
      "split_name": "train",
      "metrics": {
        "loss": 0.01698074574665268,
        "acc": 1.0,
        "nlpd": 0.016783587634563446,
        "ece": 0.016489816829562187,
        "aece": 0.016489707892484006,
        "raw_cov_99": 0.44059404730796814,
        "sel_acc_99": 1.0,
        "reliable_99": 1.0,
        "cov_99": 0.44059404730796814,
        "class_cov_99": 0.7623762376237624,
        "raw_cov_95": 0.9653465151786804,
        "sel_acc_95": 1.0,
        "reliable_95": 1.0,
        "cov_95": 0.9653465151786804,
        "class_cov_95": 1.0,
        "raw_cov_90": 0.9975247383117676,
        "sel_acc_90": 1.0,
        "reliable_90": 1.0,
        "cov_90": 0.9975247383117676,
        "class_cov_90": 1.0,
        "raw_cov_85": 0.9975247383117676,
        "sel_acc_85": 1.0,
        "reliable_85": 1.0,
        "cov_85": 0.9975247383117676,
        "class_cov_85": 1.0,
        "raw_cov_80": 1.0,
        "sel_acc_80": 1.0,
        "reliable_80": 1.0,
        "cov_80": 1.0,
        "class_cov_80": 1.0
      },
      "output_dir": "/root/autodl-tmp/BayesVLM/output/ablate_uatb_full/id/ucf101/UATB_MIN/BAYESADAPTER/logit_scale_frozen/sigpar_0.005/sigperp_0.02/lu0_0.01/shot_4/seed_2/eval/id/train",
      "metrics_path": "/root/autodl-tmp/BayesVLM/output/ablate_uatb_full/id/ucf101/UATB_MIN/BAYESADAPTER/logit_scale_frozen/sigpar_0.005/sigperp_0.02/lu0_0.01/shot_4/seed_2/eval/id/train/metrics.json",
      "predictions_pt": "/root/autodl-tmp/BayesVLM/output/ablate_uatb_full/id/ucf101/UATB_MIN/BAYESADAPTER/logit_scale_frozen/sigpar_0.005/sigperp_0.02/lu0_0.01/shot_4/seed_2/eval/id/train/predictions.pt",
      "predictions_jsonl": "/root/autodl-tmp/BayesVLM/output/ablate_uatb_full/id/ucf101/UATB_MIN/BAYESADAPTER/logit_scale_frozen/sigpar_0.005/sigperp_0.02/lu0_0.01/shot_4/seed_2/eval/id/train/predictions.jsonl",
      "bins_path": "/root/autodl-tmp/BayesVLM/output/ablate_uatb_full/id/ucf101/UATB_MIN/BAYESADAPTER/logit_scale_frozen/sigpar_0.005/sigperp_0.02/lu0_0.01/shot_4/seed_2/eval/id/train/calibration_bins.csv",
      "adaptive_bins_path": "/root/autodl-tmp/BayesVLM/output/ablate_uatb_full/id/ucf101/UATB_MIN/BAYESADAPTER/logit_scale_frozen/sigpar_0.005/sigperp_0.02/lu0_0.01/shot_4/seed_2/eval/id/train/adaptive_calibration_bins.csv",
      "selective_metrics_path": "/root/autodl-tmp/BayesVLM/output/ablate_uatb_full/id/ucf101/UATB_MIN/BAYESADAPTER/logit_scale_frozen/sigpar_0.005/sigperp_0.02/lu0_0.01/shot_4/seed_2/eval/id/train/selective_metrics.csv"
    },
    "val": {
      "split_name": "val",
      "metrics": {
        "loss": 0.7274654929077663,
        "acc": 0.8040041923522949,
        "nlpd": 0.7260625958442688,
        "ece": 0.03213140368461609,
        "aece": 0.03219844920617637,
        "raw_cov_99": 0.32771337032318115,
        "sel_acc_99": 0.9951768517494202,
        "reliable_99": 1.0,
        "cov_99": 0.32771337032318115,
        "class_cov_99": 0.7821782178217822,
        "raw_cov_95": 0.52528977394104,
        "sel_acc_95": 0.9769307971000671,
        "reliable_95": 1.0,
        "cov_95": 0.52528977394104,
        "class_cov_95": 0.9603960396039604,
        "raw_cov_90": 0.5974709987640381,
        "sel_acc_90": 0.9629629850387573,
        "reliable_90": 1.0,
        "cov_90": 0.5974709987640381,
        "class_cov_90": 0.9603960396039604,
        "raw_cov_85": 0.6443625092506409,
        "sel_acc_85": 0.94930499792099,
        "reliable_85": 1.0,
        "cov_85": 0.6443625092506409,
        "class_cov_85": 0.9801980198019802,
        "raw_cov_80": 0.6765015721321106,
        "sel_acc_80": 0.9392523169517517,
        "reliable_80": 1.0,
        "cov_80": 0.6765015721321106,
        "class_cov_80": 0.9900990099009901
      },
      "output_dir": "/root/autodl-tmp/BayesVLM/output/ablate_uatb_full/id/ucf101/UATB_MIN/BAYESADAPTER/logit_scale_frozen/sigpar_0.005/sigperp_0.02/lu0_0.01/shot_4/seed_2/eval/id/val",
      "metrics_path": "/root/autodl-tmp/BayesVLM/output/ablate_uatb_full/id/ucf101/UATB_MIN/BAYESADAPTER/logit_scale_frozen/sigpar_0.005/sigperp_0.02/lu0_0.01/shot_4/seed_2/eval/id/val/metrics.json",
      "predictions_pt": "/root/autodl-tmp/BayesVLM/output/ablate_uatb_full/id/ucf101/UATB_MIN/BAYESADAPTER/logit_scale_frozen/sigpar_0.005/sigperp_0.02/lu0_0.01/shot_4/seed_2/eval/id/val/predictions.pt",
      "predictions_jsonl": "/root/autodl-tmp/BayesVLM/output/ablate_uatb_full/id/ucf101/UATB_MIN/BAYESADAPTER/logit_scale_frozen/sigpar_0.005/sigperp_0.02/lu0_0.01/shot_4/seed_2/eval/id/val/predictions.jsonl",
      "bins_path": "/root/autodl-tmp/BayesVLM/output/ablate_uatb_full/id/ucf101/UATB_MIN/BAYESADAPTER/logit_scale_frozen/sigpar_0.005/sigperp_0.02/lu0_0.01/shot_4/seed_2/eval/id/val/calibration_bins.csv",
      "adaptive_bins_path": "/root/autodl-tmp/BayesVLM/output/ablate_uatb_full/id/ucf101/UATB_MIN/BAYESADAPTER/logit_scale_frozen/sigpar_0.005/sigperp_0.02/lu0_0.01/shot_4/seed_2/eval/id/val/adaptive_calibration_bins.csv",
      "selective_metrics_path": "/root/autodl-tmp/BayesVLM/output/ablate_uatb_full/id/ucf101/UATB_MIN/BAYESADAPTER/logit_scale_frozen/sigpar_0.005/sigperp_0.02/lu0_0.01/shot_4/seed_2/eval/id/val/selective_metrics.csv"
    },
    "test": {
      "split_name": "test",
      "metrics": {
        "loss": 0.8222849774606449,
        "acc": 0.7729315161705017,
        "nlpd": 0.8207928538322449,
        "ece": 0.04305724799633026,
        "aece": 0.04311306193616698,
        "raw_cov_99": 0.31588685512542725,
        "sel_acc_99": 0.9899581670761108,
        "reliable_99": 0.0,
        "cov_99": 0.0,
        "class_cov_99": 0.0,
        "raw_cov_95": 0.4758128523826599,
        "sel_acc_95": 0.9683333039283752,
        "reliable_95": 1.0,
        "cov_95": 0.4758128523826599,
        "class_cov_95": 0.9702970297029703,
        "raw_cov_90": 0.5625165104866028,
        "sel_acc_90": 0.951127827167511,
        "reliable_90": 1.0,
        "cov_90": 0.5625165104866028,
        "class_cov_90": 0.9900990099009901,
        "raw_cov_85": 0.6161776185035706,
        "sel_acc_85": 0.9390819668769836,
        "reliable_85": 1.0,
        "cov_85": 0.6161776185035706,
        "class_cov_85": 1.0,
        "raw_cov_80": 0.6576790809631348,
        "sel_acc_80": 0.9304662346839905,
        "reliable_80": 1.0,
        "cov_80": 0.6576790809631348,
        "class_cov_80": 1.0
      },
      "output_dir": "/root/autodl-tmp/BayesVLM/output/ablate_uatb_full/id/ucf101/UATB_MIN/BAYESADAPTER/logit_scale_frozen/sigpar_0.005/sigperp_0.02/lu0_0.01/shot_4/seed_2/eval/id/test",