{
  "family": "vlm_adapter",
  "variant": "UATB_MIN",
  "protocol": "id",
  "dataset": "ucf101",
  "seed": 1,
  "evaluation_tasks": [
    "classification"
  ],
  "model_selection": "last",
  "selected_checkpoint": "last",
  "selected_epoch": 300,
  "selected_val_metrics": {
    "loss": 0.5334937700607252,
    "acc": 0.8524762988090515,
    "nlpd": 0.5322935581207275,
    "ece": 0.023959016427397728,
    "aece": 0.022177405333493858,
    "raw_cov_99": 0.3919915556907654,
    "sel_acc_99": 0.9946236610412598,
    "reliable_99": 1.0,
    "cov_99": 0.3919915556907654,
    "class_cov_99": 0.8811881188118812,
    "raw_cov_95": 0.5632244348526001,
    "sel_acc_95": 0.9831618070602417,
    "reliable_95": 1.0,
    "cov_95": 0.5632244348526001,
    "class_cov_95": 0.9801980198019802,
    "raw_cov_90": 0.6469968557357788,
    "sel_acc_90": 0.973127007484436,
    "reliable_90": 1.0,
    "cov_90": 0.6469968557357788,
    "class_cov_90": 1.0,
    "raw_cov_85": 0.6933614611625671,
    "sel_acc_85": 0.9604862928390503,
    "reliable_85": 1.0,
    "cov_85": 0.6933614611625671,
    "class_cov_85": 1.0,
    "raw_cov_80": 0.7434141039848328,
    "sel_acc_80": 0.9482636451721191,
    "reliable_80": 1.0,
    "cov_80": 0.7434141039848328,
    "class_cov_80": 1.0
  },
  "classification": {
    "train": {
      "split_name": "train",
      "metrics": {
        "loss": 0.0172129925893675,
        "acc": 1.0,
        "nlpd": 0.017011918127536774,
        "ece": 0.016701772809028625,
        "aece": 0.01670182909410779,
        "raw_cov_99": 0.48514851927757263,
        "sel_acc_99": 1.0,
        "reliable_99": 1.0,
        "cov_99": 0.48514851927757263,
        "class_cov_99": 0.8910891089108911,
        "raw_cov_95": 0.9331682920455933,
        "sel_acc_95": 1.0,
        "reliable_95": 1.0,
        "cov_95": 0.9331682920455933,
        "class_cov_95": 1.0,
        "raw_cov_90": 0.9987623691558838,
        "sel_acc_90": 1.0,
        "reliable_90": 1.0,
        "cov_90": 0.9987623691558838,
        "class_cov_90": 1.0,
        "raw_cov_85": 1.0,
        "sel_acc_85": 1.0,
        "reliable_85": 1.0,
        "cov_85": 1.0,
        "class_cov_85": 1.0,
        "raw_cov_80": 1.0,
        "sel_acc_80": 1.0,
        "reliable_80": 1.0,
        "cov_80": 1.0,
        "class_cov_80": 1.0
      },
      "output_dir": "/root/autodl-tmp/BayesVLM/output/ablate_uatb_unc_only/id/ucf101/UATB_MIN/BAYESADAPTER/logit_scale_frozen/sigpar_0.01/sigperp_0.01/lu0_0.01/shot_8/seed_1/eval/id/train",
      "metrics_path": "/root/autodl-tmp/BayesVLM/output/ablate_uatb_unc_only/id/ucf101/UATB_MIN/BAYESADAPTER/logit_scale_frozen/sigpar_0.01/sigperp_0.01/lu0_0.01/shot_8/seed_1/eval/id/train/metrics.json",
      "predictions_pt": "/root/autodl-tmp/BayesVLM/output/ablate_uatb_unc_only/id/ucf101/UATB_MIN/BAYESADAPTER/logit_scale_frozen/sigpar_0.01/sigperp_0.01/lu0_0.01/shot_8/seed_1/eval/id/train/predictions.pt",
      "predictions_jsonl": "/root/autodl-tmp/BayesVLM/output/ablate_uatb_unc_only/id/ucf101/UATB_MIN/BAYESADAPTER/logit_scale_frozen/sigpar_0.01/sigperp_0.01/lu0_0.01/shot_8/seed_1/eval/id/train/predictions.jsonl",
      "bins_path": "/root/autodl-tmp/BayesVLM/output/ablate_uatb_unc_only/id/ucf101/UATB_MIN/BAYESADAPTER/logit_scale_frozen/sigpar_0.01/sigperp_0.01/lu0_0.01/shot_8/seed_1/eval/id/train/calibration_bins.csv",
      "adaptive_bins_path": "/root/autodl-tmp/BayesVLM/output/ablate_uatb_unc_only/id/ucf101/UATB_MIN/BAYESADAPTER/logit_scale_frozen/sigpar_0.01/sigperp_0.01/lu0_0.01/shot_8/seed_1/eval/id/train/adaptive_calibration_bins.csv",
      "selective_metrics_path": "/root/autodl-tmp/BayesVLM/output/ablate_uatb_unc_only/id/ucf101/UATB_MIN/BAYESADAPTER/logit_scale_frozen/sigpar_0.01/sigperp_0.01/lu0_0.01/shot_8/seed_1/eval/id/train/selective_metrics.csv"
    },
    "val": {
      "split_name": "val",
      "metrics": {
        "loss": 0.5348743373023698,
        "acc": 0.8503687977790833,
        "nlpd": 0.5336574912071228,
        "ece": 0.023583948612213135,
        "aece": 0.026519942930551176,
        "raw_cov_99": 0.3930453062057495,
        "sel_acc_99": 0.9946380853652954,
        "reliable_99": 1.0,
        "cov_99": 0.3930453062057495,
        "class_cov_99": 0.8811881188118812,
        "raw_cov_95": 0.5626975893974304,
        "sel_acc_95": 0.983146071434021,
        "reliable_95": 1.0,
        "cov_95": 0.5626975893974304,
        "class_cov_95": 0.9801980198019802,
        "raw_cov_90": 0.6459431052207947,
        "sel_acc_90": 0.9730831980705261,
        "reliable_90": 1.0,
        "cov_90": 0.6459431052207947,
        "class_cov_90": 1.0,
        "raw_cov_85": 0.692307710647583,
        "sel_acc_85": 0.9611872434616089,
        "reliable_85": 1.0,
        "cov_85": 0.692307710647583,
        "class_cov_85": 1.0,
        "raw_cov_80": 0.7386723160743713,
        "sel_acc_80": 0.9486448168754578,
        "reliable_80": 1.0,
        "cov_80": 0.7386723160743713,
        "class_cov_80": 1.0
      },
      "output_dir": "/root/autodl-tmp/BayesVLM/output/ablate_uatb_unc_only/id/ucf101/UATB_MIN/BAYESADAPTER/logit_scale_frozen/sigpar_0.01/sigperp_0.01/lu0_0.01/shot_8/seed_1/eval/id/val",
      "metrics_path": "/root/autodl-tmp/BayesVLM/output/ablate_uatb_unc_only/id/ucf101/UATB_MIN/BAYESADAPTER/logit_scale_frozen/sigpar_0.01/sigperp_0.01/lu0_0.01/shot_8/seed_1/eval/id/val/metrics.json",
      "predictions_pt": "/root/autodl-tmp/BayesVLM/output/ablate_uatb_unc_only/id/ucf101/UATB_MIN/BAYESADAPTER/logit_scale_frozen/sigpar_0.01/sigperp_0.01/lu0_0.01/shot_8/seed_1/eval/id/val/predictions.pt",
      "predictions_jsonl": "/root/autodl-tmp/BayesVLM/output/ablate_uatb_unc_only/id/ucf101/UATB_MIN/BAYESADAPTER/logit_scale_frozen/sigpar_0.01/sigperp_0.01/lu0_0.01/shot_8/seed_1/eval/id/val/predictions.jsonl",
      "bins_path": "/root/autodl-tmp/BayesVLM/output/ablate_uatb_unc_only/id/ucf101/UATB_MIN/BAYESADAPTER/logit_scale_frozen/sigpar_0.01/sigperp_0.01/lu0_0.01/shot_8/seed_1/eval/id/val/calibration_bins.csv",
      "adaptive_bins_path": "/root/autodl-tmp/BayesVLM/output/ablate_uatb_unc_only/id/ucf101/UATB_MIN/BAYESADAPTER/logit_scale_frozen/sigpar_0.01/sigperp_0.01/lu0_0.01/shot_8/seed_1/eval/id/val/adaptive_calibration_bins.csv",
      "selective_metrics_path": "/root/autodl-tmp/BayesVLM/output/ablate_uatb_unc_only/id/ucf101/UATB_MIN/BAYESADAPTER/logit_scale_frozen/sigpar_0.01/sigperp_0.01/lu0_0.01/shot_8/seed_1/eval/id/val/selective_metrics.csv"
    },
    "test": {
      "split_name": "test",
      "metrics": {
        "loss": 0.762882470627673,
        "acc": 0.781126081943512,
        "nlpd": 0.7615215182304382,
        "ece": 0.05484401434659958,
        "aece": 0.05507303410788992,
        "raw_cov_99": 0.35659530758857727,
        "sel_acc_99": 0.9948109984397888,
        "reliable_99": 1.0,
        "cov_99": 0.35659530758857727,
        "class_cov_99": 0.8712871287128713,
        "raw_cov_95": 0.515199601650238,
        "sel_acc_95": 0.9743458032608032,
        "reliable_95": 1.0,
        "cov_95": 0.515199601650238,
        "class_cov_95": 0.9801980198019802,
        "raw_cov_90": 0.5865715146064758,
        "sel_acc_90": 0.9589905142784119,
        "reliable_90": 1.0,
        "cov_90": 0.5865715146064758,
        "class_cov_90": 0.9900990099009901,
        "raw_cov_85": 0.6399682760238647,
        "sel_acc_85": 0.9392812848091125,
        "reliable_85": 1.0,
        "cov_85": 0.6399682760238647,
        "class_cov_85": 1.0,
        "raw_cov_80": 0.6856991648674011,
        "sel_acc_80": 0.925212025642395,
        "reliable_80": 1.0,
        "cov_80": 0.6856991648674011,
        "class_cov_80": 1.0
      },
      "output_dir": "/root/autodl-tmp/BayesVLM/output/ablate_uatb_unc_only/id/ucf101/UATB_MIN/BAYESADAPTER/logit_scale_frozen/sigpar_0.01/sigperp_0.01/lu0_0.01/shot_8/seed_1/eval/id/test",