{
  "loss": 0.01516523864120245,
  "acc": 1.0,
  "nlpd": 0.01496990118175745,
  "ece": 0.01475994661450386,
  "aece": 0.014760005001974578,
  "raw_cov_99": 0.4009900987148285,
  "sel_acc_99": 1.0,
  "reliable_99": 1.0,
  "cov_99": 0.4009900987148285,
  "class_cov_99": 0.5742574257425742,
  "raw_cov_95": 0.9801980257034302,
  "sel_acc_95": 1.0,
  "reliable_95": 1.0,
  "cov_95": 0.9801980257034302,
  "class_cov_95": 0.9900990099009901,
  "raw_cov_90": 0.9950494766235352,
  "sel_acc_90": 1.0,
  "reliable_90": 1.0,
  "cov_90": 0.9950494766235352,
  "class_cov_90": 1.0,
  "raw_cov_85": 1.0,
  "sel_acc_85": 1.0,
  "reliable_85": 1.0,
  "cov_85": 1.0,
  "class_cov_85": 1.0,
  "raw_cov_80": 1.0,
  "sel_acc_80": 1.0,
  "reliable_80": 1.0,
  "cov_80": 1.0,
  "class_cov_80": 1.0
}