threshold,selected_count,raw_coverage,selected_accuracy,reliable,coverage,covered_classes,classwise_coverage
0.99,81,0.4009900987148285,1.0,True,0.4009900987148285,58,0.5742574257425742
0.95,197,0.9752475023269653,1.0,True,0.9752475023269653,100,0.9900990099009901
0.9,201,0.9950494766235352,1.0,True,0.9950494766235352,101,1.0
0.85,202,1.0,1.0,True,1.0,101,1.0
0.8,202,1.0,1.0,True,1.0,101,1.0
