{
  "family": "vlm_adapter",
  "variant": "UATB_MIN",
  "protocol": "id",
  "dataset": "ucf101",
  "seed": 2,
  "model_selection": "last",
  "selection_metric": "acc",
  "selection_mode": "max",
  "best_epoch": 162,
  "best_val_metrics_saved": {
    "loss": 0.4428869420534944,
    "acc": 0.8782929182052612,
    "nlpd": 0.4418429136276245,
    "ece": 0.011954125016927719,
    "aece": 0.008659945178710247,
    "raw_cov_99": 0.4420442581176758,
    "sel_acc_99": 0.9940405488014221,
    "reliable_99": 1.0,
    "cov_99": 0.4420442581176758,
    "class_cov_99": 0.9207920792079208,
    "raw_cov_95": 0.6296101212501526,
    "sel_acc_95": 0.985774040222168,
    "reliable_95": 1.0,
    "cov_95": 0.6296101212501526,
    "class_cov_95": 0.9900990099009901,
    "raw_cov_90": 0.7007375955581665,
    "sel_acc_90": 0.9796992540359497,
    "reliable_90": 1.0,
    "cov_90": 0.7007375955581665,
    "class_cov_90": 1.0,
    "raw_cov_85": 0.751844048500061,
    "sel_acc_85": 0.9726699590682983,
    "reliable_85": 1.0,
    "cov_85": 0.751844048500061,
    "class_cov_85": 1.0,
    "raw_cov_80": 0.7839831113815308,
    "sel_acc_80": 0.9663978219032288,
    "reliable_80": 1.0,
    "cov_80": 0.7839831113815308,
    "class_cov_80": 1.0
  },
  "last_epoch": 300,
  "last_val_metrics_saved": {
    "loss": 0.4401585374918577,
    "acc": 0.8756585717201233,
    "nlpd": 0.43915778398513794,
    "ece": 0.01436351053416729,
    "aece": 0.011878348094017664,
    "raw_cov_99": 0.44731295108795166,
    "sel_acc_99": 0.9941107034683228,
    "reliable_99": 1.0,
    "cov_99": 0.44731295108795166,
    "class_cov_99": 0.9207920792079208,
    "raw_cov_95": 0.6317176222801208,
    "sel_acc_95": 0.9866555333137512,
    "reliable_95": 1.0,
    "cov_95": 0.6317176222801208,
    "class_cov_95": 0.9900990099009901,
    "raw_cov_90": 0.7033719420433044,
    "sel_acc_90": 0.9782771468162537,
    "reliable_90": 1.0,
    "cov_90": 0.7033719420433044,
    "class_cov_90": 1.0,
    "raw_cov_85": 0.7523708939552307,
    "sel_acc_85": 0.9733893275260925,
    "reliable_85": 1.0,
    "cov_85": 0.7523708939552307,
    "class_cov_85": 1.0,
    "raw_cov_80": 0.782402515411377,
    "sel_acc_80": 0.967003345489502,
    "reliable_80": 1.0,
    "cov_80": 0.782402515411377,
    "class_cov_80": 1.0
  },
  "run_dir": "/root/autodl-tmp/BayesVLM/output/ablate_uatb_unc_only/id/ucf101/UATB_MIN/BAYESADAPTER/logit_scale_frozen/sigpar_0.01/sigperp_0.01/lu0_0/shot_16/seed_2",
  "elapsed_seconds": 49.62,
  "artifacts": {
    "log_file": "train/train.log",
    "config_file": "config/config.json",
    "class_names_file": "config/class_names.json",
    "metrics_csv_file": "train/metrics_history.csv",
    "best_ckpt_file": "checkpoints/best_adapter.pt",
    "last_ckpt_file": "checkpoints/last_adapter.pt"
  }
}