{
  "loss": 0.015365757730485189,
  "acc": 1.0,
  "nlpd": 0.015185974538326263,
  "ece": 0.014939963817596436,
  "aece": 0.014940020987893094,
  "raw_cov_99": 0.5111386179924011,
  "sel_acc_99": 1.0,
  "reliable_99": 1.0,
  "cov_99": 0.5111386179924011,
  "class_cov_99": 0.9108910891089109,
  "raw_cov_95": 0.9628713130950928,
  "sel_acc_95": 1.0,
  "reliable_95": 1.0,
  "cov_95": 0.9628713130950928,
  "class_cov_95": 1.0,
  "raw_cov_90": 1.0,
  "sel_acc_90": 1.0,
  "reliable_90": 1.0,
  "cov_90": 1.0,
  "class_cov_90": 1.0,
  "raw_cov_85": 1.0,
  "sel_acc_85": 1.0,
  "reliable_85": 1.0,
  "cov_85": 1.0,
  "class_cov_85": 1.0,
  "raw_cov_80": 1.0,
  "sel_acc_80": 1.0,
  "reliable_80": 1.0,
  "cov_80": 1.0,
  "class_cov_80": 1.0
}