{
  "family": "vlm_adapter",
  "variant": "UATB_MIN",
  "protocol": "id",
  "dataset": "ucf101",
  "seed": 1,
  "model_selection": "last",
  "selection_metric": "acc",
  "selection_mode": "max",
  "best_epoch": 169,
  "best_val_metrics_saved": {
    "loss": 0.39497228326360345,
    "acc": 0.8909378051757812,
    "nlpd": 0.3939838409423828,
    "ece": 0.021510295569896698,
    "aece": 0.025380488410513564,
    "raw_cov_99": 0.4399367868900299,
    "sel_acc_99": 0.9976047873497009,
    "reliable_99": 1.0,
    "cov_99": 0.4399367868900299,
    "class_cov_99": 0.9207920792079208,
    "raw_cov_95": 0.6159114837646484,
    "sel_acc_95": 0.9880239367485046,
    "reliable_95": 1.0,
    "cov_95": 0.6159114837646484,
    "class_cov_95": 0.9801980198019802,
    "raw_cov_90": 0.6981032490730286,
    "sel_acc_90": 0.9856603741645813,
    "reliable_90": 1.0,
    "cov_90": 0.6981032490730286,
    "class_cov_90": 1.0,
    "raw_cov_85": 0.7513172030448914,
    "sel_acc_85": 0.9796633720397949,
    "reliable_85": 1.0,
    "cov_85": 0.7513172030448914,
    "class_cov_85": 1.0,
    "raw_cov_80": 0.7881981134414673,
    "sel_acc_80": 0.9766042828559875,
    "reliable_80": 1.0,
    "cov_80": 0.7881981134414673,
    "class_cov_80": 1.0
  },
  "last_epoch": 300,
  "last_val_metrics_saved": {
    "loss": 0.39187217022520976,
    "acc": 0.8883034586906433,
    "nlpd": 0.3908810317516327,
    "ece": 0.017588939517736435,
    "aece": 0.0248039606624961,
    "raw_cov_99": 0.4430980086326599,
    "sel_acc_99": 0.9976218938827515,
    "reliable_99": 1.0,
    "cov_99": 0.4430980086326599,
    "class_cov_99": 0.9207920792079208,
    "raw_cov_95": 0.6195995807647705,
    "sel_acc_95": 0.988095223903656,
    "reliable_95": 1.0,
    "cov_95": 0.6195995807647705,
    "class_cov_95": 0.9801980198019802,
    "raw_cov_90": 0.7038988471031189,
    "sel_acc_90": 0.985029935836792,
    "reliable_90": 1.0,
    "cov_90": 0.7038988471031189,
    "class_cov_90": 1.0,
    "raw_cov_85": 0.7550052404403687,
    "sel_acc_85": 0.9790648818016052,
    "reliable_85": 1.0,
    "cov_85": 0.7550052404403687,
    "class_cov_85": 1.0,
    "raw_cov_80": 0.7897787094116211,
    "sel_acc_80": 0.9766510725021362,
    "reliable_80": 1.0,
    "cov_80": 0.7897787094116211,
    "class_cov_80": 1.0
  },
  "run_dir": "/root/autodl-tmp/BayesVLM/output/ablate_uatb_unc_only/id/ucf101/UATB_MIN/BAYESADAPTER/logit_scale_frozen/sigpar_0.01/sigperp_0.01/lu0_0.01/shot_16/seed_1",
  "elapsed_seconds": 51.51,
  "artifacts": {
    "log_file": "train/train.log",
    "config_file": "config/config.json",
    "class_names_file": "config/class_names.json",
    "metrics_csv_file": "train/metrics_history.csv",
    "best_ckpt_file": "checkpoints/best_adapter.pt",
    "last_ckpt_file": "checkpoints/last_adapter.pt"
  }
}