{
  "loss": 0.005924574565142393,
  "acc": 1.0,
  "nlpd": 0.005849118810147047,
  "ece": 0.005822956562042236,
  "aece": 0.005822917022327386,
  "raw_cov_99": 0.9009901285171509,
  "sel_acc_99": 1.0,
  "reliable_99": 1.0,
  "cov_99": 0.9009901285171509,
  "class_cov_99": 0.900990099009901,
  "raw_cov_95": 1.0,
  "sel_acc_95": 1.0,
  "reliable_95": 1.0,
  "cov_95": 1.0,
  "class_cov_95": 1.0,
  "raw_cov_90": 1.0,
  "sel_acc_90": 1.0,
  "reliable_90": 1.0,
  "cov_90": 1.0,
  "class_cov_90": 1.0,
  "raw_cov_85": 1.0,
  "sel_acc_85": 1.0,
  "reliable_85": 1.0,
  "cov_85": 1.0,
  "class_cov_85": 1.0,
  "raw_cov_80": 1.0,
  "sel_acc_80": 1.0,
  "reliable_80": 1.0,
  "cov_80": 1.0,
  "class_cov_80": 1.0
}