{
  "family": "vlm_adapter",
  "variant": "UATB_MIN",
  "protocol": "id",
  "dataset": "ucf101",
  "seed": 2,
  "model_selection": "last",
  "selection_metric": "acc",
  "selection_mode": "max",
  "best_epoch": 254,
  "best_val_metrics_saved": {
    "loss": 0.8765494609909138,
    "acc": 0.7713382244110107,
    "nlpd": 0.8751075267791748,
    "ece": 0.04366224631667137,
    "aece": 0.042933558921542644,
    "raw_cov_99": 0.27397260069847107,
    "sel_acc_99": 0.9884615540504456,
    "reliable_99": 0.0,
    "cov_99": 0.0,
    "class_cov_99": 0.0,
    "raw_cov_95": 0.46996837854385376,
    "sel_acc_95": 0.9730941653251648,
    "reliable_95": 1.0,
    "cov_95": 0.46996837854385376,
    "class_cov_95": 0.9207920792079208,
    "raw_cov_90": 0.540569007396698,
    "sel_acc_90": 0.9629629850387573,
    "reliable_90": 1.0,
    "cov_90": 0.540569007396698,
    "class_cov_90": 0.9504950495049505,
    "raw_cov_85": 0.5985247492790222,
    "sel_acc_85": 0.9436619877815247,
    "reliable_85": 1.0,
    "cov_85": 0.5985247492790222,
    "class_cov_85": 0.9900990099009901,
    "raw_cov_80": 0.6517386436462402,
    "sel_acc_80": 0.9296685457229614,
    "reliable_80": 1.0,
    "cov_80": 0.6517386436462402,
    "class_cov_80": 0.9900990099009901
  },
  "last_epoch": 300,
  "last_val_metrics_saved": {
    "loss": 0.8750830524462668,
    "acc": 0.7676501870155334,
    "nlpd": 0.8735752105712891,
    "ece": 0.04691407084465027,
    "aece": 0.04671186833663032,
    "raw_cov_99": 0.27555322647094727,
    "sel_acc_99": 0.9885277152061462,
    "reliable_99": 0.0,
    "cov_99": 0.0,
    "class_cov_99": 0.0,
    "raw_cov_95": 0.46996837854385376,
    "sel_acc_95": 0.9730941653251648,
    "reliable_95": 1.0,
    "cov_95": 0.46996837854385376,
    "class_cov_95": 0.9207920792079208,
    "raw_cov_90": 0.5442571043968201,
    "sel_acc_90": 0.9622458815574646,
    "reliable_90": 1.0,
    "cov_90": 0.5442571043968201,
    "class_cov_90": 0.9702970297029703,
    "raw_cov_85": 0.5958904027938843,
    "sel_acc_85": 0.9469496011734009,
    "reliable_85": 1.0,
    "cov_85": 0.5958904027938843,
    "class_cov_85": 0.9900990099009901,
    "raw_cov_80": 0.6506849527359009,
    "sel_acc_80": 0.9303643703460693,
    "reliable_80": 1.0,
    "cov_80": 0.6506849527359009,
    "class_cov_80": 0.9900990099009901
  },
  "run_dir": "/root/autodl-tmp/BayesVLM/output/ablate_uatb_unc_only/id/ucf101/UATB_MIN/BAYESADAPTER/logit_scale_frozen/sigpar_0.01/sigperp_0.01/lu0_0.01/shot_2/seed_2",
  "elapsed_seconds": 29.18,
  "artifacts": {
    "log_file": "train/train.log",
    "config_file": "config/config.json",
    "class_names_file": "config/class_names.json",
    "metrics_csv_file": "train/metrics_history.csv",
    "best_ckpt_file": "checkpoints/best_adapter.pt",
    "last_ckpt_file": "checkpoints/last_adapter.pt"
  }
}