{
  "family": "vlm_adapter",
  "variant": "UATB_MIN",
  "protocol": "id",
  "dataset": "ucf101",
  "seed": 2,
  "evaluation_tasks": [
    "classification"
  ],
  "model_selection": "last",
  "selected_checkpoint": "last",
  "selected_epoch": 300,
  "selected_val_metrics": {
    "loss": 0.8750830524462668,
    "acc": 0.7676501870155334,
    "nlpd": 0.8735752105712891,
    "ece": 0.04691407084465027,
    "aece": 0.04671186833663032,
    "raw_cov_99": 0.27555322647094727,
    "sel_acc_99": 0.9885277152061462,
    "reliable_99": 0.0,
    "cov_99": 0.0,
    "class_cov_99": 0.0,
    "raw_cov_95": 0.46996837854385376,
    "sel_acc_95": 0.9730941653251648,
    "reliable_95": 1.0,
    "cov_95": 0.46996837854385376,
    "class_cov_95": 0.9207920792079208,
    "raw_cov_90": 0.5442571043968201,
    "sel_acc_90": 0.9622458815574646,
    "reliable_90": 1.0,
    "cov_90": 0.5442571043968201,
    "class_cov_90": 0.9702970297029703,
    "raw_cov_85": 0.5958904027938843,
    "sel_acc_85": 0.9469496011734009,
    "reliable_85": 1.0,
    "cov_85": 0.5958904027938843,
    "class_cov_85": 0.9900990099009901,
    "raw_cov_80": 0.6506849527359009,
    "sel_acc_80": 0.9303643703460693,
    "reliable_80": 1.0,
    "cov_80": 0.6506849527359009,
    "class_cov_80": 0.9900990099009901
  },
  "classification": {
    "train": {
      "split_name": "train",
      "metrics": {
        "loss": 0.016705913469195366,
        "acc": 1.0,
        "nlpd": 0.016506290063261986,
        "ece": 0.01624561846256256,
        "aece": 0.016245594119081403,
        "raw_cov_99": 0.3910891115665436,
        "sel_acc_99": 1.0,
        "reliable_99": 1.0,
        "cov_99": 0.3910891115665436,
        "class_cov_99": 0.5643564356435643,
        "raw_cov_95": 0.9653465151786804,
        "sel_acc_95": 1.0,
        "reliable_95": 1.0,
        "cov_95": 0.9653465151786804,
        "class_cov_95": 0.9900990099009901,
        "raw_cov_90": 0.9950494766235352,
        "sel_acc_90": 1.0,
        "reliable_90": 1.0,
        "cov_90": 0.9950494766235352,
        "class_cov_90": 1.0,
        "raw_cov_85": 1.0,
        "sel_acc_85": 1.0,
        "reliable_85": 1.0,
        "cov_85": 1.0,
        "class_cov_85": 1.0,
        "raw_cov_80": 1.0,
        "sel_acc_80": 1.0,
        "reliable_80": 1.0,
        "cov_80": 1.0,
        "class_cov_80": 1.0
      },
      "output_dir": "/root/autodl-tmp/BayesVLM/output/ablate_uatb_unc_only/id/ucf101/UATB_MIN/BAYESADAPTER/logit_scale_frozen/sigpar_0.01/sigperp_0.01/lu0_0.01/shot_2/seed_2/eval/id/train",
      "metrics_path": "/root/autodl-tmp/BayesVLM/output/ablate_uatb_unc_only/id/ucf101/UATB_MIN/BAYESADAPTER/logit_scale_frozen/sigpar_0.01/sigperp_0.01/lu0_0.01/shot_2/seed_2/eval/id/train/metrics.json",
      "predictions_pt": "/root/autodl-tmp/BayesVLM/output/ablate_uatb_unc_only/id/ucf101/UATB_MIN/BAYESADAPTER/logit_scale_frozen/sigpar_0.01/sigperp_0.01/lu0_0.01/shot_2/seed_2/eval/id/train/predictions.pt",
      "predictions_jsonl": "/root/autodl-tmp/BayesVLM/output/ablate_uatb_unc_only/id/ucf101/UATB_MIN/BAYESADAPTER/logit_scale_frozen/sigpar_0.01/sigperp_0.01/lu0_0.01/shot_2/seed_2/eval/id/train/predictions.jsonl",
      "bins_path": "/root/autodl-tmp/BayesVLM/output/ablate_uatb_unc_only/id/ucf101/UATB_MIN/BAYESADAPTER/logit_scale_frozen/sigpar_0.01/sigperp_0.01/lu0_0.01/shot_2/seed_2/eval/id/train/calibration_bins.csv",
      "adaptive_bins_path": "/root/autodl-tmp/BayesVLM/output/ablate_uatb_unc_only/id/ucf101/UATB_MIN/BAYESADAPTER/logit_scale_frozen/sigpar_0.01/sigperp_0.01/lu0_0.01/shot_2/seed_2/eval/id/train/adaptive_calibration_bins.csv",
      "selective_metrics_path": "/root/autodl-tmp/BayesVLM/output/ablate_uatb_unc_only/id/ucf101/UATB_MIN/BAYESADAPTER/logit_scale_frozen/sigpar_0.01/sigperp_0.01/lu0_0.01/shot_2/seed_2/eval/id/train/selective_metrics.csv"
    },
    "val": {
      "split_name": "val",
      "metrics": {
        "loss": 0.8768488409898555,
        "acc": 0.7655426859855652,
        "nlpd": 0.8752908110618591,
        "ece": 0.04873672127723694,
        "aece": 0.048727438780228886,
        "raw_cov_99": 0.27239200472831726,
        "sel_acc_99": 0.988394558429718,
        "reliable_99": 0.0,
        "cov_99": 0.0,
        "class_cov_99": 0.0,
        "raw_cov_95": 0.4704952538013458,
        "sel_acc_95": 0.9731243252754211,
        "reliable_95": 1.0,
        "cov_95": 0.4704952538013458,
        "class_cov_95": 0.9207920792079208,
        "raw_cov_90": 0.5437302589416504,
        "sel_acc_90": 0.961240291595459,
        "reliable_90": 1.0,
        "cov_90": 0.5437302589416504,
        "class_cov_90": 0.9702970297029703,
        "raw_cov_85": 0.5979979038238525,
        "sel_acc_85": 0.9462555050849915,
        "reliable_85": 1.0,
        "cov_85": 0.5979979038238525,
        "class_cov_85": 0.9900990099009901,
        "raw_cov_80": 0.6496312022209167,
        "sel_acc_80": 0.93025141954422,
        "reliable_80": 1.0,
        "cov_80": 0.6496312022209167,
        "class_cov_80": 0.9900990099009901
      },
      "output_dir": "/root/autodl-tmp/BayesVLM/output/ablate_uatb_unc_only/id/ucf101/UATB_MIN/BAYESADAPTER/logit_scale_frozen/sigpar_0.01/sigperp_0.01/lu0_0.01/shot_2/seed_2/eval/id/val",
      "metrics_path": "/root/autodl-tmp/BayesVLM/output/ablate_uatb_unc_only/id/ucf101/UATB_MIN/BAYESADAPTER/logit_scale_frozen/sigpar_0.01/sigperp_0.01/lu0_0.01/shot_2/seed_2/eval/id/val/metrics.json",
      "predictions_pt": "/root/autodl-tmp/BayesVLM/output/ablate_uatb_unc_only/id/ucf101/UATB_MIN/BAYESADAPTER/logit_scale_frozen/sigpar_0.01/sigperp_0.01/lu0_0.01/shot_2/seed_2/eval/id/val/predictions.pt",
      "predictions_jsonl": "/root/autodl-tmp/BayesVLM/output/ablate_uatb_unc_only/id/ucf101/UATB_MIN/BAYESADAPTER/logit_scale_frozen/sigpar_0.01/sigperp_0.01/lu0_0.01/shot_2/seed_2/eval/id/val/predictions.jsonl",
      "bins_path": "/root/autodl-tmp/BayesVLM/output/ablate_uatb_unc_only/id/ucf101/UATB_MIN/BAYESADAPTER/logit_scale_frozen/sigpar_0.01/sigperp_0.01/lu0_0.01/shot_2/seed_2/eval/id/val/calibration_bins.csv",
      "adaptive_bins_path": "/root/autodl-tmp/BayesVLM/output/ablate_uatb_unc_only/id/ucf101/UATB_MIN/BAYESADAPTER/logit_scale_frozen/sigpar_0.01/sigperp_0.01/lu0_0.01/shot_2/seed_2/eval/id/val/adaptive_calibration_bins.csv",
      "selective_metrics_path": "/root/autodl-tmp/BayesVLM/output/ablate_uatb_unc_only/id/ucf101/UATB_MIN/BAYESADAPTER/logit_scale_frozen/sigpar_0.01/sigperp_0.01/lu0_0.01/shot_2/seed_2/eval/id/val/selective_metrics.csv"
    },
    "test": {
      "split_name": "test",
      "metrics": {
        "loss": 0.9177789151463721,
        "acc": 0.7454401254653931,
        "nlpd": 0.9161706566810608,
        "ece": 0.0542665496468544,
        "aece": 0.054362266263160125,
        "raw_cov_99": 0.27702879905700684,
        "sel_acc_99": 0.9866412281990051,
        "reliable_99": 0.0,
        "cov_99": 0.0,
        "class_cov_99": 0.0,
        "raw_cov_95": 0.43669044971466064,
        "sel_acc_95": 0.9636803865432739,
        "reliable_95": 1.0,
        "cov_95": 0.43669044971466064,
        "class_cov_95": 0.9603960396039604,
        "raw_cov_90": 0.5231298208236694,
        "sel_acc_90": 0.9494694471359253,
        "reliable_90": 1.0,
        "cov_90": 0.5231298208236694,
        "class_cov_90": 0.9801980198019802,
        "raw_cov_85": 0.5783769488334656,
        "sel_acc_85": 0.9387568831443787,
        "reliable_85": 1.0,
        "cov_85": 0.5783769488334656,
        "class_cov_85": 1.0,
        "raw_cov_80": 0.6227861642837524,
        "sel_acc_80": 0.9286926984786987,
        "reliable_80": 1.0,
        "cov_80": 0.6227861642837524,
        "class_cov_80": 1.0
      },
      "output_dir": "/root/autodl-tmp/BayesVLM/output/ablate_uatb_unc_only/id/ucf101/UATB_MIN/BAYESADAPTER/logit_scale_frozen/sigpar_0.01/sigperp_0.01/lu0_0.01/shot_2/seed_2/eval/id/test",