{
  "family": "vlm_adapter",
  "variant": "UATB_MIN",
  "protocol": "id",
  "dataset": "ucf101",
  "seed": 1,
  "model_selection": "last",
  "selection_metric": "acc",
  "selection_mode": "max",
  "best_epoch": 164,
  "best_val_metrics_saved": {
    "loss": 0.7253301456429307,
    "acc": 0.8040041923522949,
    "nlpd": 0.7238975167274475,
    "ece": 0.032345183193683624,
    "aece": 0.03268073042275658,
    "raw_cov_99": 0.32613277435302734,
    "sel_acc_99": 0.9967690110206604,
    "reliable_99": 1.0,
    "cov_99": 0.32613277435302734,
    "class_cov_99": 0.801980198019802,
    "raw_cov_95": 0.49683877825737,
    "sel_acc_95": 0.9787911176681519,
    "reliable_95": 1.0,
    "cov_95": 0.49683877825737,
    "class_cov_95": 0.9306930693069307,
    "raw_cov_90": 0.5906217098236084,
    "sel_acc_90": 0.9625334739685059,
    "reliable_90": 1.0,
    "cov_90": 0.5906217098236084,
    "class_cov_90": 0.9801980198019802,
    "raw_cov_85": 0.6475237011909485,
    "sel_acc_85": 0.9544345140457153,
    "reliable_85": 1.0,
    "cov_85": 0.6475237011909485,
    "class_cov_85": 1.0,
    "raw_cov_80": 0.6875658631324768,
    "sel_acc_80": 0.9409961700439453,
    "reliable_80": 1.0,
    "cov_80": 0.6875658631324768,
    "class_cov_80": 1.0
  },
  "last_epoch": 300,
  "last_val_metrics_saved": {
    "loss": 0.7212151628148569,
    "acc": 0.7997892498970032,
    "nlpd": 0.7197690606117249,
    "ece": 0.03848797827959061,
    "aece": 0.038806629601720766,
    "raw_cov_99": 0.3314014673233032,
    "sel_acc_99": 0.996820330619812,
    "reliable_99": 1.0,
    "cov_99": 0.3314014673233032,
    "class_cov_99": 0.8217821782178217,
    "raw_cov_95": 0.5010537505149841,
    "sel_acc_95": 0.9789695143699646,
    "reliable_95": 1.0,
    "cov_95": 0.5010537505149841,
    "class_cov_95": 0.9306930693069307,
    "raw_cov_90": 0.5958904027938843,
    "sel_acc_90": 0.960212230682373,
    "reliable_90": 1.0,
    "cov_90": 0.5958904027938843,
    "class_cov_90": 0.9801980198019802,
    "raw_cov_85": 0.6517386436462402,
    "sel_acc_85": 0.9539207816123962,
    "reliable_85": 1.0,
    "cov_85": 0.6517386436462402,
    "class_cov_85": 1.0,
    "raw_cov_80": 0.692307710647583,
    "sel_acc_80": 0.9398782253265381,
    "reliable_80": 1.0,
    "cov_80": 0.692307710647583,
    "class_cov_80": 1.0
  },
  "run_dir": "/root/autodl-tmp/BayesVLM/output/ablate_uatb_aniso_only/id/ucf101/UATB_MIN/BAYESADAPTER/logit_scale_frozen/sigpar_0.005/sigperp_0.02/lu0_0/shot_4/seed_1",
  "elapsed_seconds": 32.13,
  "artifacts": {
    "log_file": "train/train.log",
    "config_file": "config/config.json",
    "class_names_file": "config/class_names.json",
    "metrics_csv_file": "train/metrics_history.csv",
    "best_ckpt_file": "checkpoints/best_adapter.pt",
    "last_ckpt_file": "checkpoints/last_adapter.pt"
  }
}