{
  "family": "vlm_adapter",
  "variant": "UATB_MIN",
  "protocol": "id",
  "dataset": "ucf101",
  "seed": 2,
  "model_selection": "last",
  "selection_metric": "acc",
  "selection_mode": "max",
  "best_epoch": 188,
  "best_val_metrics_saved": {
    "loss": 0.4399168456819211,
    "acc": 0.8798735737800598,
    "nlpd": 0.43893012404441833,
    "ece": 0.01347596850246191,
    "aece": 0.009120254735172863,
    "raw_cov_99": 0.4467860758304596,
    "sel_acc_99": 0.9941037893295288,
    "reliable_99": 1.0,
    "cov_99": 0.4467860758304596,
    "class_cov_99": 0.9207920792079208,
    "raw_cov_95": 0.6311907172203064,
    "sel_acc_95": 0.9858096837997437,
    "reliable_95": 1.0,
    "cov_95": 0.6311907172203064,
    "class_cov_95": 0.9900990099009901,
    "raw_cov_90": 0.7023182511329651,
    "sel_acc_90": 0.9789947271347046,
    "reliable_90": 1.0,
    "cov_90": 0.7023182511329651,
    "class_cov_90": 1.0,
    "raw_cov_85": 0.7539515495300293,
    "sel_acc_85": 0.9720475077629089,
    "reliable_85": 1.0,
    "cov_85": 0.7539515495300293,
    "class_cov_85": 1.0,
    "raw_cov_80": 0.782402515411377,
    "sel_acc_80": 0.965656578540802,
    "reliable_80": 1.0,
    "cov_80": 0.782402515411377,
    "class_cov_80": 1.0
  },
  "last_epoch": 300,
  "last_val_metrics_saved": {
    "loss": 0.43842930543786984,
    "acc": 0.8777660727500916,
    "nlpd": 0.43744271993637085,
    "ece": 0.01641998626291752,
    "aece": 0.010133217301836004,
    "raw_cov_99": 0.45047417283058167,
    "sel_acc_99": 0.9941520690917969,
    "reliable_99": 1.0,
    "cov_99": 0.45047417283058167,
    "class_cov_99": 0.9207920792079208,
    "raw_cov_95": 0.6338250637054443,
    "sel_acc_95": 0.9866999387741089,
    "reliable_95": 1.0,
    "cov_95": 0.6338250637054443,
    "class_cov_95": 0.9900990099009901,
    "raw_cov_90": 0.7038988471031189,
    "sel_acc_90": 0.9782934188842773,
    "reliable_90": 1.0,
    "cov_90": 0.7038988471031189,
    "class_cov_90": 1.0,
    "raw_cov_85": 0.7534246444702148,
    "sel_acc_85": 0.9734265804290771,
    "reliable_85": 1.0,
    "cov_85": 0.7534246444702148,
    "class_cov_85": 1.0,
    "raw_cov_80": 0.7839831113815308,
    "sel_acc_80": 0.9670698642730713,
    "reliable_80": 1.0,
    "cov_80": 0.7839831113815308,
    "class_cov_80": 1.0
  },
  "run_dir": "/root/autodl-tmp/BayesVLM/output/ablate_uatb_unc_only/id/ucf101/UATB_MIN/BAYESADAPTER/logit_scale_frozen/sigpar_0.01/sigperp_0.01/lu0_0.01/shot_16/seed_2",
  "elapsed_seconds": 53.27,
  "artifacts": {
    "log_file": "train/train.log",
    "config_file": "config/config.json",
    "class_names_file": "config/class_names.json",
    "metrics_csv_file": "train/metrics_history.csv",
    "best_ckpt_file": "checkpoints/best_adapter.pt",
    "last_ckpt_file": "checkpoints/last_adapter.pt"
  }
}