threshold,selected_count,raw_coverage,selected_accuracy,reliable,coverage,covered_classes,classwise_coverage
0.99,93,0.9207921028137207,1.0,True,0.9207921028137207,93,0.9207920792079208
0.95,101,1.0,1.0,True,1.0,101,1.0
0.9,101,1.0,1.0,True,1.0,101,1.0
0.85,101,1.0,1.0,True,1.0,101,1.0
0.8,101,1.0,1.0,True,1.0,101,1.0
