{
  "family": "vlm_adapter",
  "variant": "UATB_MIN",
  "protocol": "id",
  "dataset": "ucf101",
  "seed": 2,
  "model_selection": "last",
  "selection_metric": "acc",
  "selection_mode": "max",
  "best_epoch": 215,
  "best_val_metrics_saved": {
    "loss": 1.083330548098517,
    "acc": 0.7281348705291748,
    "nlpd": 1.0815597772598267,
    "ece": 0.07238631695508957,
    "aece": 0.07238627393956683,
    "raw_cov_99": 0.26659640669822693,
    "sel_acc_99": 0.9841897487640381,
    "reliable_99": 0.0,
    "cov_99": 0.0,
    "class_cov_99": 0.0,
    "raw_cov_95": 0.4204425811767578,
    "sel_acc_95": 0.9611529111862183,
    "reliable_95": 1.0,
    "cov_95": 0.4204425811767578,
    "class_cov_95": 0.8712871287128713,
    "raw_cov_90": 0.5079030394554138,
    "sel_acc_90": 0.9398339986801147,
    "reliable_90": 1.0,
    "cov_90": 0.5079030394554138,
    "class_cov_90": 0.9603960396039604,
    "raw_cov_85": 0.5674394369125366,
    "sel_acc_85": 0.9164345264434814,
    "reliable_85": 1.0,
    "cov_85": 0.5674394369125366,
    "class_cov_85": 0.9900990099009901,
    "raw_cov_80": 0.6211801767349243,
    "sel_acc_80": 0.8973706364631653,
    "reliable_80": 1.0,
    "cov_80": 0.6211801767349243,
    "class_cov_80": 1.0
  },
  "last_epoch": 300,
  "last_val_metrics_saved": {
    "loss": 1.0816929581544674,
    "acc": 0.7239199280738831,
    "nlpd": 1.0799778699874878,
    "ece": 0.0781419426202774,
    "aece": 0.07707731056766087,
    "raw_cov_99": 0.26765015721321106,
    "sel_acc_99": 0.9842519760131836,
    "reliable_99": 0.0,
    "cov_99": 0.0,
    "class_cov_99": 0.0,
    "raw_cov_95": 0.41991570591926575,
    "sel_acc_95": 0.961104154586792,
    "reliable_95": 1.0,
    "cov_95": 0.41991570591926575,
    "class_cov_95": 0.8811881188118812,
    "raw_cov_90": 0.5110642910003662,
    "sel_acc_90": 0.938144326210022,
    "reliable_90": 1.0,
    "cov_90": 0.5110642910003662,
    "class_cov_90": 0.9504950495049505,
    "raw_cov_85": 0.5669125318527222,
    "sel_acc_85": 0.9182156324386597,
    "reliable_85": 1.0,
    "cov_85": 0.5669125318527222,
    "class_cov_85": 0.9801980198019802,
    "raw_cov_80": 0.6227607727050781,
    "sel_acc_80": 0.8976311087608337,
    "reliable_80": 1.0,
    "cov_80": 0.6227607727050781,
    "class_cov_80": 1.0
  },
  "run_dir": "/root/autodl-tmp/BayesVLM/output/ablate_uatb_unc_only/id/ucf101/UATB_MIN/BAYESADAPTER/logit_scale_frozen/sigpar_0.01/sigperp_0.01/lu0_0/shot_1/seed_2",
  "elapsed_seconds": 29.91,
  "artifacts": {
    "log_file": "train/train.log",
    "config_file": "config/config.json",
    "class_names_file": "config/class_names.json",
    "metrics_csv_file": "train/metrics_history.csv",
    "best_ckpt_file": "checkpoints/best_adapter.pt",
    "last_ckpt_file": "checkpoints/last_adapter.pt"
  }
}