{
  "family": "vlm_adapter",
  "variant": "UATB_MIN",
  "protocol": "id",
  "dataset": "ucf101",
  "seed": 2,
  "model_selection": "last",
  "selection_metric": "acc",
  "selection_mode": "max",
  "best_epoch": 149,
  "best_val_metrics_saved": {
    "loss": 1.056283799815605,
    "acc": 0.7286617755889893,
    "nlpd": 1.0546320676803589,
    "ece": 0.06572823226451874,
    "aece": 0.06387007647872096,
    "raw_cov_99": 0.24499472975730896,
    "sel_acc_99": 0.9870967864990234,
    "reliable_99": 0.0,
    "cov_99": 0.0,
    "class_cov_99": 0.0,
    "raw_cov_95": 0.4062170684337616,
    "sel_acc_95": 0.963683545589447,
    "reliable_95": 1.0,
    "cov_95": 0.4062170684337616,
    "class_cov_95": 0.8613861386138614,
    "raw_cov_90": 0.49262380599975586,
    "sel_acc_90": 0.9443850517272949,
    "reliable_90": 1.0,
    "cov_90": 0.49262380599975586,
    "class_cov_90": 0.9504950495049505,
    "raw_cov_85": 0.5553213953971863,
    "sel_acc_85": 0.9240986704826355,
    "reliable_85": 1.0,
    "cov_85": 0.5553213953971863,
    "class_cov_85": 0.9801980198019802,
    "raw_cov_80": 0.6122233867645264,
    "sel_acc_80": 0.9036144614219666,
    "reliable_80": 1.0,
    "cov_80": 0.6122233867645264,
    "class_cov_80": 1.0
  },
  "last_epoch": 300,
  "last_val_metrics_saved": {
    "loss": 1.0551681038702754,
    "acc": 0.7281348705291748,
    "nlpd": 1.0535598993301392,
    "ece": 0.06871668994426727,
    "aece": 0.06675449776825337,
    "raw_cov_99": 0.2507902979850769,
    "sel_acc_99": 0.9873949289321899,
    "reliable_99": 0.0,
    "cov_99": 0.0,
    "class_cov_99": 0.0,
    "raw_cov_95": 0.40990516543388367,
    "sel_acc_95": 0.9640102982521057,
    "reliable_95": 1.0,
    "cov_95": 0.40990516543388367,
    "class_cov_95": 0.8514851485148515,
    "raw_cov_90": 0.4978925287723541,
    "sel_acc_90": 0.9428571462631226,
    "reliable_90": 1.0,
    "cov_90": 0.4978925287723541,
    "class_cov_90": 0.9504950495049505,
    "raw_cov_85": 0.559536337852478,
    "sel_acc_85": 0.9246704578399658,
    "reliable_85": 1.0,
    "cov_85": 0.559536337852478,
    "class_cov_85": 0.9801980198019802,
    "raw_cov_80": 0.6164383292198181,
    "sel_acc_80": 0.904273509979248,
    "reliable_80": 1.0,
    "cov_80": 0.6164383292198181,
    "class_cov_80": 1.0
  },
  "run_dir": "/root/autodl-tmp/BayesVLM/output/ablate_uatb_full/id/ucf101/UATB_MIN/BAYESADAPTER/logit_scale_frozen/sigpar_0.005/sigperp_0.02/lu0_0.01/shot_1/seed_2",
  "elapsed_seconds": 30.53,
  "artifacts": {
    "log_file": "train/train.log",
    "config_file": "config/config.json",
    "class_names_file": "config/class_names.json",
    "metrics_csv_file": "train/metrics_history.csv",
    "best_ckpt_file": "checkpoints/best_adapter.pt",
    "last_ckpt_file": "checkpoints/last_adapter.pt"
  }
}