{
  "loss": 0.006406831089407206,
  "acc": 1.0,
  "nlpd": 0.0063286335207521915,
  "ece": 0.006301581859588623,
  "aece": 0.006301528156393826,
  "raw_cov_99": 0.8613861203193665,
  "sel_acc_99": 1.0,
  "reliable_99": 1.0,
  "cov_99": 0.8613861203193665,
  "class_cov_99": 0.8613861386138614,
  "raw_cov_95": 1.0,
  "sel_acc_95": 1.0,
  "reliable_95": 1.0,
  "cov_95": 1.0,
  "class_cov_95": 1.0,
  "raw_cov_90": 1.0,
  "sel_acc_90": 1.0,
  "reliable_90": 1.0,
  "cov_90": 1.0,
  "class_cov_90": 1.0,
  "raw_cov_85": 1.0,
  "sel_acc_85": 1.0,
  "reliable_85": 1.0,
  "cov_85": 1.0,
  "class_cov_85": 1.0,
  "raw_cov_80": 1.0,
  "sel_acc_80": 1.0,
  "reliable_80": 1.0,
  "cov_80": 1.0,
  "class_cov_80": 1.0
}