{
  "loss": 0.015622557140886784,
  "acc": 1.0,
  "nlpd": 0.015421697869896889,
  "ece": 0.015199633315205574,
  "aece": 0.015199660664737815,
  "raw_cov_99": 0.39603960514068604,
  "sel_acc_99": 1.0,
  "reliable_99": 1.0,
  "cov_99": 0.39603960514068604,
  "class_cov_99": 0.5643564356435643,
  "raw_cov_95": 0.9702970385551453,
  "sel_acc_95": 1.0,
  "reliable_95": 1.0,
  "cov_95": 0.9702970385551453,
  "class_cov_95": 0.9900990099009901,
  "raw_cov_90": 0.9950494766235352,
  "sel_acc_90": 1.0,
  "reliable_90": 1.0,
  "cov_90": 0.9950494766235352,
  "class_cov_90": 1.0,
  "raw_cov_85": 1.0,
  "sel_acc_85": 1.0,
  "reliable_85": 1.0,
  "cov_85": 1.0,
  "class_cov_85": 1.0,
  "raw_cov_80": 1.0,
  "sel_acc_80": 1.0,
  "reliable_80": 1.0,
  "cov_80": 1.0,
  "class_cov_80": 1.0
}