{
  "loss": 0.007102783303707838,
  "acc": 1.0,
  "nlpd": 0.007009108550846577,
  "ece": 0.0069651007652282715,
  "aece": 0.006965092503198303,
  "raw_cov_99": 0.8613861203193665,
  "sel_acc_99": 1.0,
  "reliable_99": 1.0,
  "cov_99": 0.8613861203193665,
  "class_cov_99": 0.8613861386138614,
  "raw_cov_95": 1.0,
  "sel_acc_95": 1.0,
  "reliable_95": 1.0,
  "cov_95": 1.0,
  "class_cov_95": 1.0,
  "raw_cov_90": 1.0,
  "sel_acc_90": 1.0,
  "reliable_90": 1.0,
  "cov_90": 1.0,
  "class_cov_90": 1.0,
  "raw_cov_85": 1.0,
  "sel_acc_85": 1.0,
  "reliable_85": 1.0,
  "cov_85": 1.0,
  "class_cov_85": 1.0,
  "raw_cov_80": 1.0,
  "sel_acc_80": 1.0,
  "reliable_80": 1.0,
  "cov_80": 1.0,
  "class_cov_80": 1.0
}