{
  "family": "vlm_adapter",
  "variant": "UATB_MIN",
  "protocol": "id",
  "dataset": "ucf101",
  "seed": 3,
  "model_selection": "last",
  "selection_metric": "acc",
  "selection_mode": "max",
  "best_epoch": 159,
  "best_val_metrics_saved": {
    "loss": 0.40674995565816396,
    "acc": 0.8767123222351074,
    "nlpd": 0.40580886602401733,
    "ece": 0.01957058347761631,
    "aece": 0.017162679652393934,
    "raw_cov_99": 0.4546891450881958,
    "sel_acc_99": 0.997682511806488,
    "reliable_99": 1.0,
    "cov_99": 0.4546891450881958,
    "class_cov_99": 0.9207920792079208,
    "raw_cov_95": 0.6433087587356567,
    "sel_acc_95": 0.9868959784507751,
    "reliable_95": 1.0,
    "cov_95": 0.6433087587356567,
    "class_cov_95": 1.0,
    "raw_cov_90": 0.7186512351036072,
    "sel_acc_90": 0.9750733375549316,
    "reliable_90": 1.0,
    "cov_90": 0.7186512351036072,
    "class_cov_90": 1.0,
    "raw_cov_85": 0.7697576284408569,
    "sel_acc_85": 0.9705681204795837,
    "reliable_85": 1.0,
    "cov_85": 0.7697576284408569,
    "class_cov_85": 1.0,
    "raw_cov_80": 0.805057942867279,
    "sel_acc_80": 0.9607329964637756,
    "reliable_80": 1.0,
    "cov_80": 0.805057942867279,
    "class_cov_80": 1.0
  },
  "last_epoch": 300,
  "last_val_metrics_saved": {
    "loss": 0.40102092942146406,
    "acc": 0.8751317262649536,
    "nlpd": 0.4001093804836273,
    "ece": 0.023709088563919067,
    "aece": 0.020677639699459585,
    "raw_cov_99": 0.46364593505859375,
    "sel_acc_99": 0.9977272748947144,
    "reliable_99": 1.0,
    "cov_99": 0.46364593505859375,
    "class_cov_99": 0.9405940594059405,
    "raw_cov_95": 0.6496312022209167,
    "sel_acc_95": 0.9862124919891357,
    "reliable_95": 1.0,
    "cov_95": 0.6496312022209167,
    "class_cov_95": 1.0,
    "raw_cov_90": 0.7218124270439148,
    "sel_acc_90": 0.9773722887039185,
    "reliable_90": 1.0,
    "cov_90": 0.7218124270439148,
    "class_cov_90": 1.0,
    "raw_cov_85": 0.7755532264709473,
    "sel_acc_85": 0.96875,
    "reliable_85": 1.0,
    "cov_85": 0.7755532264709473,
    "class_cov_85": 1.0,
    "raw_cov_80": 0.8092729449272156,
    "sel_acc_80": 0.9602864384651184,
    "reliable_80": 1.0,
    "cov_80": 0.8092729449272156,
    "class_cov_80": 1.0
  },
  "run_dir": "/root/autodl-tmp/BayesVLM/output/ablate_uatb_full/id/ucf101/UATB_MIN/BAYESADAPTER/logit_scale_frozen/sigpar_0.005/sigperp_0.02/lu0_0.01/shot_16/seed_3",
  "elapsed_seconds": 50.76,
  "artifacts": {
    "log_file": "train/train.log",
    "config_file": "config/config.json",
    "class_names_file": "config/class_names.json",
    "metrics_csv_file": "train/metrics_history.csv",
    "best_ckpt_file": "checkpoints/best_adapter.pt",
    "last_ckpt_file": "checkpoints/last_adapter.pt"
  }
}