{
  "family": "vlm_adapter",
  "variant": "UATB_MIN",
  "protocol": "id",
  "dataset": "ucf101",
  "seed": 3,
  "model_selection": "last",
  "selection_metric": "acc",
  "selection_mode": "max",
  "best_epoch": 212,
  "best_val_metrics_saved": {
    "loss": 0.4051921767103157,
    "acc": 0.8756585717201233,
    "nlpd": 0.40424615144729614,
    "ece": 0.018572837114334106,
    "aece": 0.016150094089819583,
    "raw_cov_99": 0.44731295108795166,
    "sel_acc_99": 0.9988221526145935,
    "reliable_99": 1.0,
    "cov_99": 0.44731295108795166,
    "class_cov_99": 0.9306930693069307,
    "raw_cov_95": 0.6401475071907043,
    "sel_acc_95": 0.9876543283462524,
    "reliable_95": 1.0,
    "cov_95": 0.6401475071907043,
    "class_cov_95": 0.9900990099009901,
    "raw_cov_90": 0.7165437340736389,
    "sel_acc_90": 0.9764705896377563,
    "reliable_90": 1.0,
    "cov_90": 0.7165437340736389,
    "class_cov_90": 1.0,
    "raw_cov_85": 0.7660695314407349,
    "sel_acc_85": 0.9697386622428894,
    "reliable_85": 1.0,
    "cov_85": 0.7660695314407349,
    "class_cov_85": 1.0,
    "raw_cov_80": 0.8045310974121094,
    "sel_acc_80": 0.9620169997215271,
    "reliable_80": 1.0,
    "cov_80": 0.8045310974121094,
    "class_cov_80": 1.0
  },
  "last_epoch": 300,
  "last_val_metrics_saved": {
    "loss": 0.40479871118784705,
    "acc": 0.8735511302947998,
    "nlpd": 0.40383386611938477,
    "ece": 0.017735157161951065,
    "aece": 0.018248695216766773,
    "raw_cov_99": 0.45047417283058167,
    "sel_acc_99": 0.9988304376602173,
    "reliable_99": 1.0,
    "cov_99": 0.45047417283058167,
    "class_cov_99": 0.9306930693069307,
    "raw_cov_95": 0.6396206617355347,
    "sel_acc_95": 0.9876441359519958,
    "reliable_95": 1.0,
    "cov_95": 0.6396206617355347,
    "class_cov_95": 0.9900990099009901,
    "raw_cov_90": 0.717597484588623,
    "sel_acc_90": 0.9772393703460693,
    "reliable_90": 1.0,
    "cov_90": 0.717597484588623,
    "class_cov_90": 1.0,
    "raw_cov_85": 0.7639620900154114,
    "sel_acc_85": 0.9703448414802551,
    "reliable_85": 1.0,
    "cov_85": 0.7639620900154114,
    "class_cov_85": 1.0,
    "raw_cov_80": 0.8040041923522949,
    "sel_acc_80": 0.9619921445846558,
    "reliable_80": 1.0,
    "cov_80": 0.8040041923522949,
    "class_cov_80": 1.0
  },
  "run_dir": "/root/autodl-tmp/BayesVLM/output/ablate_uatb_unc_only/id/ucf101/UATB_MIN/BAYESADAPTER/logit_scale_frozen/sigpar_0.01/sigperp_0.01/lu0_0/shot_16/seed_3",
  "elapsed_seconds": 47.99,
  "artifacts": {
    "log_file": "train/train.log",
    "config_file": "config/config.json",
    "class_names_file": "config/class_names.json",
    "metrics_csv_file": "train/metrics_history.csv",
    "best_ckpt_file": "checkpoints/best_adapter.pt",
    "last_ckpt_file": "checkpoints/last_adapter.pt"
  }
}