{
  "family": "vlm_adapter",
  "variant": "UATB_MIN",
  "protocol": "id",
  "dataset": "ucf101",
  "seed": 3,
  "model_selection": "last",
  "selection_metric": "acc",
  "selection_mode": "max",
  "best_epoch": 300,
  "best_val_metrics_saved": {
    "loss": 0.8575546461362608,
    "acc": 0.7634351849555969,
    "nlpd": 0.8558933138847351,
    "ece": 0.05154113098978996,
    "aece": 0.05299157956251982,
    "raw_cov_99": 0.29346680641174316,
    "sel_acc_99": 0.9982046484947205,
    "reliable_99": 1.0,
    "cov_99": 0.29346680641174316,
    "class_cov_99": 0.7425742574257426,
    "raw_cov_95": 0.46838778257369995,
    "sel_acc_95": 0.9763779640197754,
    "reliable_95": 1.0,
    "cov_95": 0.46838778257369995,
    "class_cov_95": 0.900990099009901,
    "raw_cov_90": 0.5489989519119263,
    "sel_acc_90": 0.9616122841835022,
    "reliable_90": 1.0,
    "cov_90": 0.5489989519119263,
    "class_cov_90": 0.9603960396039604,
    "raw_cov_85": 0.6027397513389587,
    "sel_acc_85": 0.9440559148788452,
    "reliable_85": 1.0,
    "cov_85": 0.6027397513389587,
    "class_cov_85": 0.9801980198019802,
    "raw_cov_80": 0.6454162001609802,
    "sel_acc_80": 0.9297959208488464,
    "reliable_80": 1.0,
    "cov_80": 0.6454162001609802,
    "class_cov_80": 1.0
  },
  "last_epoch": 300,
  "last_val_metrics_saved": {
    "loss": 0.8575546461362608,
    "acc": 0.7634351849555969,
    "nlpd": 0.8558933138847351,
    "ece": 0.05154113098978996,
    "aece": 0.05299157956251982,
    "raw_cov_99": 0.29346680641174316,
    "sel_acc_99": 0.9982046484947205,
    "reliable_99": 1.0,
    "cov_99": 0.29346680641174316,
    "class_cov_99": 0.7425742574257426,
    "raw_cov_95": 0.46838778257369995,
    "sel_acc_95": 0.9763779640197754,
    "reliable_95": 1.0,
    "cov_95": 0.46838778257369995,
    "class_cov_95": 0.900990099009901,
    "raw_cov_90": 0.5489989519119263,
    "sel_acc_90": 0.9616122841835022,
    "reliable_90": 1.0,
    "cov_90": 0.5489989519119263,
    "class_cov_90": 0.9603960396039604,
    "raw_cov_85": 0.6027397513389587,
    "sel_acc_85": 0.9440559148788452,
    "reliable_85": 1.0,
    "cov_85": 0.6027397513389587,
    "class_cov_85": 0.9801980198019802,
    "raw_cov_80": 0.6454162001609802,
    "sel_acc_80": 0.9297959208488464,
    "reliable_80": 1.0,
    "cov_80": 0.6454162001609802,
    "class_cov_80": 1.0
  },
  "run_dir": "/root/autodl-tmp/BayesVLM/output/ablate_uatb_full/id/ucf101/UATB_MIN/BAYESADAPTER/logit_scale_frozen/sigpar_0.005/sigperp_0.02/lu0_0/shot_2/seed_3",
  "elapsed_seconds": 30.66,
  "artifacts": {
    "log_file": "train/train.log",
    "config_file": "config/config.json",
    "class_names_file": "config/class_names.json",
    "metrics_csv_file": "train/metrics_history.csv",
    "best_ckpt_file": "checkpoints/best_adapter.pt",
    "last_ckpt_file": "checkpoints/last_adapter.pt"
  }
}