{
  "family": "vlm_adapter",
  "variant": "BAYESADAPTER",
  "protocol": "id",
  "dataset": "ucf101",
  "seed": 2,
  "evaluation_tasks": [
    "classification"
  ],
  "model_selection": "last",
  "selected_checkpoint": "last",
  "selected_epoch": 300,
  "selected_val_metrics": {
    "loss": 0.8907236491415348,
    "acc": 0.767123281955719,
    "nlpd": 0.8891421556472778,
    "ece": 0.051436301320791245,
    "aece": 0.05139937211766259,
    "raw_cov_99": 0.28398314118385315,
    "sel_acc_99": 0.9888682961463928,
    "reliable_99": 0.0,
    "cov_99": 0.0,
    "class_cov_99": 0.0,
    "raw_cov_95": 0.47471022605895996,
    "sel_acc_95": 0.973362922668457,
    "reliable_95": 1.0,
    "cov_95": 0.47471022605895996,
    "class_cov_95": 0.9207920792079208,
    "raw_cov_90": 0.5484720468521118,
    "sel_acc_90": 0.9596541523933411,
    "reliable_90": 1.0,
    "cov_90": 0.5484720468521118,
    "class_cov_90": 0.9702970297029703,
    "raw_cov_85": 0.6048471927642822,
    "sel_acc_85": 0.9451219439506531,
    "reliable_85": 1.0,
    "cov_85": 0.6048471927642822,
    "class_cov_85": 0.9900990099009901,
    "raw_cov_80": 0.6601685881614685,
    "sel_acc_80": 0.9249800443649292,
    "reliable_80": 1.0,
    "cov_80": 0.6601685881614685,
    "class_cov_80": 1.0
  },
  "classification": {
    "train": {
      "split_name": "train",
      "metrics": {
        "loss": 0.015622555278241634,
        "acc": 1.0,
        "nlpd": 0.015421697869896889,
        "ece": 0.015199633315205574,
        "aece": 0.015199673057782769,
        "raw_cov_99": 0.39603960514068604,
        "sel_acc_99": 1.0,
        "reliable_99": 1.0,
        "cov_99": 0.39603960514068604,
        "class_cov_99": 0.5643564356435643,
        "raw_cov_95": 0.9702970385551453,
        "sel_acc_95": 1.0,
        "reliable_95": 1.0,
        "cov_95": 0.9702970385551453,
        "class_cov_95": 0.9900990099009901,
        "raw_cov_90": 0.9950494766235352,
        "sel_acc_90": 1.0,
        "reliable_90": 1.0,
        "cov_90": 0.9950494766235352,
        "class_cov_90": 1.0,
        "raw_cov_85": 1.0,
        "sel_acc_85": 1.0,
        "reliable_85": 1.0,
        "cov_85": 1.0,
        "class_cov_85": 1.0,
        "raw_cov_80": 1.0,
        "sel_acc_80": 1.0,
        "reliable_80": 1.0,
        "cov_80": 1.0,
        "class_cov_80": 1.0
      },
      "output_dir": "/root/autodl-tmp/BayesVLM/output/vlm_adapter/id/ucf101/BAYESADAPTER/BAYESADAPTER/logit_scale_frozen/prior_text_only__seed_2__last/shot_2/seed_2/eval/id/train",
      "metrics_path": "/root/autodl-tmp/BayesVLM/output/vlm_adapter/id/ucf101/BAYESADAPTER/BAYESADAPTER/logit_scale_frozen/prior_text_only__seed_2__last/shot_2/seed_2/eval/id/train/metrics.json",
      "predictions_pt": "/root/autodl-tmp/BayesVLM/output/vlm_adapter/id/ucf101/BAYESADAPTER/BAYESADAPTER/logit_scale_frozen/prior_text_only__seed_2__last/shot_2/seed_2/eval/id/train/predictions.pt",
      "predictions_jsonl": "/root/autodl-tmp/BayesVLM/output/vlm_adapter/id/ucf101/BAYESADAPTER/BAYESADAPTER/logit_scale_frozen/prior_text_only__seed_2__last/shot_2/seed_2/eval/id/train/predictions.jsonl",
      "bins_path": "/root/autodl-tmp/BayesVLM/output/vlm_adapter/id/ucf101/BAYESADAPTER/BAYESADAPTER/logit_scale_frozen/prior_text_only__seed_2__last/shot_2/seed_2/eval/id/train/calibration_bins.csv",
      "adaptive_bins_path": "/root/autodl-tmp/BayesVLM/output/vlm_adapter/id/ucf101/BAYESADAPTER/BAYESADAPTER/logit_scale_frozen/prior_text_only__seed_2__last/shot_2/seed_2/eval/id/train/adaptive_calibration_bins.csv",
      "selective_metrics_path": "/root/autodl-tmp/BayesVLM/output/vlm_adapter/id/ucf101/BAYESADAPTER/BAYESADAPTER/logit_scale_frozen/prior_text_only__seed_2__last/shot_2/seed_2/eval/id/train/selective_metrics.csv"
    },
    "val": {
      "split_name": "val",
      "metrics": {
        "loss": 0.8925344054641161,
        "acc": 0.7660695314407349,
        "nlpd": 0.8909008502960205,
        "ece": 0.052450992166996,
        "aece": 0.05240006413550221,
        "raw_cov_99": 0.28556373715400696,
        "sel_acc_99": 0.9889298677444458,
        "reliable_99": 0.0,
        "cov_99": 0.0,
        "class_cov_99": 0.0,
        "raw_cov_95": 0.47681769728660583,
        "sel_acc_95": 0.9723756909370422,
        "reliable_95": 1.0,
        "cov_95": 0.47681769728660583,
        "class_cov_95": 0.9207920792079208,
        "raw_cov_90": 0.549525797367096,
        "sel_acc_90": 0.9606903195381165,
        "reliable_90": 1.0,
        "cov_90": 0.549525797367096,
        "class_cov_90": 0.9702970297029703,
        "raw_cov_85": 0.6032665967941284,
        "sel_acc_85": 0.9449781775474548,
        "reliable_85": 1.0,
        "cov_85": 0.6032665967941284,
        "class_cov_85": 0.9900990099009901,
        "raw_cov_80": 0.6596417427062988,
        "sel_acc_80": 0.9233226776123047,
        "reliable_80": 1.0,
        "cov_80": 0.6596417427062988,
        "class_cov_80": 1.0
      },
      "output_dir": "/root/autodl-tmp/BayesVLM/output/vlm_adapter/id/ucf101/BAYESADAPTER/BAYESADAPTER/logit_scale_frozen/prior_text_only__seed_2__last/shot_2/seed_2/eval/id/val",
      "metrics_path": "/root/autodl-tmp/BayesVLM/output/vlm_adapter/id/ucf101/BAYESADAPTER/BAYESADAPTER/logit_scale_frozen/prior_text_only__seed_2__last/shot_2/seed_2/eval/id/val/metrics.json",
      "predictions_pt": "/root/autodl-tmp/BayesVLM/output/vlm_adapter/id/ucf101/BAYESADAPTER/BAYESADAPTER/logit_scale_frozen/prior_text_only__seed_2__last/shot_2/seed_2/eval/id/val/predictions.pt",
      "predictions_jsonl": "/root/autodl-tmp/BayesVLM/output/vlm_adapter/id/ucf101/BAYESADAPTER/BAYESADAPTER/logit_scale_frozen/prior_text_only__seed_2__last/shot_2/seed_2/eval/id/val/predictions.jsonl",
      "bins_path": "/root/autodl-tmp/BayesVLM/output/vlm_adapter/id/ucf101/BAYESADAPTER/BAYESADAPTER/logit_scale_frozen/prior_text_only__seed_2__last/shot_2/seed_2/eval/id/val/calibration_bins.csv",
      "adaptive_bins_path": "/root/autodl-tmp/BayesVLM/output/vlm_adapter/id/ucf101/BAYESADAPTER/BAYESADAPTER/logit_scale_frozen/prior_text_only__seed_2__last/shot_2/seed_2/eval/id/val/adaptive_calibration_bins.csv",
      "selective_metrics_path": "/root/autodl-tmp/BayesVLM/output/vlm_adapter/id/ucf101/BAYESADAPTER/BAYESADAPTER/logit_scale_frozen/prior_text_only__seed_2__last/shot_2/seed_2/eval/id/val/selective_metrics.csv"
    },
    "test": {
      "split_name": "test",
      "metrics": {
        "loss": 0.9329676412571809,
        "acc": 0.7425323724746704,
        "nlpd": 0.9312853813171387,
        "ece": 0.06152590364217758,
        "aece": 0.06160401326621175,
        "raw_cov_99": 0.29024583101272583,
        "sel_acc_99": 0.9845172762870789,
        "reliable_99": 0.0,
        "cov_99": 0.0,
        "class_cov_99": 0.0,
        "raw_cov_95": 0.44382765889167786,
        "sel_acc_95": 0.9624776840209961,
        "reliable_95": 1.0,
        "cov_95": 0.44382765889167786,
        "class_cov_95": 0.9603960396039604,
        "raw_cov_90": 0.5297383069992065,
        "sel_acc_90": 0.947604775428772,
        "reliable_90": 1.0,
        "cov_90": 0.5297383069992065,
        "class_cov_90": 0.9801980198019802,
        "raw_cov_85": 0.5852497816085815,
        "sel_acc_85": 0.9363143444061279,
        "reliable_85": 1.0,
        "cov_85": 0.5852497816085815,
        "class_cov_85": 1.0,
        "raw_cov_80": 0.6307163834571838,
        "sel_acc_80": 0.9262363910675049,
        "reliable_80": 1.0,
        "cov_80": 0.6307163834571838,
        "class_cov_80": 1.0
      },
      "output_dir": "/root/autodl-tmp/BayesVLM/output/vlm_adapter/id/ucf101/BAYESADAPTER/BAYESADAPTER/logit_scale_frozen/prior_text_only__seed_2__last/shot_2/seed_2/eval/id/test",
      "metrics_path": "/root/autodl-tmp/BayesVLM/output/vlm_adapter/id/ucf101/BAYESADAPTER/BAYESADAPTER/logit_scale_frozen/prior_text_only__seed_2__last/shot_2/seed_2/eval/id/test/metrics.json",