{
  "loss": 0.017929743219277646,
  "acc": 1.0,
  "nlpd": 0.01772189885377884,
  "ece": 0.017318347468972206,
  "aece": 0.01731830990255469,
  "raw_cov_99": 0.5241336822509766,
  "sel_acc_99": 1.0,
  "reliable_99": 1.0,
  "cov_99": 0.5241336822509766,
  "class_cov_99": 0.9801980198019802,
  "raw_cov_95": 0.9146039485931396,
  "sel_acc_95": 1.0,
  "reliable_95": 1.0,
  "cov_95": 0.9146039485931396,
  "class_cov_95": 1.0,
  "raw_cov_90": 0.9931930899620056,
  "sel_acc_90": 1.0,
  "reliable_90": 1.0,
  "cov_90": 0.9931930899620056,
  "class_cov_90": 1.0,
  "raw_cov_85": 0.9981435537338257,
  "sel_acc_85": 1.0,
  "reliable_85": 1.0,
  "cov_85": 0.9981435537338257,
  "class_cov_85": 1.0,
  "raw_cov_80": 1.0,
  "sel_acc_80": 1.0,
  "reliable_80": 1.0,
  "cov_80": 1.0,
  "class_cov_80": 1.0
}