{
  "loss": 0.018002775128893922,
  "acc": 1.0,
  "nlpd": 0.017795005813241005,
  "ece": 0.017405133694410324,
  "aece": 0.017405076634765853,
  "raw_cov_99": 0.5222772359848022,
  "sel_acc_99": 1.0,
  "reliable_99": 1.0,
  "cov_99": 0.5222772359848022,
  "class_cov_99": 0.9702970297029703,
  "raw_cov_95": 0.9090346693992615,
  "sel_acc_95": 1.0,
  "reliable_95": 1.0,
  "cov_95": 0.9090346693992615,
  "class_cov_95": 1.0,
  "raw_cov_90": 0.9956682920455933,
  "sel_acc_90": 1.0,
  "reliable_90": 1.0,
  "cov_90": 0.9956682920455933,
  "class_cov_90": 1.0,
  "raw_cov_85": 0.9993811845779419,
  "sel_acc_85": 1.0,
  "reliable_85": 1.0,
  "cov_85": 0.9993811845779419,
  "class_cov_85": 1.0,
  "raw_cov_80": 1.0,
  "sel_acc_80": 1.0,
  "reliable_80": 1.0,
  "cov_80": 1.0,
  "class_cov_80": 1.0
}