{
  "family": "vlm_adapter",
  "variant": "UATB_MIN",
  "protocol": "id",
  "dataset": "ucf101",
  "seed": 3,
  "evaluation_tasks": [
    "classification"
  ],
  "model_selection": "last",
  "selected_checkpoint": "last",
  "selected_epoch": 300,
  "selected_val_metrics": {
    "loss": 1.0149490771730783,
    "acc": 0.7276080250740051,
    "nlpd": 1.013243317604065,
    "ece": 0.060232747346162796,
    "aece": 0.06023273511040951,
    "raw_cov_99": 0.23076923191547394,
    "sel_acc_99": 0.9954338073730469,
    "reliable_99": 1.0,
    "cov_99": 0.23076923191547394,
    "class_cov_99": 0.7029702970297029,
    "raw_cov_95": 0.4193888306617737,
    "sel_acc_95": 0.9711055159568787,
    "reliable_95": 1.0,
    "cov_95": 0.4193888306617737,
    "class_cov_95": 0.8514851485148515,
    "raw_cov_90": 0.49947312474250793,
    "sel_acc_90": 0.952531635761261,
    "reliable_90": 1.0,
    "cov_90": 0.49947312474250793,
    "class_cov_90": 0.9405940594059405,
    "raw_cov_85": 0.5505795478820801,
    "sel_acc_85": 0.9358851909637451,
    "reliable_85": 1.0,
    "cov_85": 0.5505795478820801,
    "class_cov_85": 0.9801980198019802,
    "raw_cov_80": 0.5964173078536987,
    "sel_acc_80": 0.9143109321594238,
    "reliable_80": 1.0,
    "cov_80": 0.5964173078536987,
    "class_cov_80": 0.9801980198019802
  },
  "classification": {
    "train": {
      "split_name": "train",
      "metrics": {
        "loss": 0.006671147886663675,
        "acc": 1.0,
        "nlpd": 0.006594239268451929,
        "ece": 0.006561338901519775,
        "aece": 0.006561334180359794,
        "raw_cov_99": 0.8712871074676514,
        "sel_acc_99": 1.0,
        "reliable_99": 1.0,
        "cov_99": 0.8712871074676514,
        "class_cov_99": 0.8712871287128713,
        "raw_cov_95": 1.0,
        "sel_acc_95": 1.0,
        "reliable_95": 1.0,
        "cov_95": 1.0,
        "class_cov_95": 1.0,
        "raw_cov_90": 1.0,
        "sel_acc_90": 1.0,
        "reliable_90": 1.0,
        "cov_90": 1.0,
        "class_cov_90": 1.0,
        "raw_cov_85": 1.0,
        "sel_acc_85": 1.0,
        "reliable_85": 1.0,
        "cov_85": 1.0,
        "class_cov_85": 1.0,
        "raw_cov_80": 1.0,
        "sel_acc_80": 1.0,
        "reliable_80": 1.0,
        "cov_80": 1.0,
        "class_cov_80": 1.0
      },
      "output_dir": "/root/autodl-tmp/BayesVLM/output/ablate_uatb_unc_only/id/ucf101/UATB_MIN/BAYESADAPTER/logit_scale_frozen/sigpar_0.01/sigperp_0.01/lu0_0.01/shot_1/seed_3/eval/id/train",
      "metrics_path": "/root/autodl-tmp/BayesVLM/output/ablate_uatb_unc_only/id/ucf101/UATB_MIN/BAYESADAPTER/logit_scale_frozen/sigpar_0.01/sigperp_0.01/lu0_0.01/shot_1/seed_3/eval/id/train/metrics.json",
      "predictions_pt": "/root/autodl-tmp/BayesVLM/output/ablate_uatb_unc_only/id/ucf101/UATB_MIN/BAYESADAPTER/logit_scale_frozen/sigpar_0.01/sigperp_0.01/lu0_0.01/shot_1/seed_3/eval/id/train/predictions.pt",
      "predictions_jsonl": "/root/autodl-tmp/BayesVLM/output/ablate_uatb_unc_only/id/ucf101/UATB_MIN/BAYESADAPTER/logit_scale_frozen/sigpar_0.01/sigperp_0.01/lu0_0.01/shot_1/seed_3/eval/id/train/predictions.jsonl",
      "bins_path": "/root/autodl-tmp/BayesVLM/output/ablate_uatb_unc_only/id/ucf101/UATB_MIN/BAYESADAPTER/logit_scale_frozen/sigpar_0.01/sigperp_0.01/lu0_0.01/shot_1/seed_3/eval/id/train/calibration_bins.csv",
      "adaptive_bins_path": "/root/autodl-tmp/BayesVLM/output/ablate_uatb_unc_only/id/ucf101/UATB_MIN/BAYESADAPTER/logit_scale_frozen/sigpar_0.01/sigperp_0.01/lu0_0.01/shot_1/seed_3/eval/id/train/adaptive_calibration_bins.csv",
      "selective_metrics_path": "/root/autodl-tmp/BayesVLM/output/ablate_uatb_unc_only/id/ucf101/UATB_MIN/BAYESADAPTER/logit_scale_frozen/sigpar_0.01/sigperp_0.01/lu0_0.01/shot_1/seed_3/eval/id/train/selective_metrics.csv"
    },
    "val": {
      "split_name": "val",
      "metrics": {
        "loss": 1.0154989254361586,
        "acc": 0.7249736785888672,
        "nlpd": 1.0138275623321533,
        "ece": 0.06296522170305252,
        "aece": 0.06296526040053593,
        "raw_cov_99": 0.231296107172966,
        "sel_acc_99": 0.9954441785812378,
        "reliable_99": 1.0,
        "cov_99": 0.231296107172966,
        "class_cov_99": 0.7029702970297029,
        "raw_cov_95": 0.4204425811767578,
        "sel_acc_95": 0.9686716794967651,
        "reliable_95": 1.0,
        "cov_95": 0.4204425811767578,
        "class_cov_95": 0.8514851485148515,
        "raw_cov_90": 0.49947312474250793,
        "sel_acc_90": 0.952531635761261,
        "reliable_90": 1.0,
        "cov_90": 0.49947312474250793,
        "class_cov_90": 0.9405940594059405,
        "raw_cov_85": 0.5505795478820801,
        "sel_acc_85": 0.9349282383918762,
        "reliable_85": 1.0,
        "cov_85": 0.5505795478820801,
        "class_cov_85": 0.9801980198019802,
        "raw_cov_80": 0.5969441533088684,
        "sel_acc_80": 0.9170344471931458,
        "reliable_80": 1.0,
        "cov_80": 0.5969441533088684,
        "class_cov_80": 0.9801980198019802
      },
      "output_dir": "/root/autodl-tmp/BayesVLM/output/ablate_uatb_unc_only/id/ucf101/UATB_MIN/BAYESADAPTER/logit_scale_frozen/sigpar_0.01/sigperp_0.01/lu0_0.01/shot_1/seed_3/eval/id/val",
      "metrics_path": "/root/autodl-tmp/BayesVLM/output/ablate_uatb_unc_only/id/ucf101/UATB_MIN/BAYESADAPTER/logit_scale_frozen/sigpar_0.01/sigperp_0.01/lu0_0.01/shot_1/seed_3/eval/id/val/metrics.json",
      "predictions_pt": "/root/autodl-tmp/BayesVLM/output/ablate_uatb_unc_only/id/ucf101/UATB_MIN/BAYESADAPTER/logit_scale_frozen/sigpar_0.01/sigperp_0.01/lu0_0.01/shot_1/seed_3/eval/id/val/predictions.pt",
      "predictions_jsonl": "/root/autodl-tmp/BayesVLM/output/ablate_uatb_unc_only/id/ucf101/UATB_MIN/BAYESADAPTER/logit_scale_frozen/sigpar_0.01/sigperp_0.01/lu0_0.01/shot_1/seed_3/eval/id/val/predictions.jsonl",
      "bins_path": "/root/autodl-tmp/BayesVLM/output/ablate_uatb_unc_only/id/ucf101/UATB_MIN/BAYESADAPTER/logit_scale_frozen/sigpar_0.01/sigperp_0.01/lu0_0.01/shot_1/seed_3/eval/id/val/calibration_bins.csv",
      "adaptive_bins_path": "/root/autodl-tmp/BayesVLM/output/ablate_uatb_unc_only/id/ucf101/UATB_MIN/BAYESADAPTER/logit_scale_frozen/sigpar_0.01/sigperp_0.01/lu0_0.01/shot_1/seed_3/eval/id/val/adaptive_calibration_bins.csv",
      "selective_metrics_path": "/root/autodl-tmp/BayesVLM/output/ablate_uatb_unc_only/id/ucf101/UATB_MIN/BAYESADAPTER/logit_scale_frozen/sigpar_0.01/sigperp_0.01/lu0_0.01/shot_1/seed_3/eval/id/val/selective_metrics.csv"
    },
    "test": {
      "split_name": "test",
      "metrics": {
        "loss": 1.0844822477607414,
        "acc": 0.7086967825889587,
        "nlpd": 1.0827484130859375,
        "ece": 0.06958262622356415,
        "aece": 0.06973901409936462,
        "raw_cov_99": 0.22786147892475128,
        "sel_acc_99": 0.9907192587852478,
        "reliable_99": 1.0,
        "cov_99": 0.22786147892475128,
        "class_cov_99": 0.6732673267326733,
        "raw_cov_95": 0.39175257086753845,
        "sel_acc_95": 0.9642375111579895,
        "reliable_95": 1.0,
        "cov_95": 0.39175257086753845,
        "class_cov_95": 0.900990099009901,
        "raw_cov_90": 0.47554850578308105,
        "sel_acc_90": 0.9421901106834412,
        "reliable_90": 1.0,
        "cov_90": 0.47554850578308105,
        "class_cov_90": 0.9603960396039604,
        "raw_cov_85": 0.5339677333831787,
        "sel_acc_85": 0.9257425665855408,
        "reliable_85": 1.0,
        "cov_85": 0.5339677333831787,
        "class_cov_85": 0.9801980198019802,
        "raw_cov_80": 0.5849854350090027,
        "sel_acc_80": 0.9091730713844299,
        "reliable_80": 1.0,
        "cov_80": 0.5849854350090027,
        "class_cov_80": 1.0
      },
      "output_dir": "/root/autodl-tmp/BayesVLM/output/ablate_uatb_unc_only/id/ucf101/UATB_MIN/BAYESADAPTER/logit_scale_frozen/sigpar_0.01/sigperp_0.01/lu0_0.01/shot_1/seed_3/eval/id/test",