{
  "family": "vlm_adapter",
  "variant": "UATB_MIN",
  "protocol": "id",
  "dataset": "ucf101",
  "seed": 3,
  "model_selection": "last",
  "selection_metric": "acc",
  "selection_mode": "max",
  "best_epoch": 235,
  "best_val_metrics_saved": {
    "loss": 1.0409237263200155,
    "acc": 0.7286617755889893,
    "nlpd": 1.0391262769699097,
    "ece": 0.06674845516681671,
    "aece": 0.06674845791465993,
    "raw_cov_99": 0.24710221588611603,
    "sel_acc_99": 0.9893389940261841,
    "reliable_99": 0.0,
    "cov_99": 0.0,
    "class_cov_99": 0.0,
    "raw_cov_95": 0.4336143434047699,
    "sel_acc_95": 0.9611178636550903,
    "reliable_95": 1.0,
    "cov_95": 0.4336143434047699,
    "class_cov_95": 0.8811881188118812,
    "raw_cov_90": 0.5094836950302124,
    "sel_acc_90": 0.9472595453262329,
    "reliable_90": 1.0,
    "cov_90": 0.5094836950302124,
    "class_cov_90": 0.9603960396039604,
    "raw_cov_85": 0.5626975893974304,
    "sel_acc_85": 0.9279026389122009,
    "reliable_85": 1.0,
    "cov_85": 0.5626975893974304,
    "class_cov_85": 0.9801980198019802,
    "raw_cov_80": 0.6085352897644043,
    "sel_acc_80": 0.9090909361839294,
    "reliable_80": 1.0,
    "cov_80": 0.6085352897644043,
    "class_cov_80": 0.9900990099009901
  },
  "last_epoch": 300,
  "last_val_metrics_saved": {
    "loss": 1.043015184844633,
    "acc": 0.7276080250740051,
    "nlpd": 1.0411810874938965,
    "ece": 0.06794531643390656,
    "aece": 0.06794530674579649,
    "raw_cov_99": 0.2460484653711319,
    "sel_acc_99": 0.9892933368682861,
    "reliable_99": 0.0,
    "cov_99": 0.0,
    "class_cov_99": 0.0,
    "raw_cov_95": 0.4367755651473999,
    "sel_acc_95": 0.9626055359840393,
    "reliable_95": 1.0,
    "cov_95": 0.4367755651473999,
    "class_cov_95": 0.8712871287128713,
    "raw_cov_90": 0.5115911364555359,
    "sel_acc_90": 0.9454171061515808,
    "reliable_90": 1.0,
    "cov_90": 0.5115911364555359,
    "class_cov_90": 0.9603960396039604,
    "raw_cov_85": 0.5648050308227539,
    "sel_acc_85": 0.9272388219833374,
    "reliable_85": 1.0,
    "cov_85": 0.5648050308227539,
    "class_cov_85": 0.9801980198019802,
    "raw_cov_80": 0.6106427907943726,
    "sel_acc_80": 0.90767902135849,
    "reliable_80": 1.0,
    "cov_80": 0.6106427907943726,
    "class_cov_80": 0.9801980198019802
  },
  "run_dir": "/root/autodl-tmp/BayesVLM/output/ablate_uatb_full/id/ucf101/UATB_MIN/BAYESADAPTER/logit_scale_frozen/sigpar_0.005/sigperp_0.02/lu0_0/shot_1/seed_3",
  "elapsed_seconds": 27.76,
  "artifacts": {
    "log_file": "train/train.log",
    "config_file": "config/config.json",
    "class_names_file": "config/class_names.json",
    "metrics_csv_file": "train/metrics_history.csv",
    "best_ckpt_file": "checkpoints/best_adapter.pt",
    "last_ckpt_file": "checkpoints/last_adapter.pt"
  }
}