{
  "family": "vlm_adapter",
  "variant": "UATB_MIN",
  "protocol": "id",
  "dataset": "ucf101",
  "seed": 2,
  "evaluation_tasks": [
    "classification"
  ],
  "model_selection": "last",
  "selected_checkpoint": "last",
  "selected_epoch": 300,
  "selected_val_metrics": {
    "loss": 0.4355271460510029,
    "acc": 0.8798735737800598,
    "nlpd": 0.43458452820777893,
    "ece": 0.01583900861442089,
    "aece": 0.011926191278956083,
    "raw_cov_99": 0.46364593505859375,
    "sel_acc_99": 0.9931818246841431,
    "reliable_99": 1.0,
    "cov_99": 0.46364593505859375,
    "class_cov_99": 0.9405940594059405,
    "raw_cov_95": 0.6427818536758423,
    "sel_acc_95": 0.9868852496147156,
    "reliable_95": 1.0,
    "cov_95": 0.6427818536758423,
    "class_cov_95": 0.9900990099009901,
    "raw_cov_90": 0.711275041103363,
    "sel_acc_90": 0.9777777791023254,
    "reliable_90": 1.0,
    "cov_90": 0.711275041103363,
    "class_cov_90": 1.0,
    "raw_cov_85": 0.7586933374404907,
    "sel_acc_85": 0.9736111164093018,
    "reliable_85": 1.0,
    "cov_85": 0.7586933374404907,
    "class_cov_85": 1.0,
    "raw_cov_80": 0.7913593053817749,
    "sel_acc_80": 0.9647136926651001,
    "reliable_80": 1.0,
    "cov_80": 0.7913593053817749,
    "class_cov_80": 1.0
  },
  "classification": {
    "train": {
      "split_name": "train",
      "metrics": {
        "loss": 0.018052644437492483,
        "acc": 1.0,
        "nlpd": 0.017845945432782173,
        "ece": 0.01743127964437008,
        "aece": 0.01743132185817945,
        "raw_cov_99": 0.5266088843345642,
        "sel_acc_99": 1.0,
        "reliable_99": 1.0,
        "cov_99": 0.5266088843345642,
        "class_cov_99": 0.9900990099009901,
        "raw_cov_95": 0.9121286869049072,
        "sel_acc_95": 1.0,
        "reliable_95": 1.0,
        "cov_95": 0.9121286869049072,
        "class_cov_95": 1.0,
        "raw_cov_90": 0.9931930899620056,
        "sel_acc_90": 1.0,
        "reliable_90": 1.0,
        "cov_90": 0.9931930899620056,
        "class_cov_90": 1.0,
        "raw_cov_85": 0.9981435537338257,
        "sel_acc_85": 1.0,
        "reliable_85": 1.0,
        "cov_85": 0.9981435537338257,
        "class_cov_85": 1.0,
        "raw_cov_80": 1.0,
        "sel_acc_80": 1.0,
        "reliable_80": 1.0,
        "cov_80": 1.0,
        "class_cov_80": 1.0
      },
      "output_dir": "/root/autodl-tmp/BayesVLM/output/ablate_uatb_full/id/ucf101/UATB_MIN/BAYESADAPTER/logit_scale_frozen/sigpar_0.005/sigperp_0.02/lu0_0.01/shot_16/seed_2/eval/id/train",
      "metrics_path": "/root/autodl-tmp/BayesVLM/output/ablate_uatb_full/id/ucf101/UATB_MIN/BAYESADAPTER/logit_scale_frozen/sigpar_0.005/sigperp_0.02/lu0_0.01/shot_16/seed_2/eval/id/train/metrics.json",
      "predictions_pt": "/root/autodl-tmp/BayesVLM/output/ablate_uatb_full/id/ucf101/UATB_MIN/BAYESADAPTER/logit_scale_frozen/sigpar_0.005/sigperp_0.02/lu0_0.01/shot_16/seed_2/eval/id/train/predictions.pt",
      "predictions_jsonl": "/root/autodl-tmp/BayesVLM/output/ablate_uatb_full/id/ucf101/UATB_MIN/BAYESADAPTER/logit_scale_frozen/sigpar_0.005/sigperp_0.02/lu0_0.01/shot_16/seed_2/eval/id/train/predictions.jsonl",
      "bins_path": "/root/autodl-tmp/BayesVLM/output/ablate_uatb_full/id/ucf101/UATB_MIN/BAYESADAPTER/logit_scale_frozen/sigpar_0.005/sigperp_0.02/lu0_0.01/shot_16/seed_2/eval/id/train/calibration_bins.csv",
      "adaptive_bins_path": "/root/autodl-tmp/BayesVLM/output/ablate_uatb_full/id/ucf101/UATB_MIN/BAYESADAPTER/logit_scale_frozen/sigpar_0.005/sigperp_0.02/lu0_0.01/shot_16/seed_2/eval/id/train/adaptive_calibration_bins.csv",
      "selective_metrics_path": "/root/autodl-tmp/BayesVLM/output/ablate_uatb_full/id/ucf101/UATB_MIN/BAYESADAPTER/logit_scale_frozen/sigpar_0.005/sigperp_0.02/lu0_0.01/shot_16/seed_2/eval/id/train/selective_metrics.csv"
    },
    "val": {
      "split_name": "val",
      "metrics": {
        "loss": 0.43640036979892355,
        "acc": 0.8804004192352295,
        "nlpd": 0.4354480803012848,
        "ece": 0.012557810172438622,
        "aece": 0.011550875590648992,
        "raw_cov_99": 0.46522656083106995,
        "sel_acc_99": 0.9932050108909607,
        "reliable_99": 1.0,
        "cov_99": 0.46522656083106995,
        "class_cov_99": 0.9405940594059405,
        "raw_cov_95": 0.6464699506759644,
        "sel_acc_95": 0.9877750873565674,
        "reliable_95": 1.0,
        "cov_95": 0.6464699506759644,
        "class_cov_95": 0.9900990099009901,
        "raw_cov_90": 0.7118018865585327,
        "sel_acc_90": 0.9777942299842834,
        "reliable_90": 1.0,
        "cov_90": 0.7118018865585327,
        "class_cov_90": 1.0,
        "raw_cov_85": 0.7618545889854431,
        "sel_acc_85": 0.9723374843597412,
        "reliable_85": 1.0,
        "cov_85": 0.7618545889854431,
        "class_cov_85": 1.0,
        "raw_cov_80": 0.7913593053817749,
        "sel_acc_80": 0.9647136926651001,
        "reliable_80": 1.0,
        "cov_80": 0.7913593053817749,
        "class_cov_80": 1.0
      },
      "output_dir": "/root/autodl-tmp/BayesVLM/output/ablate_uatb_full/id/ucf101/UATB_MIN/BAYESADAPTER/logit_scale_frozen/sigpar_0.005/sigperp_0.02/lu0_0.01/shot_16/seed_2/eval/id/val",
      "metrics_path": "/root/autodl-tmp/BayesVLM/output/ablate_uatb_full/id/ucf101/UATB_MIN/BAYESADAPTER/logit_scale_frozen/sigpar_0.005/sigperp_0.02/lu0_0.01/shot_16/seed_2/eval/id/val/metrics.json",
      "predictions_pt": "/root/autodl-tmp/BayesVLM/output/ablate_uatb_full/id/ucf101/UATB_MIN/BAYESADAPTER/logit_scale_frozen/sigpar_0.005/sigperp_0.02/lu0_0.01/shot_16/seed_2/eval/id/val/predictions.pt",
      "predictions_jsonl": "/root/autodl-tmp/BayesVLM/output/ablate_uatb_full/id/ucf101/UATB_MIN/BAYESADAPTER/logit_scale_frozen/sigpar_0.005/sigperp_0.02/lu0_0.01/shot_16/seed_2/eval/id/val/predictions.jsonl",
      "bins_path": "/root/autodl-tmp/BayesVLM/output/ablate_uatb_full/id/ucf101/UATB_MIN/BAYESADAPTER/logit_scale_frozen/sigpar_0.005/sigperp_0.02/lu0_0.01/shot_16/seed_2/eval/id/val/calibration_bins.csv",
      "adaptive_bins_path": "/root/autodl-tmp/BayesVLM/output/ablate_uatb_full/id/ucf101/UATB_MIN/BAYESADAPTER/logit_scale_frozen/sigpar_0.005/sigperp_0.02/lu0_0.01/shot_16/seed_2/eval/id/val/adaptive_calibration_bins.csv",
      "selective_metrics_path": "/root/autodl-tmp/BayesVLM/output/ablate_uatb_full/id/ucf101/UATB_MIN/BAYESADAPTER/logit_scale_frozen/sigpar_0.005/sigperp_0.02/lu0_0.01/shot_16/seed_2/eval/id/val/selective_metrics.csv"
    },
    "test": {
      "split_name": "test",
      "metrics": {
        "loss": 0.6652066871787768,
        "acc": 0.8139042854309082,
        "nlpd": 0.6639850735664368,
        "ece": 0.04449303820729256,
        "aece": 0.044633919257447106,
        "raw_cov_99": 0.40708431601524353,
        "sel_acc_99": 0.9948052167892456,
        "reliable_99": 1.0,
        "cov_99": 0.40708431601524353,
        "class_cov_99": 0.9405940594059405,
        "raw_cov_95": 0.5717684626579285,
        "sel_acc_95": 0.9768839478492737,
        "reliable_95": 1.0,
        "cov_95": 0.5717684626579285,
        "class_cov_95": 1.0,
        "raw_cov_90": 0.6423473358154297,
        "sel_acc_90": 0.960493803024292,
        "reliable_90": 1.0,
        "cov_90": 0.6423473358154297,
        "class_cov_90": 1.0,
        "raw_cov_85": 0.6915146708488464,
        "sel_acc_85": 0.9430428147315979,
        "reliable_85": 1.0,
        "cov_85": 0.6915146708488464,
        "class_cov_85": 1.0,
        "raw_cov_80": 0.7316944003105164,
        "sel_acc_80": 0.9353323578834534,
        "reliable_80": 1.0,
        "cov_80": 0.7316944003105164,
        "class_cov_80": 1.0
      },
      "output_dir": "/root/autodl-tmp/BayesVLM/output/ablate_uatb_full/id/ucf101/UATB_MIN/BAYESADAPTER/logit_scale_frozen/sigpar_0.005/sigperp_0.02/lu0_0.01/shot_16/seed_2/eval/id/test",
      "metrics_path": "/root/autodl-tmp/BayesVLM/output/ablate_uatb_full/id/ucf101/UATB_MIN/BAYESADAPTER/logit_scale_frozen/sigpar_0.005/sigperp_0.02/lu0_0.01/shot_16/seed_2/eval/id/test/metrics.json",