{
  "family": "vlm_adapter",
  "variant": "UATB_MIN",
  "protocol": "id",
  "dataset": "ucf101",
  "seed": 3,
  "model_selection": "last",
  "selection_metric": "acc",
  "selection_mode": "max",
  "best_epoch": 159,
  "best_val_metrics_saved": {
    "loss": 1.015732166010914,
    "acc": 0.7286617755889893,
    "nlpd": 1.0140931606292725,
    "ece": 0.05772608891129494,
    "aece": 0.057726058900921556,
    "raw_cov_99": 0.22760801017284393,
    "sel_acc_99": 0.9953703880310059,
    "reliable_99": 1.0,
    "cov_99": 0.22760801017284393,
    "class_cov_99": 0.7029702970297029,
    "raw_cov_95": 0.41306638717651367,
    "sel_acc_95": 0.9706632494926453,
    "reliable_95": 1.0,
    "cov_95": 0.41306638717651367,
    "class_cov_95": 0.8514851485148515,
    "raw_cov_90": 0.4978925287723541,
    "sel_acc_90": 0.9523809552192688,
    "reliable_90": 1.0,
    "cov_90": 0.4978925287723541,
    "class_cov_90": 0.9405940594059405,
    "raw_cov_85": 0.5516332983970642,
    "sel_acc_85": 0.9331423044204712,
    "reliable_85": 1.0,
    "cov_85": 0.5516332983970642,
    "class_cov_85": 0.9801980198019802,
    "raw_cov_80": 0.593782901763916,
    "sel_acc_80": 0.9148181080818176,
    "reliable_80": 1.0,
    "cov_80": 0.593782901763916,
    "class_cov_80": 0.9801980198019802
  },
  "last_epoch": 300,
  "last_val_metrics_saved": {
    "loss": 1.0156279552347165,
    "acc": 0.7281348705291748,
    "nlpd": 1.0139236450195312,
    "ece": 0.06002352759242058,
    "aece": 0.060023495752768725,
    "raw_cov_99": 0.23076923191547394,
    "sel_acc_99": 0.9954338073730469,
    "reliable_99": 1.0,
    "cov_99": 0.23076923191547394,
    "class_cov_99": 0.7029702970297029,
    "raw_cov_95": 0.41991570591926575,
    "sel_acc_95": 0.9711417555809021,
    "reliable_95": 1.0,
    "cov_95": 0.41991570591926575,
    "class_cov_95": 0.8514851485148515,
    "raw_cov_90": 0.5,
    "sel_acc_90": 0.9525816440582275,
    "reliable_90": 1.0,
    "cov_90": 0.5,
    "class_cov_90": 0.9405940594059405,
    "raw_cov_85": 0.5516332983970642,
    "sel_acc_85": 0.934097409248352,
    "reliable_85": 1.0,
    "cov_85": 0.5516332983970642,
    "class_cov_85": 0.9801980198019802,
    "raw_cov_80": 0.5995784997940063,
    "sel_acc_80": 0.9121265411376953,
    "reliable_80": 1.0,
    "cov_80": 0.5995784997940063,
    "class_cov_80": 0.9801980198019802
  },
  "run_dir": "/root/autodl-tmp/BayesVLM/output/ablate_uatb_full/id/ucf101/UATB_MIN/BAYESADAPTER/logit_scale_frozen/sigpar_0.005/sigperp_0.02/lu0_0.01/shot_1/seed_3",
  "elapsed_seconds": 29.36,
  "artifacts": {
    "log_file": "train/train.log",
    "config_file": "config/config.json",
    "class_names_file": "config/class_names.json",
    "metrics_csv_file": "train/metrics_history.csv",
    "best_ckpt_file": "checkpoints/best_adapter.pt",
    "last_ckpt_file": "checkpoints/last_adapter.pt"
  }
}