{
  "loss": 0.01640403535364583,
  "acc": 1.0,
  "nlpd": 0.016222111880779266,
  "ece": 0.015946004539728165,
  "aece": 0.01594595522573679,
  "raw_cov_99": 0.47896039485931396,
  "sel_acc_99": 1.0,
  "reliable_99": 1.0,
  "cov_99": 0.47896039485931396,
  "class_cov_99": 0.9207920792079208,
  "raw_cov_95": 0.9529703259468079,
  "sel_acc_95": 1.0,
  "reliable_95": 1.0,
  "cov_95": 0.9529703259468079,
  "class_cov_95": 1.0,
  "raw_cov_90": 0.9975247383117676,
  "sel_acc_90": 1.0,
  "reliable_90": 1.0,
  "cov_90": 0.9975247383117676,
  "class_cov_90": 1.0,
  "raw_cov_85": 1.0,
  "sel_acc_85": 1.0,
  "reliable_85": 1.0,
  "cov_85": 1.0,
  "class_cov_85": 1.0,
  "raw_cov_80": 1.0,
  "sel_acc_80": 1.0,
  "reliable_80": 1.0,
  "cov_80": 1.0,
  "class_cov_80": 1.0
}