{
  "family": "vlm_adapter",
  "variant": "UATB_MIN",
  "protocol": "id",
  "dataset": "ucf101",
  "seed": 3,
  "model_selection": "last",
  "selection_metric": "acc",
  "selection_mode": "max",
  "best_epoch": 161,
  "best_val_metrics_saved": {
    "loss": 0.576222957185498,
    "acc": 0.8335089683532715,
    "nlpd": 0.5749901533126831,
    "ece": 0.029999438673257828,
    "aece": 0.029922530950057872,
    "raw_cov_99": 0.3946259319782257,
    "sel_acc_99": 1.0,
    "reliable_99": 1.0,
    "cov_99": 0.3946259319782257,
    "class_cov_99": 0.9108910891089109,
    "raw_cov_95": 0.5716543793678284,
    "sel_acc_95": 0.983410120010376,
    "reliable_95": 1.0,
    "cov_95": 0.5716543793678284,
    "class_cov_95": 0.9801980198019802,
    "raw_cov_90": 0.6496312022209167,
    "sel_acc_90": 0.974047064781189,
    "reliable_90": 1.0,
    "cov_90": 0.6496312022209167,
    "class_cov_90": 0.9900990099009901,
    "raw_cov_85": 0.7038988471031189,
    "sel_acc_85": 0.96257483959198,
    "reliable_85": 1.0,
    "cov_85": 0.7038988471031189,
    "class_cov_85": 1.0,
    "raw_cov_80": 0.7428872585296631,
    "sel_acc_80": 0.9510638117790222,
    "reliable_80": 1.0,
    "cov_80": 0.7428872585296631,
    "class_cov_80": 1.0
  },
  "last_epoch": 300,
  "last_val_metrics_saved": {
    "loss": 0.577006478706577,
    "acc": 0.8314014673233032,
    "nlpd": 0.5758633613586426,
    "ece": 0.03211323916912079,
    "aece": 0.034286965277473845,
    "raw_cov_99": 0.4014752507209778,
    "sel_acc_99": 1.0,
    "reliable_99": 1.0,
    "cov_99": 0.4014752507209778,
    "class_cov_99": 0.9108910891089109,
    "raw_cov_95": 0.5779768228530884,
    "sel_acc_95": 0.9826800227165222,
    "reliable_95": 1.0,
    "cov_95": 0.5779768228530884,
    "class_cov_95": 0.9801980198019802,
    "raw_cov_90": 0.6538461446762085,
    "sel_acc_90": 0.9717969298362732,
    "reliable_90": 1.0,
    "cov_90": 0.6538461446762085,
    "class_cov_90": 0.9900990099009901,
    "raw_cov_85": 0.7096943855285645,
    "sel_acc_85": 0.9613956809043884,
    "reliable_85": 1.0,
    "cov_85": 0.7096943855285645,
    "class_cov_85": 1.0,
    "raw_cov_80": 0.7460484504699707,
    "sel_acc_80": 0.9519773721694946,
    "reliable_80": 1.0,
    "cov_80": 0.7460484504699707,
    "class_cov_80": 1.0
  },
  "run_dir": "/root/autodl-tmp/BayesVLM/output/ablate_uatb_aniso_only/id/ucf101/UATB_MIN/BAYESADAPTER/logit_scale_frozen/sigpar_0.005/sigperp_0.02/lu0_0/shot_8/seed_3",
  "elapsed_seconds": 35.98,
  "artifacts": {
    "log_file": "train/train.log",
    "config_file": "config/config.json",
    "class_names_file": "config/class_names.json",
    "metrics_csv_file": "train/metrics_history.csv",
    "best_ckpt_file": "checkpoints/best_adapter.pt",
    "last_ckpt_file": "checkpoints/last_adapter.pt"
  }
}