{
  "loss": 0.016999783556871484,
  "acc": 1.0,
  "nlpd": 0.016787923872470856,
  "ece": 0.01649041287600994
}