{
  "loss": 0.017024359758021218,
  "acc": 1.0,
  "nlpd": 0.016820969060063362,
  "ece": 0.016522513702511787,
  "aece": 0.01652253728986967,
  "raw_cov_99": 0.48514851927757263,
  "sel_acc_99": 1.0,
  "reliable_99": 1.0,
  "cov_99": 0.48514851927757263,
  "class_cov_99": 0.8910891089108911,
  "raw_cov_95": 0.9356435537338257,
  "sel_acc_95": 1.0,
  "reliable_95": 1.0,
  "cov_95": 0.9356435537338257,
  "class_cov_95": 1.0,
  "raw_cov_90": 0.9987623691558838,
  "sel_acc_90": 1.0,
  "reliable_90": 1.0,
  "cov_90": 0.9987623691558838,
  "class_cov_90": 1.0,
  "raw_cov_85": 1.0,
  "sel_acc_85": 1.0,
  "reliable_85": 1.0,
  "cov_85": 1.0,
  "class_cov_85": 1.0,
  "raw_cov_80": 1.0,
  "sel_acc_80": 1.0,
  "reliable_80": 1.0,
  "cov_80": 1.0,
  "class_cov_80": 1.0
}