threshold,selected_count,raw_coverage,selected_accuracy,reliable,coverage,covered_classes,classwise_coverage
0.99,389,0.4814356565475464,1.0,True,0.4814356565475464,89,0.8811881188118812
0.95,755,0.9344059228897095,1.0,True,0.9344059228897095,101,1.0
0.9,807,0.9987623691558838,1.0,True,0.9987623691558838,101,1.0
0.85,808,1.0,1.0,True,1.0,101,1.0
0.8,808,1.0,1.0,True,1.0,101,1.0
