threshold,selected_count,raw_coverage,selected_accuracy,reliable,coverage,covered_classes,classwise_coverage
0.99,382,0.4727722704410553,1.0,True,0.4727722704410553,86,0.8514851485148515
0.95,753,0.9319307208061218,1.0,True,0.9319307208061218,101,1.0
0.9,804,0.9950494766235352,1.0,True,0.9950494766235352,101,1.0
0.85,807,0.9987623691558838,1.0,True,0.9987623691558838,101,1.0
0.8,808,1.0,1.0,True,1.0,101,1.0
