{
  "family": "vlm_adapter",
  "variant": "UATB_MIN",
  "protocol": "id",
  "dataset": "ucf101",
  "seed": 1,
  "evaluation_tasks": [
    "classification"
  ],
  "model_selection": "last",
  "selected_checkpoint": "last",
  "selected_epoch": 300,
  "selected_val_metrics": {
    "loss": 0.39187217022520976,
    "acc": 0.8883034586906433,
    "nlpd": 0.3908810317516327,
    "ece": 0.017588939517736435,
    "aece": 0.0248039606624961,
    "raw_cov_99": 0.4430980086326599,
    "sel_acc_99": 0.9976218938827515,
    "reliable_99": 1.0,
    "cov_99": 0.4430980086326599,
    "class_cov_99": 0.9207920792079208,
    "raw_cov_95": 0.6195995807647705,
    "sel_acc_95": 0.988095223903656,
    "reliable_95": 1.0,
    "cov_95": 0.6195995807647705,
    "class_cov_95": 0.9801980198019802,
    "raw_cov_90": 0.7038988471031189,
    "sel_acc_90": 0.985029935836792,
    "reliable_90": 1.0,
    "cov_90": 0.7038988471031189,
    "class_cov_90": 1.0,
    "raw_cov_85": 0.7550052404403687,
    "sel_acc_85": 0.9790648818016052,
    "reliable_85": 1.0,
    "cov_85": 0.7550052404403687,
    "class_cov_85": 1.0,
    "raw_cov_80": 0.7897787094116211,
    "sel_acc_80": 0.9766510725021362,
    "reliable_80": 1.0,
    "cov_80": 0.7897787094116211,
    "class_cov_80": 1.0
  },
  "classification": {
    "train": {
      "split_name": "train",
      "metrics": {
        "loss": 0.021456364210289302,
        "acc": 1.0,
        "nlpd": 0.02121097221970558,
        "ece": 0.020650599151849747,
        "aece": 0.020650594947066638,
        "raw_cov_99": 0.49443069100379944,
        "sel_acc_99": 1.0,
        "reliable_99": 1.0,
        "cov_99": 0.49443069100379944,
        "class_cov_99": 0.9603960396039604,
        "raw_cov_95": 0.8719059228897095,
        "sel_acc_95": 1.0,
        "reliable_95": 1.0,
        "cov_95": 0.8719059228897095,
        "class_cov_95": 1.0,
        "raw_cov_90": 0.9870049357414246,
        "sel_acc_90": 1.0,
        "reliable_90": 1.0,
        "cov_90": 0.9870049357414246,
        "class_cov_90": 1.0,
        "raw_cov_85": 0.9993811845779419,
        "sel_acc_85": 1.0,
        "reliable_85": 1.0,
        "cov_85": 0.9993811845779419,
        "class_cov_85": 1.0,
        "raw_cov_80": 1.0,
        "sel_acc_80": 1.0,
        "reliable_80": 1.0,
        "cov_80": 1.0,
        "class_cov_80": 1.0
      },
      "output_dir": "/root/autodl-tmp/BayesVLM/output/ablate_uatb_unc_only/id/ucf101/UATB_MIN/BAYESADAPTER/logit_scale_frozen/sigpar_0.01/sigperp_0.01/lu0_0.01/shot_16/seed_1/eval/id/train",
      "metrics_path": "/root/autodl-tmp/BayesVLM/output/ablate_uatb_unc_only/id/ucf101/UATB_MIN/BAYESADAPTER/logit_scale_frozen/sigpar_0.01/sigperp_0.01/lu0_0.01/shot_16/seed_1/eval/id/train/metrics.json",
      "predictions_pt": "/root/autodl-tmp/BayesVLM/output/ablate_uatb_unc_only/id/ucf101/UATB_MIN/BAYESADAPTER/logit_scale_frozen/sigpar_0.01/sigperp_0.01/lu0_0.01/shot_16/seed_1/eval/id/train/predictions.pt",
      "predictions_jsonl": "/root/autodl-tmp/BayesVLM/output/ablate_uatb_unc_only/id/ucf101/UATB_MIN/BAYESADAPTER/logit_scale_frozen/sigpar_0.01/sigperp_0.01/lu0_0.01/shot_16/seed_1/eval/id/train/predictions.jsonl",
      "bins_path": "/root/autodl-tmp/BayesVLM/output/ablate_uatb_unc_only/id/ucf101/UATB_MIN/BAYESADAPTER/logit_scale_frozen/sigpar_0.01/sigperp_0.01/lu0_0.01/shot_16/seed_1/eval/id/train/calibration_bins.csv",
      "adaptive_bins_path": "/root/autodl-tmp/BayesVLM/output/ablate_uatb_unc_only/id/ucf101/UATB_MIN/BAYESADAPTER/logit_scale_frozen/sigpar_0.01/sigperp_0.01/lu0_0.01/shot_16/seed_1/eval/id/train/adaptive_calibration_bins.csv",
      "selective_metrics_path": "/root/autodl-tmp/BayesVLM/output/ablate_uatb_unc_only/id/ucf101/UATB_MIN/BAYESADAPTER/logit_scale_frozen/sigpar_0.01/sigperp_0.01/lu0_0.01/shot_16/seed_1/eval/id/train/selective_metrics.csv"
    },
    "val": {
      "split_name": "val",
      "metrics": {
        "loss": 0.39150964642224245,
        "acc": 0.8883034586906433,
        "nlpd": 0.3905206620693207,
        "ece": 0.016601840034127235,
        "aece": 0.021770483952553436,
        "raw_cov_99": 0.4415173828601837,
        "sel_acc_99": 0.9976133704185486,
        "reliable_99": 1.0,
        "cov_99": 0.4415173828601837,
        "class_cov_99": 0.9207920792079208,
        "raw_cov_95": 0.6159114837646484,
        "sel_acc_95": 0.9880239367485046,
        "reliable_95": 1.0,
        "cov_95": 0.6159114837646484,
        "class_cov_95": 0.9801980198019802,
        "raw_cov_90": 0.7017913460731506,
        "sel_acc_90": 0.9857357144355774,
        "reliable_90": 1.0,
        "cov_90": 0.7017913460731506,
        "class_cov_90": 1.0,
        "raw_cov_85": 0.754478394985199,
        "sel_acc_85": 0.9797486066818237,
        "reliable_85": 1.0,
        "cov_85": 0.754478394985199,
        "class_cov_85": 1.0,
        "raw_cov_80": 0.7876712083816528,
        "sel_acc_80": 0.9772575497627258,
        "reliable_80": 1.0,
        "cov_80": 0.7876712083816528,
        "class_cov_80": 1.0
      },
      "output_dir": "/root/autodl-tmp/BayesVLM/output/ablate_uatb_unc_only/id/ucf101/UATB_MIN/BAYESADAPTER/logit_scale_frozen/sigpar_0.01/sigperp_0.01/lu0_0.01/shot_16/seed_1/eval/id/val",
      "metrics_path": "/root/autodl-tmp/BayesVLM/output/ablate_uatb_unc_only/id/ucf101/UATB_MIN/BAYESADAPTER/logit_scale_frozen/sigpar_0.01/sigperp_0.01/lu0_0.01/shot_16/seed_1/eval/id/val/metrics.json",
      "predictions_pt": "/root/autodl-tmp/BayesVLM/output/ablate_uatb_unc_only/id/ucf101/UATB_MIN/BAYESADAPTER/logit_scale_frozen/sigpar_0.01/sigperp_0.01/lu0_0.01/shot_16/seed_1/eval/id/val/predictions.pt",
      "predictions_jsonl": "/root/autodl-tmp/BayesVLM/output/ablate_uatb_unc_only/id/ucf101/UATB_MIN/BAYESADAPTER/logit_scale_frozen/sigpar_0.01/sigperp_0.01/lu0_0.01/shot_16/seed_1/eval/id/val/predictions.jsonl",
      "bins_path": "/root/autodl-tmp/BayesVLM/output/ablate_uatb_unc_only/id/ucf101/UATB_MIN/BAYESADAPTER/logit_scale_frozen/sigpar_0.01/sigperp_0.01/lu0_0.01/shot_16/seed_1/eval/id/val/calibration_bins.csv",
      "adaptive_bins_path": "/root/autodl-tmp/BayesVLM/output/ablate_uatb_unc_only/id/ucf101/UATB_MIN/BAYESADAPTER/logit_scale_frozen/sigpar_0.01/sigperp_0.01/lu0_0.01/shot_16/seed_1/eval/id/val/adaptive_calibration_bins.csv",
      "selective_metrics_path": "/root/autodl-tmp/BayesVLM/output/ablate_uatb_unc_only/id/ucf101/UATB_MIN/BAYESADAPTER/logit_scale_frozen/sigpar_0.01/sigperp_0.01/lu0_0.01/shot_16/seed_1/eval/id/val/selective_metrics.csv"
    },
    "test": {
      "split_name": "test",
      "metrics": {
        "loss": 0.6717530587599954,
        "acc": 0.8054454326629639,
        "nlpd": 0.670481264591217,
        "ece": 0.044792041182518005,
        "aece": 0.04481684611708973,
        "raw_cov_99": 0.4012688398361206,
        "sel_acc_99": 0.9940711259841919,
        "reliable_99": 1.0,
        "cov_99": 0.4012688398361206,
        "class_cov_99": 0.9207920792079208,
        "raw_cov_95": 0.5490351319313049,
        "sel_acc_95": 0.9817043542861938,
        "reliable_95": 1.0,
        "cov_95": 0.5490351319313049,
        "class_cov_95": 1.0,
        "raw_cov_90": 0.628601610660553,
        "sel_acc_90": 0.9634146094322205,
        "reliable_90": 1.0,
        "cov_90": 0.628601610660553,
        "class_cov_90": 1.0,
        "raw_cov_85": 0.6740682125091553,
        "sel_acc_85": 0.9513725638389587,
        "reliable_85": 1.0,
        "cov_85": 0.6740682125091553,
        "class_cov_85": 1.0,
        "raw_cov_80": 0.7092254757881165,
        "sel_acc_80": 0.9411106705665588,
        "reliable_80": 1.0,
        "cov_80": 0.7092254757881165,
        "class_cov_80": 1.0
      },
      "output_dir": "/root/autodl-tmp/BayesVLM/output/ablate_uatb_unc_only/id/ucf101/UATB_MIN/BAYESADAPTER/logit_scale_frozen/sigpar_0.01/sigperp_0.01/lu0_0.01/shot_16/seed_1/eval/id/test",