{
  "family": "vlm_adapter",
  "variant": "UATB_MIN",
  "protocol": "id",
  "dataset": "ucf101",
  "seed": 1,
  "evaluation_tasks": [
    "classification"
  ],
  "model_selection": "last",
  "selected_checkpoint": "last",
  "selected_epoch": 300,
  "selected_val_metrics": {
    "loss": 0.5366778302117319,
    "acc": 0.8524762988090515,
    "nlpd": 0.5354717373847961,
    "ece": 0.02364981546998024,
    "aece": 0.025031784971345717,
    "raw_cov_99": 0.3993677496910095,
    "sel_acc_99": 0.9947229623794556,
    "reliable_99": 1.0,
    "cov_99": 0.3993677496910095,
    "class_cov_99": 0.8910891089108911,
    "raw_cov_95": 0.568493127822876,
    "sel_acc_95": 0.9814643263816833,
    "reliable_95": 1.0,
    "cov_95": 0.568493127822876,
    "class_cov_95": 0.9801980198019802,
    "raw_cov_90": 0.6538461446762085,
    "sel_acc_90": 0.9717969298362732,
    "reliable_90": 1.0,
    "cov_90": 0.6538461446762085,
    "class_cov_90": 1.0,
    "raw_cov_85": 0.6996839046478271,
    "sel_acc_85": 0.9578313231468201,
    "reliable_85": 1.0,
    "cov_85": 0.6996839046478271,
    "class_cov_85": 1.0,
    "raw_cov_80": 0.7513172030448914,
    "sel_acc_80": 0.9453015327453613,
    "reliable_80": 1.0,
    "cov_80": 0.7513172030448914,
    "class_cov_80": 1.0
  },
  "classification": {
    "train": {
      "split_name": "train",
      "metrics": {
        "loss": 0.015188742382912943,
        "acc": 1.0,
        "nlpd": 0.015006867237389088,
        "ece": 0.014770984649658203,
        "aece": 0.014770806352100749,
        "raw_cov_99": 0.5074257254600525,
        "sel_acc_99": 1.0,
        "reliable_99": 1.0,
        "cov_99": 0.5074257254600525,
        "class_cov_99": 0.9108910891089109,
        "raw_cov_95": 0.9653465151786804,
        "sel_acc_95": 1.0,
        "reliable_95": 1.0,
        "cov_95": 0.9653465151786804,
        "class_cov_95": 1.0,
        "raw_cov_90": 1.0,
        "sel_acc_90": 1.0,
        "reliable_90": 1.0,
        "cov_90": 1.0,
        "class_cov_90": 1.0,
        "raw_cov_85": 1.0,
        "sel_acc_85": 1.0,
        "reliable_85": 1.0,
        "cov_85": 1.0,
        "class_cov_85": 1.0,
        "raw_cov_80": 1.0,
        "sel_acc_80": 1.0,
        "reliable_80": 1.0,
        "cov_80": 1.0,
        "class_cov_80": 1.0
      },
      "output_dir": "/root/autodl-tmp/BayesVLM/output/ablate_uatb_aniso_only/id/ucf101/UATB_MIN/BAYESADAPTER/logit_scale_frozen/sigpar_0.005/sigperp_0.02/lu0_0/shot_8/seed_1/eval/id/train",
      "metrics_path": "/root/autodl-tmp/BayesVLM/output/ablate_uatb_aniso_only/id/ucf101/UATB_MIN/BAYESADAPTER/logit_scale_frozen/sigpar_0.005/sigperp_0.02/lu0_0/shot_8/seed_1/eval/id/train/metrics.json",
      "predictions_pt": "/root/autodl-tmp/BayesVLM/output/ablate_uatb_aniso_only/id/ucf101/UATB_MIN/BAYESADAPTER/logit_scale_frozen/sigpar_0.005/sigperp_0.02/lu0_0/shot_8/seed_1/eval/id/train/predictions.pt",
      "predictions_jsonl": "/root/autodl-tmp/BayesVLM/output/ablate_uatb_aniso_only/id/ucf101/UATB_MIN/BAYESADAPTER/logit_scale_frozen/sigpar_0.005/sigperp_0.02/lu0_0/shot_8/seed_1/eval/id/train/predictions.jsonl",
      "bins_path": "/root/autodl-tmp/BayesVLM/output/ablate_uatb_aniso_only/id/ucf101/UATB_MIN/BAYESADAPTER/logit_scale_frozen/sigpar_0.005/sigperp_0.02/lu0_0/shot_8/seed_1/eval/id/train/calibration_bins.csv",
      "adaptive_bins_path": "/root/autodl-tmp/BayesVLM/output/ablate_uatb_aniso_only/id/ucf101/UATB_MIN/BAYESADAPTER/logit_scale_frozen/sigpar_0.005/sigperp_0.02/lu0_0/shot_8/seed_1/eval/id/train/adaptive_calibration_bins.csv",
      "selective_metrics_path": "/root/autodl-tmp/BayesVLM/output/ablate_uatb_aniso_only/id/ucf101/UATB_MIN/BAYESADAPTER/logit_scale_frozen/sigpar_0.005/sigperp_0.02/lu0_0/shot_8/seed_1/eval/id/train/selective_metrics.csv"
    },
    "val": {
      "split_name": "val",
      "metrics": {
        "loss": 0.5380530742372929,
        "acc": 0.8524762988090515,
        "nlpd": 0.5368312001228333,
        "ece": 0.023951442912220955,
        "aece": 0.020848506902618327,
        "raw_cov_99": 0.40200209617614746,
        "sel_acc_99": 0.9947575330734253,
        "reliable_99": 1.0,
        "cov_99": 0.40200209617614746,
        "class_cov_99": 0.900990099009901,
        "raw_cov_95": 0.568493127822876,
        "sel_acc_95": 0.9823911190032959,
        "reliable_95": 1.0,
        "cov_95": 0.568493127822876,
        "class_cov_95": 0.9801980198019802,
        "raw_cov_90": 0.6501580476760864,
        "sel_acc_90": 0.9708265662193298,
        "reliable_90": 1.0,
        "cov_90": 0.6501580476760864,
        "class_cov_90": 1.0,
        "raw_cov_85": 0.7007375955581665,
        "sel_acc_85": 0.9586465954780579,
        "reliable_85": 1.0,
        "cov_85": 0.7007375955581665,
        "class_cov_85": 1.0,
        "raw_cov_80": 0.7465753555297852,
        "sel_acc_80": 0.9463655352592468,
        "reliable_80": 1.0,
        "cov_80": 0.7465753555297852,
        "class_cov_80": 1.0
      },
      "output_dir": "/root/autodl-tmp/BayesVLM/output/ablate_uatb_aniso_only/id/ucf101/UATB_MIN/BAYESADAPTER/logit_scale_frozen/sigpar_0.005/sigperp_0.02/lu0_0/shot_8/seed_1/eval/id/val",
      "metrics_path": "/root/autodl-tmp/BayesVLM/output/ablate_uatb_aniso_only/id/ucf101/UATB_MIN/BAYESADAPTER/logit_scale_frozen/sigpar_0.005/sigperp_0.02/lu0_0/shot_8/seed_1/eval/id/val/metrics.json",
      "predictions_pt": "/root/autodl-tmp/BayesVLM/output/ablate_uatb_aniso_only/id/ucf101/UATB_MIN/BAYESADAPTER/logit_scale_frozen/sigpar_0.005/sigperp_0.02/lu0_0/shot_8/seed_1/eval/id/val/predictions.pt",
      "predictions_jsonl": "/root/autodl-tmp/BayesVLM/output/ablate_uatb_aniso_only/id/ucf101/UATB_MIN/BAYESADAPTER/logit_scale_frozen/sigpar_0.005/sigperp_0.02/lu0_0/shot_8/seed_1/eval/id/val/predictions.jsonl",
      "bins_path": "/root/autodl-tmp/BayesVLM/output/ablate_uatb_aniso_only/id/ucf101/UATB_MIN/BAYESADAPTER/logit_scale_frozen/sigpar_0.005/sigperp_0.02/lu0_0/shot_8/seed_1/eval/id/val/calibration_bins.csv",
      "adaptive_bins_path": "/root/autodl-tmp/BayesVLM/output/ablate_uatb_aniso_only/id/ucf101/UATB_MIN/BAYESADAPTER/logit_scale_frozen/sigpar_0.005/sigperp_0.02/lu0_0/shot_8/seed_1/eval/id/val/adaptive_calibration_bins.csv",
      "selective_metrics_path": "/root/autodl-tmp/BayesVLM/output/ablate_uatb_aniso_only/id/ucf101/UATB_MIN/BAYESADAPTER/logit_scale_frozen/sigpar_0.005/sigperp_0.02/lu0_0/shot_8/seed_1/eval/id/val/selective_metrics.csv"
    },
    "test": {
      "split_name": "test",
      "metrics": {
        "loss": 0.7703704214776725,
        "acc": 0.7800687551498413,
        "nlpd": 0.7689975500106812,
        "ece": 0.0576954111456871,
        "aece": 0.057908026300156026,
        "raw_cov_99": 0.36135342717170715,
        "sel_acc_99": 0.9934162497520447,
        "reliable_99": 1.0,
        "cov_99": 0.36135342717170715,
        "class_cov_99": 0.8712871287128713,
        "raw_cov_95": 0.5181072950363159,
        "sel_acc_95": 0.972449004650116,
        "reliable_95": 1.0,
        "cov_95": 0.5181072950363159,
        "class_cov_95": 0.9801980198019802,
        "raw_cov_90": 0.5913296341896057,
        "sel_acc_90": 0.9561913013458252,
        "reliable_90": 1.0,
        "cov_90": 0.5913296341896057,
        "class_cov_90": 0.9900990099009901,
        "raw_cov_85": 0.6441977024078369,
        "sel_acc_85": 0.9380385875701904,
        "reliable_85": 1.0,
        "cov_85": 0.6441977024078369,
        "class_cov_85": 1.0,
        "raw_cov_80": 0.6896643042564392,
        "sel_acc_80": 0.9229589700698853,
        "reliable_80": 1.0,
        "cov_80": 0.6896643042564392,
        "class_cov_80": 1.0
      },
      "output_dir": "/root/autodl-tmp/BayesVLM/output/ablate_uatb_aniso_only/id/ucf101/UATB_MIN/BAYESADAPTER/logit_scale_frozen/sigpar_0.005/sigperp_0.02/lu0_0/shot_8/seed_1/eval/id/test",
      "metrics_path": "/root/autodl-tmp/BayesVLM/output/ablate_uatb_aniso_only/id/ucf101/UATB_MIN/BAYESADAPTER/logit_scale_frozen/sigpar_0.005/sigperp_0.02/lu0_0/shot_8/seed_1/eval/id/test/metrics.json",