{
  "loss": 0.016878821527456293,
  "acc": 1.0,
  "nlpd": 0.016688281670212746,
  "ece": 0.016430914402008057,
  "aece": 0.01643100734984521,
  "raw_cov_99": 0.43316832184791565,
  "sel_acc_99": 1.0,
  "reliable_99": 1.0,
  "cov_99": 0.43316832184791565,
  "class_cov_99": 0.7524752475247525,
  "raw_cov_95": 0.9678217768669128,
  "sel_acc_95": 1.0,
  "reliable_95": 1.0,
  "cov_95": 0.9678217768669128,
  "class_cov_95": 1.0,
  "raw_cov_90": 1.0,
  "sel_acc_90": 1.0,
  "reliable_90": 1.0,
  "cov_90": 1.0,
  "class_cov_90": 1.0,
  "raw_cov_85": 1.0,
  "sel_acc_85": 1.0,
  "reliable_85": 1.0,
  "cov_85": 1.0,
  "class_cov_85": 1.0,
  "raw_cov_80": 1.0,
  "sel_acc_80": 1.0,
  "reliable_80": 1.0,
  "cov_80": 1.0,
  "class_cov_80": 1.0
}