threshold,selected_count,raw_coverage,selected_accuracy,reliable,coverage,covered_classes,classwise_coverage
0.99,173,0.4282178282737732,1.0,True,0.4282178282737732,76,0.7524752475247525
0.95,389,0.9628713130950928,1.0,True,0.9628713130950928,101,1.0
0.9,404,1.0,1.0,True,1.0,101,1.0
0.85,404,1.0,1.0,True,1.0,101,1.0
0.8,404,1.0,1.0,True,1.0,101,1.0
