{
  "family": "vlm_adapter",
  "variant": "UATB_MIN",
  "protocol": "id",
  "dataset": "ucf101",
  "seed": 2,
  "evaluation_tasks": [
    "classification"
  ],
  "model_selection": "last",
  "selected_checkpoint": "last",
  "selected_epoch": 300,
  "selected_val_metrics": {
    "loss": 0.5740016305660172,
    "acc": 0.8487882018089294,
    "nlpd": 0.5728356242179871,
    "ece": 0.023239579051733017,
    "aece": 0.02127062099876846,
    "raw_cov_99": 0.3983140289783478,
    "sel_acc_99": 0.9894179701805115,
    "reliable_99": 0.0,
    "cov_99": 0.0,
    "class_cov_99": 0.0,
    "raw_cov_95": 0.5690200328826904,
    "sel_acc_95": 0.9814814925193787,
    "reliable_95": 1.0,
    "cov_95": 0.5690200328826904,
    "class_cov_95": 0.9603960396039604,
    "raw_cov_90": 0.6496312022209167,
    "sel_acc_90": 0.9716139435768127,
    "reliable_90": 1.0,
    "cov_90": 0.6496312022209167,
    "class_cov_90": 0.9900990099009901,
    "raw_cov_85": 0.7007375955581665,
    "sel_acc_85": 0.9616541266441345,
    "reliable_85": 1.0,
    "cov_85": 0.7007375955581665,
    "class_cov_85": 0.9900990099009901,
    "raw_cov_80": 0.7413066625595093,
    "sel_acc_80": 0.9509595036506653,
    "reliable_80": 1.0,
    "cov_80": 0.7413066625595093,
    "class_cov_80": 1.0
  },
  "classification": {
    "train": {
      "split_name": "train",
      "metrics": {
        "loss": 0.016645374624888496,
        "acc": 1.0,
        "nlpd": 0.01646244339644909,
        "ece": 0.0161569956690073,
        "aece": 0.016156862941708892,
        "raw_cov_99": 0.4975247383117676,
        "sel_acc_99": 1.0,
        "reliable_99": 1.0,
        "cov_99": 0.4975247383117676,
        "class_cov_99": 0.9108910891089109,
        "raw_cov_95": 0.9467821717262268,
        "sel_acc_95": 1.0,
        "reliable_95": 1.0,
        "cov_95": 0.9467821717262268,
        "class_cov_95": 1.0,
        "raw_cov_90": 0.9962871074676514,
        "sel_acc_90": 1.0,
        "reliable_90": 1.0,
        "cov_90": 0.9962871074676514,
        "class_cov_90": 1.0,
        "raw_cov_85": 0.9987623691558838,
        "sel_acc_85": 1.0,
        "reliable_85": 1.0,
        "cov_85": 0.9987623691558838,
        "class_cov_85": 1.0,
        "raw_cov_80": 1.0,
        "sel_acc_80": 1.0,
        "reliable_80": 1.0,
        "cov_80": 1.0,
        "class_cov_80": 1.0
      },
      "output_dir": "/root/autodl-tmp/BayesVLM/output/ablate_uatb_full/id/ucf101/UATB_MIN/BAYESADAPTER/logit_scale_frozen/sigpar_0.005/sigperp_0.02/lu0_0.01/shot_8/seed_2/eval/id/train",
      "metrics_path": "/root/autodl-tmp/BayesVLM/output/ablate_uatb_full/id/ucf101/UATB_MIN/BAYESADAPTER/logit_scale_frozen/sigpar_0.005/sigperp_0.02/lu0_0.01/shot_8/seed_2/eval/id/train/metrics.json",
      "predictions_pt": "/root/autodl-tmp/BayesVLM/output/ablate_uatb_full/id/ucf101/UATB_MIN/BAYESADAPTER/logit_scale_frozen/sigpar_0.005/sigperp_0.02/lu0_0.01/shot_8/seed_2/eval/id/train/predictions.pt",
      "predictions_jsonl": "/root/autodl-tmp/BayesVLM/output/ablate_uatb_full/id/ucf101/UATB_MIN/BAYESADAPTER/logit_scale_frozen/sigpar_0.005/sigperp_0.02/lu0_0.01/shot_8/seed_2/eval/id/train/predictions.jsonl",
      "bins_path": "/root/autodl-tmp/BayesVLM/output/ablate_uatb_full/id/ucf101/UATB_MIN/BAYESADAPTER/logit_scale_frozen/sigpar_0.005/sigperp_0.02/lu0_0.01/shot_8/seed_2/eval/id/train/calibration_bins.csv",
      "adaptive_bins_path": "/root/autodl-tmp/BayesVLM/output/ablate_uatb_full/id/ucf101/UATB_MIN/BAYESADAPTER/logit_scale_frozen/sigpar_0.005/sigperp_0.02/lu0_0.01/shot_8/seed_2/eval/id/train/adaptive_calibration_bins.csv",
      "selective_metrics_path": "/root/autodl-tmp/BayesVLM/output/ablate_uatb_full/id/ucf101/UATB_MIN/BAYESADAPTER/logit_scale_frozen/sigpar_0.005/sigperp_0.02/lu0_0.01/shot_8/seed_2/eval/id/train/selective_metrics.csv"
    },
    "val": {
      "split_name": "val",
      "metrics": {
        "loss": 0.5749534789327575,
        "acc": 0.8477344512939453,
        "nlpd": 0.5737854838371277,
        "ece": 0.02448127791285515,
        "aece": 0.02013614632432654,
        "raw_cov_99": 0.3993677496910095,
        "sel_acc_99": 0.9894459247589111,
        "reliable_99": 0.0,
        "cov_99": 0.0,
        "class_cov_99": 0.0,
        "raw_cov_95": 0.5679662823677063,
        "sel_acc_95": 0.9814471006393433,
        "reliable_95": 1.0,
        "cov_95": 0.5679662823677063,
        "class_cov_95": 0.9603960396039604,
        "raw_cov_90": 0.6485774517059326,
        "sel_acc_90": 0.9707554578781128,
        "reliable_90": 1.0,
        "cov_90": 0.6485774517059326,
        "class_cov_90": 0.9900990099009901,
        "raw_cov_85": 0.701264500617981,
        "sel_acc_85": 0.961682915687561,
        "reliable_85": 1.0,
        "cov_85": 0.701264500617981,
        "class_cov_85": 0.9900990099009901,
        "raw_cov_80": 0.7407797574996948,
        "sel_acc_80": 0.9502133727073669,
        "reliable_80": 1.0,
        "cov_80": 0.7407797574996948,
        "class_cov_80": 1.0
      },
      "output_dir": "/root/autodl-tmp/BayesVLM/output/ablate_uatb_full/id/ucf101/UATB_MIN/BAYESADAPTER/logit_scale_frozen/sigpar_0.005/sigperp_0.02/lu0_0.01/shot_8/seed_2/eval/id/val",
      "metrics_path": "/root/autodl-tmp/BayesVLM/output/ablate_uatb_full/id/ucf101/UATB_MIN/BAYESADAPTER/logit_scale_frozen/sigpar_0.005/sigperp_0.02/lu0_0.01/shot_8/seed_2/eval/id/val/metrics.json",
      "predictions_pt": "/root/autodl-tmp/BayesVLM/output/ablate_uatb_full/id/ucf101/UATB_MIN/BAYESADAPTER/logit_scale_frozen/sigpar_0.005/sigperp_0.02/lu0_0.01/shot_8/seed_2/eval/id/val/predictions.pt",
      "predictions_jsonl": "/root/autodl-tmp/BayesVLM/output/ablate_uatb_full/id/ucf101/UATB_MIN/BAYESADAPTER/logit_scale_frozen/sigpar_0.005/sigperp_0.02/lu0_0.01/shot_8/seed_2/eval/id/val/predictions.jsonl",
      "bins_path": "/root/autodl-tmp/BayesVLM/output/ablate_uatb_full/id/ucf101/UATB_MIN/BAYESADAPTER/logit_scale_frozen/sigpar_0.005/sigperp_0.02/lu0_0.01/shot_8/seed_2/eval/id/val/calibration_bins.csv",
      "adaptive_bins_path": "/root/autodl-tmp/BayesVLM/output/ablate_uatb_full/id/ucf101/UATB_MIN/BAYESADAPTER/logit_scale_frozen/sigpar_0.005/sigperp_0.02/lu0_0.01/shot_8/seed_2/eval/id/val/adaptive_calibration_bins.csv",
      "selective_metrics_path": "/root/autodl-tmp/BayesVLM/output/ablate_uatb_full/id/ucf101/UATB_MIN/BAYESADAPTER/logit_scale_frozen/sigpar_0.005/sigperp_0.02/lu0_0.01/shot_8/seed_2/eval/id/val/selective_metrics.csv"
    },
    "test": {
      "split_name": "test",
      "metrics": {
        "loss": 0.7192989541461409,
        "acc": 0.7887919545173645,
        "nlpd": 0.7179206013679504,
        "ece": 0.047103382647037506,
        "aece": 0.0471441411732556,
        "raw_cov_99": 0.36346814036369324,
        "sel_acc_99": 0.9912727475166321,
        "reliable_99": 1.0,
        "cov_99": 0.36346814036369324,
        "class_cov_99": 0.8217821782178217,
        "raw_cov_95": 0.5186359882354736,
        "sel_acc_95": 0.9791029691696167,
        "reliable_95": 1.0,
        "cov_95": 0.5186359882354736,
        "class_cov_95": 0.9702970297029703,
        "raw_cov_90": 0.6019032597541809,
        "sel_acc_90": 0.9595959782600403,
        "reliable_90": 1.0,
        "cov_90": 0.6019032597541809,
        "class_cov_90": 0.9900990099009901,
        "raw_cov_85": 0.6547713279724121,
        "sel_acc_85": 0.9487283229827881,
        "reliable_85": 1.0,
        "cov_85": 0.6547713279724121,
        "class_cov_85": 1.0,
        "raw_cov_80": 0.6907216310501099,
        "sel_acc_80": 0.9402984976768494,
        "reliable_80": 1.0,
        "cov_80": 0.6907216310501099,
        "class_cov_80": 1.0
      },
      "output_dir": "/root/autodl-tmp/BayesVLM/output/ablate_uatb_full/id/ucf101/UATB_MIN/BAYESADAPTER/logit_scale_frozen/sigpar_0.005/sigperp_0.02/lu0_0.01/shot_8/seed_2/eval/id/test",
      "metrics_path": "/root/autodl-tmp/BayesVLM/output/ablate_uatb_full/id/ucf101/UATB_MIN/BAYESADAPTER/logit_scale_frozen/sigpar_0.005/sigperp_0.02/lu0_0.01/shot_8/seed_2/eval/id/test/metrics.json",