{
  "loss": 0.007161869667470455,
  "acc": 1.0,
  "nlpd": 0.007082063239067793,
  "ece": 0.007048368453979492,
  "aece": 0.007048338946729605,
  "raw_cov_99": 0.7722772359848022,
  "sel_acc_99": 1.0,
  "reliable_99": 1.0,
  "cov_99": 0.7722772359848022,
  "class_cov_99": 0.7722772277227723,
  "raw_cov_95": 1.0,
  "sel_acc_95": 1.0,
  "reliable_95": 1.0,
  "cov_95": 1.0,
  "class_cov_95": 1.0,
  "raw_cov_90": 1.0,
  "sel_acc_90": 1.0,
  "reliable_90": 1.0,
  "cov_90": 1.0,
  "class_cov_90": 1.0,
  "raw_cov_85": 1.0,
  "sel_acc_85": 1.0,
  "reliable_85": 1.0,
  "cov_85": 1.0,
  "class_cov_85": 1.0,
  "raw_cov_80": 1.0,
  "sel_acc_80": 1.0,
  "reliable_80": 1.0,
  "cov_80": 1.0,
  "class_cov_80": 1.0
}