threshold,selected_count,raw_coverage,selected_accuracy,reliable,coverage,covered_classes,classwise_coverage
0.99,80,0.7920792102813721,1.0,True,0.7920792102813721,80,0.7920792079207921
0.95,101,1.0,1.0,True,1.0,101,1.0
0.9,101,1.0,1.0,True,1.0,101,1.0
0.85,101,1.0,1.0,True,1.0,101,1.0
0.8,101,1.0,1.0,True,1.0,101,1.0
