{
  "loss": 0.01620138917892876,
  "acc": 1.0,
  "nlpd": 0.016010740771889687,
  "ece": 0.015788137912750244,
  "aece": 0.015788138502895243,
  "raw_cov_99": 0.4207920730113983,
  "sel_acc_99": 1.0,
  "reliable_99": 1.0,
  "cov_99": 0.4207920730113983,
  "class_cov_99": 0.7722772277227723,
  "raw_cov_95": 0.9801980257034302,
  "sel_acc_95": 1.0,
  "reliable_95": 1.0,
  "cov_95": 0.9801980257034302,
  "class_cov_95": 1.0,
  "raw_cov_90": 1.0,
  "sel_acc_90": 1.0,
  "reliable_90": 1.0,
  "cov_90": 1.0,
  "class_cov_90": 1.0,
  "raw_cov_85": 1.0,
  "sel_acc_85": 1.0,
  "reliable_85": 1.0,
  "cov_85": 1.0,
  "class_cov_85": 1.0,
  "raw_cov_80": 1.0,
  "sel_acc_80": 1.0,
  "reliable_80": 1.0,
  "cov_80": 1.0,
  "class_cov_80": 1.0
}