{
  "loss": 0.0152280072192892,
  "acc": 1.0,
  "nlpd": 0.015048405155539513,
  "ece": 0.014853298664093018,
  "aece": 0.01485340238207638,
  "raw_cov_99": 0.43316832184791565,
  "sel_acc_99": 1.0,
  "reliable_99": 1.0,
  "cov_99": 0.43316832184791565,
  "class_cov_99": 0.7722772277227723,
  "raw_cov_95": 0.9876237511634827,
  "sel_acc_95": 1.0,
  "reliable_95": 1.0,
  "cov_95": 0.9876237511634827,
  "class_cov_95": 1.0,
  "raw_cov_90": 1.0,
  "sel_acc_90": 1.0,
  "reliable_90": 1.0,
  "cov_90": 1.0,
  "class_cov_90": 1.0,
  "raw_cov_85": 1.0,
  "sel_acc_85": 1.0,
  "reliable_85": 1.0,
  "cov_85": 1.0,
  "class_cov_85": 1.0,
  "raw_cov_80": 1.0,
  "sel_acc_80": 1.0,
  "reliable_80": 1.0,
  "cov_80": 1.0,
  "class_cov_80": 1.0
}