{
  "loss": 0.016475442538757136,
  "acc": 1.0,
  "nlpd": 0.01628147065639496,
  "ece": 0.016041874885559082,
  "aece": 0.016041847443816686,
  "raw_cov_99": 0.4306930601596832,
  "sel_acc_99": 1.0,
  "reliable_99": 1.0,
  "cov_99": 0.4306930601596832,
  "class_cov_99": 0.7623762376237624,
  "raw_cov_95": 0.9702970385551453,
  "sel_acc_95": 1.0,
  "reliable_95": 1.0,
  "cov_95": 0.9702970385551453,
  "class_cov_95": 1.0,
  "raw_cov_90": 1.0,
  "sel_acc_90": 1.0,
  "reliable_90": 1.0,
  "cov_90": 1.0,
  "class_cov_90": 1.0,
  "raw_cov_85": 1.0,
  "sel_acc_85": 1.0,
  "reliable_85": 1.0,
  "cov_85": 1.0,
  "class_cov_85": 1.0,
  "raw_cov_80": 1.0,
  "sel_acc_80": 1.0,
  "reliable_80": 1.0,
  "cov_80": 1.0,
  "class_cov_80": 1.0
}