{
  "family": "vlm_adapter",
  "variant": "UATB_MIN",
  "protocol": "id",
  "dataset": "ucf101",
  "seed": 3,
  "model_selection": "last",
  "selection_metric": "acc",
  "selection_mode": "max",
  "best_epoch": 212,
  "best_val_metrics_saved": {
    "loss": 0.4040177392256147,
    "acc": 0.8772392272949219,
    "nlpd": 0.40308448672294617,
    "ece": 0.01917208731174469,
    "aece": 0.01556467215429493,
    "raw_cov_99": 0.4494204521179199,
    "sel_acc_99": 0.9976553320884705,
    "reliable_99": 1.0,
    "cov_99": 0.4494204521179199,
    "class_cov_99": 0.9306930693069307,
    "raw_cov_95": 0.6390937566757202,
    "sel_acc_95": 0.9876339435577393,
    "reliable_95": 1.0,
    "cov_95": 0.6390937566757202,
    "class_cov_95": 0.9900990099009901,
    "raw_cov_90": 0.7165437340736389,
    "sel_acc_90": 0.9772058725357056,
    "reliable_90": 1.0,
    "cov_90": 0.7165437340736389,
    "class_cov_90": 1.0,
    "raw_cov_85": 0.7665964365005493,
    "sel_acc_85": 0.969759464263916,
    "reliable_85": 1.0,
    "cov_85": 0.7665964365005493,
    "class_cov_85": 1.0,
    "raw_cov_80": 0.8040041923522949,
    "sel_acc_80": 0.9619921445846558,
    "reliable_80": 1.0,
    "cov_80": 0.8040041923522949,
    "class_cov_80": 1.0
  },
  "last_epoch": 300,
  "last_val_metrics_saved": {
    "loss": 0.4036631350522298,
    "acc": 0.8756585717201233,
    "nlpd": 0.402710884809494,
    "ece": 0.019617145881056786,
    "aece": 0.01712347898392833,
    "raw_cov_99": 0.4515279233455658,
    "sel_acc_99": 0.9976662993431091,
    "reliable_99": 1.0,
    "cov_99": 0.4515279233455658,
    "class_cov_99": 0.9306930693069307,
    "raw_cov_95": 0.6412012577056885,
    "sel_acc_95": 0.9876745939254761,
    "reliable_95": 1.0,
    "cov_95": 0.6412012577056885,
    "class_cov_95": 0.9900990099009901,
    "raw_cov_90": 0.7165437340736389,
    "sel_acc_90": 0.9779411554336548,
    "reliable_90": 1.0,
    "cov_90": 0.7165437340736389,
    "class_cov_90": 1.0,
    "raw_cov_85": 0.767123281955719,
    "sel_acc_85": 0.9697802066802979,
    "reliable_85": 1.0,
    "cov_85": 0.767123281955719,
    "class_cov_85": 1.0,
    "raw_cov_80": 0.8034773468971252,
    "sel_acc_80": 0.9613114595413208,
    "reliable_80": 1.0,
    "cov_80": 0.8034773468971252,
    "class_cov_80": 1.0
  },
  "run_dir": "/root/autodl-tmp/BayesVLM/output/ablate_uatb_unc_only/id/ucf101/UATB_MIN/BAYESADAPTER/logit_scale_frozen/sigpar_0.01/sigperp_0.01/lu0_0.01/shot_16/seed_3",
  "elapsed_seconds": 51.17,
  "artifacts": {
    "log_file": "train/train.log",
    "config_file": "config/config.json",
    "class_names_file": "config/class_names.json",
    "metrics_csv_file": "train/metrics_history.csv",
    "best_ckpt_file": "checkpoints/best_adapter.pt",
    "last_ckpt_file": "checkpoints/last_adapter.pt"
  }
}