{
  "family": "vlm_adapter",
  "variant": "UATB_MIN",
  "protocol": "id",
  "dataset": "ucf101",
  "seed": 3,
  "evaluation_tasks": [
    "classification"
  ],
  "model_selection": "last",
  "selected_checkpoint": "last",
  "selected_epoch": 300,
  "selected_val_metrics": {
    "loss": 1.0430151393717533,
    "acc": 0.7276080250740051,
    "nlpd": 1.0411810874938965,
    "ece": 0.06794530898332596,
    "aece": 0.06794530674579649,
    "raw_cov_99": 0.2460484653711319,
    "sel_acc_99": 0.9892933368682861,
    "reliable_99": 0.0,
    "cov_99": 0.0,
    "class_cov_99": 0.0,
    "raw_cov_95": 0.4367755651473999,
    "sel_acc_95": 0.9626055359840393,
    "reliable_95": 1.0,
    "cov_95": 0.4367755651473999,
    "class_cov_95": 0.8712871287128713,
    "raw_cov_90": 0.5115911364555359,
    "sel_acc_90": 0.9454171061515808,
    "reliable_90": 1.0,
    "cov_90": 0.5115911364555359,
    "class_cov_90": 0.9603960396039604,
    "raw_cov_85": 0.5648050308227539,
    "sel_acc_85": 0.9272388219833374,
    "reliable_85": 1.0,
    "cov_85": 0.5648050308227539,
    "class_cov_85": 0.9801980198019802,
    "raw_cov_80": 0.6106427907943726,
    "sel_acc_80": 0.90767902135849,
    "reliable_80": 1.0,
    "cov_80": 0.6106427907943726,
    "class_cov_80": 0.9801980198019802
  },
  "classification": {
    "train": {
      "split_name": "train",
      "metrics": {
        "loss": 0.0057155536487698555,
        "acc": 1.0,
        "nlpd": 0.005642781965434551,
        "ece": 0.005618453025817871,
        "aece": 0.005618441813062913,
        "raw_cov_99": 0.9108911156654358,
        "sel_acc_99": 1.0,
        "reliable_99": 1.0,
        "cov_99": 0.9108911156654358,
        "class_cov_99": 0.9108910891089109,
        "raw_cov_95": 1.0,
        "sel_acc_95": 1.0,
        "reliable_95": 1.0,
        "cov_95": 1.0,
        "class_cov_95": 1.0,
        "raw_cov_90": 1.0,
        "sel_acc_90": 1.0,
        "reliable_90": 1.0,
        "cov_90": 1.0,
        "class_cov_90": 1.0,
        "raw_cov_85": 1.0,
        "sel_acc_85": 1.0,
        "reliable_85": 1.0,
        "cov_85": 1.0,
        "class_cov_85": 1.0,
        "raw_cov_80": 1.0,
        "sel_acc_80": 1.0,
        "reliable_80": 1.0,
        "cov_80": 1.0,
        "class_cov_80": 1.0
      },
      "output_dir": "/root/autodl-tmp/BayesVLM/output/ablate_uatb_aniso_only/id/ucf101/UATB_MIN/BAYESADAPTER/logit_scale_frozen/sigpar_0.005/sigperp_0.02/lu0_0/shot_1/seed_3/eval/id/train",
      "metrics_path": "/root/autodl-tmp/BayesVLM/output/ablate_uatb_aniso_only/id/ucf101/UATB_MIN/BAYESADAPTER/logit_scale_frozen/sigpar_0.005/sigperp_0.02/lu0_0/shot_1/seed_3/eval/id/train/metrics.json",
      "predictions_pt": "/root/autodl-tmp/BayesVLM/output/ablate_uatb_aniso_only/id/ucf101/UATB_MIN/BAYESADAPTER/logit_scale_frozen/sigpar_0.005/sigperp_0.02/lu0_0/shot_1/seed_3/eval/id/train/predictions.pt",
      "predictions_jsonl": "/root/autodl-tmp/BayesVLM/output/ablate_uatb_aniso_only/id/ucf101/UATB_MIN/BAYESADAPTER/logit_scale_frozen/sigpar_0.005/sigperp_0.02/lu0_0/shot_1/seed_3/eval/id/train/predictions.jsonl",
      "bins_path": "/root/autodl-tmp/BayesVLM/output/ablate_uatb_aniso_only/id/ucf101/UATB_MIN/BAYESADAPTER/logit_scale_frozen/sigpar_0.005/sigperp_0.02/lu0_0/shot_1/seed_3/eval/id/train/calibration_bins.csv",
      "adaptive_bins_path": "/root/autodl-tmp/BayesVLM/output/ablate_uatb_aniso_only/id/ucf101/UATB_MIN/BAYESADAPTER/logit_scale_frozen/sigpar_0.005/sigperp_0.02/lu0_0/shot_1/seed_3/eval/id/train/adaptive_calibration_bins.csv",
      "selective_metrics_path": "/root/autodl-tmp/BayesVLM/output/ablate_uatb_aniso_only/id/ucf101/UATB_MIN/BAYESADAPTER/logit_scale_frozen/sigpar_0.005/sigperp_0.02/lu0_0/shot_1/seed_3/eval/id/train/selective_metrics.csv"
    },
    "val": {
      "split_name": "val",
      "metrics": {
        "loss": 1.0435498854885363,
        "acc": 0.7255005240440369,
        "nlpd": 1.041749358177185,
        "ece": 0.0700969249010086,
        "aece": 0.0700969285909695,
        "raw_cov_99": 0.24815595149993896,
        "sel_acc_99": 0.9915074110031128,
        "reliable_99": 1.0,
        "cov_99": 0.24815595149993896,
        "class_cov_99": 0.7029702970297029,
        "raw_cov_95": 0.4373024106025696,
        "sel_acc_95": 0.9614458084106445,
        "reliable_95": 1.0,
        "cov_95": 0.4373024106025696,
        "class_cov_95": 0.8811881188118812,
        "raw_cov_90": 0.5105373859405518,
        "sel_acc_90": 0.9453044533729553,
        "reliable_90": 1.0,
        "cov_90": 0.5105373859405518,
        "class_cov_90": 0.9603960396039604,
        "raw_cov_85": 0.5637513399124146,
        "sel_acc_85": 0.92710280418396,
        "reliable_85": 1.0,
        "cov_85": 0.5637513399124146,
        "class_cov_85": 0.9801980198019802,
        "raw_cov_80": 0.6080084443092346,
        "sel_acc_80": 0.9090121388435364,
        "reliable_80": 1.0,
        "cov_80": 0.6080084443092346,
        "class_cov_80": 0.9801980198019802
      },
      "output_dir": "/root/autodl-tmp/BayesVLM/output/ablate_uatb_aniso_only/id/ucf101/UATB_MIN/BAYESADAPTER/logit_scale_frozen/sigpar_0.005/sigperp_0.02/lu0_0/shot_1/seed_3/eval/id/val",
      "metrics_path": "/root/autodl-tmp/BayesVLM/output/ablate_uatb_aniso_only/id/ucf101/UATB_MIN/BAYESADAPTER/logit_scale_frozen/sigpar_0.005/sigperp_0.02/lu0_0/shot_1/seed_3/eval/id/val/metrics.json",
      "predictions_pt": "/root/autodl-tmp/BayesVLM/output/ablate_uatb_aniso_only/id/ucf101/UATB_MIN/BAYESADAPTER/logit_scale_frozen/sigpar_0.005/sigperp_0.02/lu0_0/shot_1/seed_3/eval/id/val/predictions.pt",
      "predictions_jsonl": "/root/autodl-tmp/BayesVLM/output/ablate_uatb_aniso_only/id/ucf101/UATB_MIN/BAYESADAPTER/logit_scale_frozen/sigpar_0.005/sigperp_0.02/lu0_0/shot_1/seed_3/eval/id/val/predictions.jsonl",
      "bins_path": "/root/autodl-tmp/BayesVLM/output/ablate_uatb_aniso_only/id/ucf101/UATB_MIN/BAYESADAPTER/logit_scale_frozen/sigpar_0.005/sigperp_0.02/lu0_0/shot_1/seed_3/eval/id/val/calibration_bins.csv",
      "adaptive_bins_path": "/root/autodl-tmp/BayesVLM/output/ablate_uatb_aniso_only/id/ucf101/UATB_MIN/BAYESADAPTER/logit_scale_frozen/sigpar_0.005/sigperp_0.02/lu0_0/shot_1/seed_3/eval/id/val/adaptive_calibration_bins.csv",
      "selective_metrics_path": "/root/autodl-tmp/BayesVLM/output/ablate_uatb_aniso_only/id/ucf101/UATB_MIN/BAYESADAPTER/logit_scale_frozen/sigpar_0.005/sigperp_0.02/lu0_0/shot_1/seed_3/eval/id/val/selective_metrics.csv"
    },
    "test": {
      "split_name": "test",
      "metrics": {
        "loss": 1.1140118780950374,
        "acc": 0.7060533761978149,
        "nlpd": 1.1121512651443481,
        "ece": 0.08096428215503693,
        "aece": 0.08041647941212851,
        "raw_cov_99": 0.24742268025875092,
        "sel_acc_99": 0.9914529919624329,
        "reliable_99": 1.0,
        "cov_99": 0.24742268025875092,
        "class_cov_99": 0.7128712871287128,
        "raw_cov_95": 0.4081416726112366,
        "sel_acc_95": 0.9604922533035278,
        "reliable_95": 1.0,
        "cov_95": 0.4081416726112366,
        "class_cov_95": 0.9108910891089109,
        "raw_cov_90": 0.4932593107223511,
        "sel_acc_90": 0.9356912970542908,
        "reliable_90": 1.0,
        "cov_90": 0.4932593107223511,
        "class_cov_90": 0.9702970297029703,
        "raw_cov_85": 0.548506498336792,
        "sel_acc_85": 0.9175903797149658,
        "reliable_85": 1.0,
        "cov_85": 0.548506498336792,
        "class_cov_85": 0.9900990099009901,
        "raw_cov_80": 0.5958234071731567,
        "sel_acc_80": 0.9010647535324097,
        "reliable_80": 1.0,
        "cov_80": 0.5958234071731567,
        "class_cov_80": 1.0
      },
      "output_dir": "/root/autodl-tmp/BayesVLM/output/ablate_uatb_aniso_only/id/ucf101/UATB_MIN/BAYESADAPTER/logit_scale_frozen/sigpar_0.005/sigperp_0.02/lu0_0/shot_1/seed_3/eval/id/test",