threshold,selected_count,raw_coverage,selected_accuracy,reliable,coverage,covered_classes,classwise_coverage
0.99,850,0.5259901285171509,1.0,True,0.5259901285171509,98,0.9702970297029703
0.95,1472,0.9108911156654358,1.0,True,0.9108911156654358,101,1.0
0.9,1607,0.9944307208061218,1.0,True,0.9944307208061218,101,1.0
0.85,1616,1.0,1.0,True,1.0,101,1.0
0.8,1616,1.0,1.0,True,1.0,101,1.0
