{
  "loss": 0.014790565706789494,
  "acc": 1.0,
  "nlpd": 0.014613487757742405,
  "ece": 0.014446437358856201
}