{
  "loss": 0.014844845049083233,
  "acc": 1.0,
  "nlpd": 0.014664295129477978,
  "ece": 0.014497160911560059,
  "aece": 0.014497116650685224,
  "raw_cov_99": 0.4356435537338257,
  "sel_acc_99": 1.0,
  "reliable_99": 1.0,
  "cov_99": 0.4356435537338257,
  "class_cov_99": 0.6237623762376238,
  "raw_cov_95": 0.9900990128517151,
  "sel_acc_95": 1.0,
  "reliable_95": 1.0,
  "cov_95": 0.9900990128517151,
  "class_cov_95": 1.0,
  "raw_cov_90": 1.0,
  "sel_acc_90": 1.0,
  "reliable_90": 1.0,
  "cov_90": 1.0,
  "class_cov_90": 1.0,
  "raw_cov_85": 1.0,
  "sel_acc_85": 1.0,
  "reliable_85": 1.0,
  "cov_85": 1.0,
  "class_cov_85": 1.0,
  "raw_cov_80": 1.0,
  "sel_acc_80": 1.0,
  "reliable_80": 1.0,
  "cov_80": 1.0,
  "class_cov_80": 1.0
}