{
  "loss": 0.017574724400102503,
  "acc": 1.0,
  "nlpd": 0.017391525208950043,
  "ece": 0.01700727641582489,
  "aece": 0.017007212901469504,
  "raw_cov_99": 0.5253713130950928,
  "sel_acc_99": 1.0,
  "reliable_99": 1.0,
  "cov_99": 0.5253713130950928,
  "class_cov_99": 0.9504950495049505,
  "raw_cov_95": 0.9133663177490234,
  "sel_acc_95": 1.0,
  "reliable_95": 1.0,
  "cov_95": 0.9133663177490234,
  "class_cov_95": 1.0,
  "raw_cov_90": 0.9931930899620056,
  "sel_acc_90": 1.0,
  "reliable_90": 1.0,
  "cov_90": 0.9931930899620056,
  "class_cov_90": 1.0,
  "raw_cov_85": 0.9993811845779419,
  "sel_acc_85": 1.0,
  "reliable_85": 1.0,
  "cov_85": 0.9993811845779419,
  "class_cov_85": 1.0,
  "raw_cov_80": 1.0,
  "sel_acc_80": 1.0,
  "reliable_80": 1.0,
  "cov_80": 1.0,
  "class_cov_80": 1.0
}