threshold,selected_count,raw_coverage,selected_accuracy,reliable,coverage,covered_classes,classwise_coverage
0.99,847,0.5241336822509766,1.0,True,0.5241336822509766,96,0.9504950495049505
0.95,1479,0.9152227640151978,1.0,True,0.9152227640151978,101,1.0
0.9,1604,0.9925742745399475,1.0,True,0.9925742745399475,101,1.0
0.85,1615,0.9993811845779419,1.0,True,0.9993811845779419,101,1.0
0.8,1616,1.0,1.0,True,1.0,101,1.0
