{
  "loss": 0.062238642927443626,
  "acc": 1.0,
  "nlpd": 0.062238648533821106,
  "ece": 0.05803445726633072
}