{
  "family": "vlm_adapter",
  "variant": "BAYESADAPTER",
  "protocol": "id",
  "dataset": "ucf101",
  "seed": 3,
  "evaluation_tasks": [
    "classification"
  ],
  "model_selection": "last",
  "selected_checkpoint": "last",
  "selected_epoch": 300,
  "selected_val_metrics": {
    "loss": 0.7137131365634367,
    "acc": 0.7939936518669128,
    "nlpd": 0.7122101783752441,
    "ece": 0.04016133025288582,
    "aece": 0.0407742603875312,
    "raw_cov_99": 0.3366701900959015,
    "sel_acc_99": 0.9968701004981995,
    "reliable_99": 1.0,
    "cov_99": 0.3366701900959015,
    "class_cov_99": 0.8118811881188119,
    "raw_cov_95": 0.5142254829406738,
    "sel_acc_95": 0.9815573692321777,
    "reliable_95": 1.0,
    "cov_95": 0.5142254829406738,
    "class_cov_95": 0.9801980198019802,
    "raw_cov_90": 0.5927292108535767,
    "sel_acc_90": 0.9688888788223267,
    "reliable_90": 1.0,
    "cov_90": 0.5927292108535767,
    "class_cov_90": 0.9900990099009901,
    "raw_cov_85": 0.6438356041908264,
    "sel_acc_85": 0.9599018096923828,
    "reliable_85": 1.0,
    "cov_85": 0.6438356041908264,
    "class_cov_85": 0.9900990099009901,
    "raw_cov_80": 0.6944151520729065,
    "sel_acc_80": 0.9415781497955322,
    "reliable_80": 1.0,
    "cov_80": 0.6944151520729065,
    "class_cov_80": 1.0
  },
  "classification": {
    "train": {
      "split_name": "train",
      "metrics": {
        "loss": 0.01587620936334133,
        "acc": 1.0,
        "nlpd": 0.01568170264363289,
        "ece": 0.015471935272216797,
        "aece": 0.015471978647874135,
        "raw_cov_99": 0.4183168411254883,
        "sel_acc_99": 1.0,
        "reliable_99": 1.0,
        "cov_99": 0.4183168411254883,
        "class_cov_99": 0.7623762376237624,
        "raw_cov_95": 0.9851484894752502,
        "sel_acc_95": 1.0,
        "reliable_95": 1.0,
        "cov_95": 0.9851484894752502,
        "class_cov_95": 1.0,
        "raw_cov_90": 1.0,
        "sel_acc_90": 1.0,
        "reliable_90": 1.0,
        "cov_90": 1.0,
        "class_cov_90": 1.0,
        "raw_cov_85": 1.0,
        "sel_acc_85": 1.0,
        "reliable_85": 1.0,
        "cov_85": 1.0,
        "class_cov_85": 1.0,
        "raw_cov_80": 1.0,
        "sel_acc_80": 1.0,
        "reliable_80": 1.0,
        "cov_80": 1.0,
        "class_cov_80": 1.0
      },
      "output_dir": "/root/autodl-tmp/BayesVLM/output/vlm_adapter/id/ucf101/BAYESADAPTER/BAYESADAPTER/logit_scale_frozen/prior_text_only__seed_3__last/shot_4/seed_3/eval/id/train",
      "metrics_path": "/root/autodl-tmp/BayesVLM/output/vlm_adapter/id/ucf101/BAYESADAPTER/BAYESADAPTER/logit_scale_frozen/prior_text_only__seed_3__last/shot_4/seed_3/eval/id/train/metrics.json",
      "predictions_pt": "/root/autodl-tmp/BayesVLM/output/vlm_adapter/id/ucf101/BAYESADAPTER/BAYESADAPTER/logit_scale_frozen/prior_text_only__seed_3__last/shot_4/seed_3/eval/id/train/predictions.pt",
      "predictions_jsonl": "/root/autodl-tmp/BayesVLM/output/vlm_adapter/id/ucf101/BAYESADAPTER/BAYESADAPTER/logit_scale_frozen/prior_text_only__seed_3__last/shot_4/seed_3/eval/id/train/predictions.jsonl",
      "bins_path": "/root/autodl-tmp/BayesVLM/output/vlm_adapter/id/ucf101/BAYESADAPTER/BAYESADAPTER/logit_scale_frozen/prior_text_only__seed_3__last/shot_4/seed_3/eval/id/train/calibration_bins.csv",
      "adaptive_bins_path": "/root/autodl-tmp/BayesVLM/output/vlm_adapter/id/ucf101/BAYESADAPTER/BAYESADAPTER/logit_scale_frozen/prior_text_only__seed_3__last/shot_4/seed_3/eval/id/train/adaptive_calibration_bins.csv",
      "selective_metrics_path": "/root/autodl-tmp/BayesVLM/output/vlm_adapter/id/ucf101/BAYESADAPTER/BAYESADAPTER/logit_scale_frozen/prior_text_only__seed_3__last/shot_4/seed_3/eval/id/train/selective_metrics.csv"
    },
    "val": {
      "split_name": "val",
      "metrics": {
        "loss": 0.7162848753723129,
        "acc": 0.7913593053817749,
        "nlpd": 0.7147991061210632,
        "ece": 0.04228553920984268,
        "aece": 0.042914058781524364,
        "raw_cov_99": 0.3361433148384094,
        "sel_acc_99": 0.9968652129173279,
        "reliable_99": 1.0,
        "cov_99": 0.3361433148384094,
        "class_cov_99": 0.8118811881188119,
        "raw_cov_95": 0.51264488697052,
        "sel_acc_95": 0.9825282692909241,
        "reliable_95": 1.0,
        "cov_95": 0.51264488697052,
        "class_cov_95": 0.9702970297029703,
        "raw_cov_90": 0.5895679593086243,
        "sel_acc_90": 0.97050940990448,
        "reliable_90": 1.0,
        "cov_90": 0.5895679593086243,
        "class_cov_90": 0.9900990099009901,
        "raw_cov_85": 0.6454162001609802,
        "sel_acc_85": 0.9575510025024414,
        "reliable_85": 1.0,
        "cov_85": 0.6454162001609802,
        "class_cov_85": 0.9900990099009901,
        "raw_cov_80": 0.6912539601325989,
        "sel_acc_80": 0.9420731663703918,
        "reliable_80": 1.0,
        "cov_80": 0.6912539601325989,
        "class_cov_80": 1.0
      },
      "output_dir": "/root/autodl-tmp/BayesVLM/output/vlm_adapter/id/ucf101/BAYESADAPTER/BAYESADAPTER/logit_scale_frozen/prior_text_only__seed_3__last/shot_4/seed_3/eval/id/val",
      "metrics_path": "/root/autodl-tmp/BayesVLM/output/vlm_adapter/id/ucf101/BAYESADAPTER/BAYESADAPTER/logit_scale_frozen/prior_text_only__seed_3__last/shot_4/seed_3/eval/id/val/metrics.json",
      "predictions_pt": "/root/autodl-tmp/BayesVLM/output/vlm_adapter/id/ucf101/BAYESADAPTER/BAYESADAPTER/logit_scale_frozen/prior_text_only__seed_3__last/shot_4/seed_3/eval/id/val/predictions.pt",
      "predictions_jsonl": "/root/autodl-tmp/BayesVLM/output/vlm_adapter/id/ucf101/BAYESADAPTER/BAYESADAPTER/logit_scale_frozen/prior_text_only__seed_3__last/shot_4/seed_3/eval/id/val/predictions.jsonl",
      "bins_path": "/root/autodl-tmp/BayesVLM/output/vlm_adapter/id/ucf101/BAYESADAPTER/BAYESADAPTER/logit_scale_frozen/prior_text_only__seed_3__last/shot_4/seed_3/eval/id/val/calibration_bins.csv",
      "adaptive_bins_path": "/root/autodl-tmp/BayesVLM/output/vlm_adapter/id/ucf101/BAYESADAPTER/BAYESADAPTER/logit_scale_frozen/prior_text_only__seed_3__last/shot_4/seed_3/eval/id/val/adaptive_calibration_bins.csv",
      "selective_metrics_path": "/root/autodl-tmp/BayesVLM/output/vlm_adapter/id/ucf101/BAYESADAPTER/BAYESADAPTER/logit_scale_frozen/prior_text_only__seed_3__last/shot_4/seed_3/eval/id/val/selective_metrics.csv"
    },
    "test": {
      "split_name": "test",
      "metrics": {
        "loss": 0.8620629314704449,
        "acc": 0.7544277310371399,
        "nlpd": 0.8605037331581116,
        "ece": 0.06186928600072861,
        "aece": 0.061869301971322864,
        "raw_cov_99": 0.3180015981197357,
        "sel_acc_99": 0.9925187230110168,
        "reliable_99": 1.0,
        "cov_99": 0.3180015981197357,
        "class_cov_99": 0.801980198019802,
        "raw_cov_95": 0.477927565574646,
        "sel_acc_95": 0.9717920422554016,
        "reliable_95": 1.0,
        "cov_95": 0.477927565574646,
        "class_cov_95": 0.9702970297029703,
        "raw_cov_90": 0.5590801239013672,
        "sel_acc_90": 0.9522458910942078,
        "reliable_90": 1.0,
        "cov_90": 0.5590801239013672,
        "class_cov_90": 0.9900990099009901,
        "raw_cov_85": 0.6116838455200195,
        "sel_acc_85": 0.9420916438102722,
        "reliable_85": 1.0,
        "cov_85": 0.6116838455200195,
        "class_cov_85": 1.0,
        "raw_cov_80": 0.6566217541694641,
        "sel_acc_80": 0.9267310500144958,
        "reliable_80": 1.0,
        "cov_80": 0.6566217541694641,
        "class_cov_80": 1.0
      },
      "output_dir": "/root/autodl-tmp/BayesVLM/output/vlm_adapter/id/ucf101/BAYESADAPTER/BAYESADAPTER/logit_scale_frozen/prior_text_only__seed_3__last/shot_4/seed_3/eval/id/test",
      "metrics_path": "/root/autodl-tmp/BayesVLM/output/vlm_adapter/id/ucf101/BAYESADAPTER/BAYESADAPTER/logit_scale_frozen/prior_text_only__seed_3__last/shot_4/seed_3/eval/id/test/metrics.json",