{
  "family": "vlm_adapter",
  "variant": "UATB_MIN",
  "protocol": "id",
  "dataset": "ucf101",
  "seed": 1,
  "evaluation_tasks": [
    "classification"
  ],
  "model_selection": "last",
  "selected_checkpoint": "last",
  "selected_epoch": 300,
  "selected_val_metrics": {
    "loss": 0.9460579762343235,
    "acc": 0.7312961220741272,
    "nlpd": 0.9444406032562256,
    "ece": 0.0586429126560688,
    "aece": 0.05931186110754786,
    "raw_cov_99": 0.24868282675743103,
    "sel_acc_99": 0.9978813529014587,
    "reliable_99": 1.0,
    "cov_99": 0.24868282675743103,
    "class_cov_99": 0.7128712871287128,
    "raw_cov_95": 0.4125395119190216,
    "sel_acc_95": 0.9757343530654907,
    "reliable_95": 1.0,
    "cov_95": 0.4125395119190216,
    "class_cov_95": 0.900990099009901,
    "raw_cov_90": 0.4920969307422638,
    "sel_acc_90": 0.9614561200141907,
    "reliable_90": 1.0,
    "cov_90": 0.4920969307422638,
    "class_cov_90": 0.9801980198019802,
    "raw_cov_85": 0.5447840094566345,
    "sel_acc_85": 0.945841372013092,
    "reliable_85": 1.0,
    "cov_85": 0.5447840094566345,
    "class_cov_85": 0.9900990099009901,
    "raw_cov_80": 0.5943098068237305,
    "sel_acc_80": 0.9228723645210266,
    "reliable_80": 1.0,
    "cov_80": 0.5943098068237305,
    "class_cov_80": 1.0
  },
  "classification": {
    "train": {
      "split_name": "train",
      "metrics": {
        "loss": 0.006868308875709772,
        "acc": 1.0,
        "nlpd": 0.006791878957301378,
        "ece": 0.006761133670806885,
        "aece": 0.00676114547370684,
        "raw_cov_99": 0.8217821717262268,
        "sel_acc_99": 1.0,
        "reliable_99": 1.0,
        "cov_99": 0.8217821717262268,
        "class_cov_99": 0.8217821782178217,
        "raw_cov_95": 1.0,
        "sel_acc_95": 1.0,
        "reliable_95": 1.0,
        "cov_95": 1.0,
        "class_cov_95": 1.0,
        "raw_cov_90": 1.0,
        "sel_acc_90": 1.0,
        "reliable_90": 1.0,
        "cov_90": 1.0,
        "class_cov_90": 1.0,
        "raw_cov_85": 1.0,
        "sel_acc_85": 1.0,
        "reliable_85": 1.0,
        "cov_85": 1.0,
        "class_cov_85": 1.0,
        "raw_cov_80": 1.0,
        "sel_acc_80": 1.0,
        "reliable_80": 1.0,
        "cov_80": 1.0,
        "class_cov_80": 1.0
      },
      "output_dir": "/root/autodl-tmp/BayesVLM/output/ablate_uatb_full/id/ucf101/UATB_MIN/BAYESADAPTER/logit_scale_frozen/sigpar_0.005/sigperp_0.02/lu0_0.01/shot_1/seed_1/eval/id/train",
      "metrics_path": "/root/autodl-tmp/BayesVLM/output/ablate_uatb_full/id/ucf101/UATB_MIN/BAYESADAPTER/logit_scale_frozen/sigpar_0.005/sigperp_0.02/lu0_0.01/shot_1/seed_1/eval/id/train/metrics.json",
      "predictions_pt": "/root/autodl-tmp/BayesVLM/output/ablate_uatb_full/id/ucf101/UATB_MIN/BAYESADAPTER/logit_scale_frozen/sigpar_0.005/sigperp_0.02/lu0_0.01/shot_1/seed_1/eval/id/train/predictions.pt",
      "predictions_jsonl": "/root/autodl-tmp/BayesVLM/output/ablate_uatb_full/id/ucf101/UATB_MIN/BAYESADAPTER/logit_scale_frozen/sigpar_0.005/sigperp_0.02/lu0_0.01/shot_1/seed_1/eval/id/train/predictions.jsonl",
      "bins_path": "/root/autodl-tmp/BayesVLM/output/ablate_uatb_full/id/ucf101/UATB_MIN/BAYESADAPTER/logit_scale_frozen/sigpar_0.005/sigperp_0.02/lu0_0.01/shot_1/seed_1/eval/id/train/calibration_bins.csv",
      "adaptive_bins_path": "/root/autodl-tmp/BayesVLM/output/ablate_uatb_full/id/ucf101/UATB_MIN/BAYESADAPTER/logit_scale_frozen/sigpar_0.005/sigperp_0.02/lu0_0.01/shot_1/seed_1/eval/id/train/adaptive_calibration_bins.csv",
      "selective_metrics_path": "/root/autodl-tmp/BayesVLM/output/ablate_uatb_full/id/ucf101/UATB_MIN/BAYESADAPTER/logit_scale_frozen/sigpar_0.005/sigperp_0.02/lu0_0.01/shot_1/seed_1/eval/id/train/selective_metrics.csv"
    },
    "val": {
      "split_name": "val",
      "metrics": {
        "loss": 0.9459901511731966,
        "acc": 0.7307692170143127,
        "nlpd": 0.9443821907043457,
        "ece": 0.05938173457980156,
        "aece": 0.059749009015060195,
        "raw_cov_99": 0.24815595149993896,
        "sel_acc_99": 0.9978768825531006,
        "reliable_99": 1.0,
        "cov_99": 0.24815595149993896,
        "class_cov_99": 0.7128712871287128,
        "raw_cov_95": 0.4109589159488678,
        "sel_acc_95": 0.9769230484962463,
        "reliable_95": 1.0,
        "cov_95": 0.4109589159488678,
        "class_cov_95": 0.900990099009901,
        "raw_cov_90": 0.4920969307422638,
        "sel_acc_90": 0.9646680951118469,
        "reliable_90": 1.0,
        "cov_90": 0.4920969307422638,
        "class_cov_90": 0.9702970297029703,
        "raw_cov_85": 0.5458377003669739,
        "sel_acc_85": 0.9469112157821655,
        "reliable_85": 1.0,
        "cov_85": 0.5458377003669739,
        "class_cov_85": 0.9900990099009901,
        "raw_cov_80": 0.5916754603385925,
        "sel_acc_80": 0.9234194159507751,
        "reliable_80": 1.0,
        "cov_80": 0.5916754603385925,
        "class_cov_80": 1.0
      },
      "output_dir": "/root/autodl-tmp/BayesVLM/output/ablate_uatb_full/id/ucf101/UATB_MIN/BAYESADAPTER/logit_scale_frozen/sigpar_0.005/sigperp_0.02/lu0_0.01/shot_1/seed_1/eval/id/val",
      "metrics_path": "/root/autodl-tmp/BayesVLM/output/ablate_uatb_full/id/ucf101/UATB_MIN/BAYESADAPTER/logit_scale_frozen/sigpar_0.005/sigperp_0.02/lu0_0.01/shot_1/seed_1/eval/id/val/metrics.json",
      "predictions_pt": "/root/autodl-tmp/BayesVLM/output/ablate_uatb_full/id/ucf101/UATB_MIN/BAYESADAPTER/logit_scale_frozen/sigpar_0.005/sigperp_0.02/lu0_0.01/shot_1/seed_1/eval/id/val/predictions.pt",
      "predictions_jsonl": "/root/autodl-tmp/BayesVLM/output/ablate_uatb_full/id/ucf101/UATB_MIN/BAYESADAPTER/logit_scale_frozen/sigpar_0.005/sigperp_0.02/lu0_0.01/shot_1/seed_1/eval/id/val/predictions.jsonl",
      "bins_path": "/root/autodl-tmp/BayesVLM/output/ablate_uatb_full/id/ucf101/UATB_MIN/BAYESADAPTER/logit_scale_frozen/sigpar_0.005/sigperp_0.02/lu0_0.01/shot_1/seed_1/eval/id/val/calibration_bins.csv",
      "adaptive_bins_path": "/root/autodl-tmp/BayesVLM/output/ablate_uatb_full/id/ucf101/UATB_MIN/BAYESADAPTER/logit_scale_frozen/sigpar_0.005/sigperp_0.02/lu0_0.01/shot_1/seed_1/eval/id/val/adaptive_calibration_bins.csv",
      "selective_metrics_path": "/root/autodl-tmp/BayesVLM/output/ablate_uatb_full/id/ucf101/UATB_MIN/BAYESADAPTER/logit_scale_frozen/sigpar_0.005/sigperp_0.02/lu0_0.01/shot_1/seed_1/eval/id/val/selective_metrics.csv"
    },
    "test": {
      "split_name": "test",
      "metrics": {
        "loss": 1.0861891793284566,
        "acc": 0.6983875036239624,
        "nlpd": 1.084431767463684,
        "ece": 0.08065629005432129,
        "aece": 0.08075712263552627,
        "raw_cov_99": 0.25641027092933655,
        "sel_acc_99": 0.9865979552268982,
        "reliable_99": 0.0,
        "cov_99": 0.0,
        "class_cov_99": 0.0,
        "raw_cov_95": 0.41289982199668884,
        "sel_acc_95": 0.9692701697349548,
        "reliable_95": 1.0,
        "cov_95": 0.41289982199668884,
        "class_cov_95": 0.9108910891089109,
        "raw_cov_90": 0.48955854773521423,
        "sel_acc_90": 0.946004331111908,
        "reliable_90": 1.0,
        "cov_90": 0.48955854773521423,
        "class_cov_90": 1.0,
        "raw_cov_85": 0.5424266457557678,
        "sel_acc_85": 0.9244639277458191,
        "reliable_85": 1.0,
        "cov_85": 0.5424266457557678,
        "class_cov_85": 1.0,
        "raw_cov_80": 0.5881575345993042,
        "sel_acc_80": 0.9033707976341248,
        "reliable_80": 1.0,
        "cov_80": 0.5881575345993042,
        "class_cov_80": 1.0
      },
      "output_dir": "/root/autodl-tmp/BayesVLM/output/ablate_uatb_full/id/ucf101/UATB_MIN/BAYESADAPTER/logit_scale_frozen/sigpar_0.005/sigperp_0.02/lu0_0.01/shot_1/seed_1/eval/id/test",
      "metrics_path": "/root/autodl-tmp/BayesVLM/output/ablate_uatb_full/id/ucf101/UATB_MIN/BAYESADAPTER/logit_scale_frozen/sigpar_0.005/sigperp_0.02/lu0_0.01/shot_1/seed_1/eval/id/test/metrics.json",