{
  "loss": 0.02075388951983192,
  "acc": 1.0,
  "nlpd": 0.020533710718154907,
  "ece": 0.02000615745782852,
  "aece": 0.020006149232682614,
  "raw_cov_99": 0.4913366436958313,
  "sel_acc_99": 1.0,
  "reliable_99": 1.0,
  "cov_99": 0.4913366436958313,
  "class_cov_99": 0.9207920792079208,
  "raw_cov_95": 0.8787128925323486,
  "sel_acc_95": 1.0,
  "reliable_95": 1.0,
  "cov_95": 0.8787128925323486,
  "class_cov_95": 1.0,
  "raw_cov_90": 0.9863861203193665,
  "sel_acc_90": 1.0,
  "reliable_90": 1.0,
  "cov_90": 0.9863861203193665,
  "class_cov_90": 1.0,
  "raw_cov_85": 0.9987623691558838,
  "sel_acc_85": 1.0,
  "reliable_85": 1.0,
  "cov_85": 0.9987623691558838,
  "class_cov_85": 1.0,
  "raw_cov_80": 1.0,
  "sel_acc_80": 1.0,
  "reliable_80": 1.0,
  "cov_80": 1.0,
  "class_cov_80": 1.0
}