{
  "loss": 0.015952151268720627,
  "acc": 1.0,
  "nlpd": 0.015771564096212387,
  "ece": 0.015575051307678223,
  "aece": 0.015575027996950812,
  "raw_cov_99": 0.4009900987148285,
  "sel_acc_99": 1.0,
  "reliable_99": 1.0,
  "cov_99": 0.4009900987148285,
  "class_cov_99": 0.5841584158415841,
  "raw_cov_95": 0.9900990128517151,
  "sel_acc_95": 1.0,
  "reliable_95": 1.0,
  "cov_95": 0.9900990128517151,
  "class_cov_95": 1.0,
  "raw_cov_90": 1.0,
  "sel_acc_90": 1.0,
  "reliable_90": 1.0,
  "cov_90": 1.0,
  "class_cov_90": 1.0,
  "raw_cov_85": 1.0,
  "sel_acc_85": 1.0,
  "reliable_85": 1.0,
  "cov_85": 1.0,
  "class_cov_85": 1.0,
  "raw_cov_80": 1.0,
  "sel_acc_80": 1.0,
  "reliable_80": 1.0,
  "cov_80": 1.0,
  "class_cov_80": 1.0
}