{
  "family": "vlm_adapter",
  "variant": "UATB_MIN",
  "protocol": "id",
  "dataset": "ucf101",
  "seed": 3,
  "model_selection": "last",
  "selection_metric": "acc",
  "selection_mode": "max",
  "best_epoch": 158,
  "best_val_metrics_saved": {
    "loss": 0.4062604827549234,
    "acc": 0.8756585717201233,
    "nlpd": 0.4053161144256592,
    "ece": 0.019845176488161087,
    "aece": 0.018260677351966667,
    "raw_cov_99": 0.453108549118042,
    "sel_acc_99": 0.9976744055747986,
    "reliable_99": 1.0,
    "cov_99": 0.453108549118042,
    "class_cov_99": 0.9306930693069307,
    "raw_cov_95": 0.6427818536758423,
    "sel_acc_95": 0.9868852496147156,
    "reliable_95": 1.0,
    "cov_95": 0.6427818536758423,
    "class_cov_95": 1.0,
    "raw_cov_90": 0.720231831073761,
    "sel_acc_90": 0.9765910506248474,
    "reliable_90": 1.0,
    "cov_90": 0.720231831073761,
    "class_cov_90": 1.0,
    "raw_cov_85": 0.7697576284408569,
    "sel_acc_85": 0.9691991806030273,
    "reliable_85": 1.0,
    "cov_85": 0.7697576284408569,
    "class_cov_85": 1.0,
    "raw_cov_80": 0.8055848479270935,
    "sel_acc_80": 0.9614126682281494,
    "reliable_80": 1.0,
    "cov_80": 0.8055848479270935,
    "class_cov_80": 1.0
  },
  "last_epoch": 300,
  "last_val_metrics_saved": {
    "loss": 0.40213199755916856,
    "acc": 0.8751317262649536,
    "nlpd": 0.40120744705200195,
    "ece": 0.021909620612859726,
    "aece": 0.020568276889959804,
    "raw_cov_99": 0.4615384638309479,
    "sel_acc_99": 0.9977169036865234,
    "reliable_99": 1.0,
    "cov_99": 0.4615384638309479,
    "class_cov_99": 0.9405940594059405,
    "raw_cov_95": 0.6485774517059326,
    "sel_acc_95": 0.9861900806427002,
    "reliable_95": 1.0,
    "cov_95": 0.6485774517059326,
    "class_cov_95": 1.0,
    "raw_cov_90": 0.7228661775588989,
    "sel_acc_90": 0.9766764044761658,
    "reliable_90": 1.0,
    "cov_90": 0.7228661775588989,
    "class_cov_90": 1.0,
    "raw_cov_85": 0.7755532264709473,
    "sel_acc_85": 0.9694293737411499,
    "reliable_85": 1.0,
    "cov_85": 0.7755532264709473,
    "class_cov_85": 1.0,
    "raw_cov_80": 0.8087460398674011,
    "sel_acc_80": 0.9615635275840759,
    "reliable_80": 1.0,
    "cov_80": 0.8087460398674011,
    "class_cov_80": 1.0
  },
  "run_dir": "/root/autodl-tmp/BayesVLM/output/ablate_uatb_full/id/ucf101/UATB_MIN/BAYESADAPTER/logit_scale_frozen/sigpar_0.005/sigperp_0.02/lu0_0/shot_16/seed_3",
  "elapsed_seconds": 50.41,
  "artifacts": {
    "log_file": "train/train.log",
    "config_file": "config/config.json",
    "class_names_file": "config/class_names.json",
    "metrics_csv_file": "train/metrics_history.csv",
    "best_ckpt_file": "checkpoints/best_adapter.pt",
    "last_ckpt_file": "checkpoints/last_adapter.pt"
  }
}