{
  "family": "vlm_adapter",
  "variant": "UATB_MIN",
  "protocol": "id",
  "dataset": "ucf101",
  "seed": 1,
  "model_selection": "last",
  "selection_metric": "acc",
  "selection_mode": "max",
  "best_epoch": 279,
  "best_val_metrics_saved": {
    "loss": 0.8269477522410884,
    "acc": 0.7660695314407349,
    "nlpd": 0.8252840638160706,
    "ece": 0.038442980498075485,
    "aece": 0.04092355224807346,
    "raw_cov_99": 0.27133825421333313,
    "sel_acc_99": 1.0,
    "reliable_99": 1.0,
    "cov_99": 0.27133825421333313,
    "class_cov_99": 0.7227722772277227,
    "raw_cov_95": 0.42623814940452576,
    "sel_acc_95": 0.988875150680542,
    "reliable_95": 1.0,
    "cov_95": 0.42623814940452576,
    "class_cov_95": 0.9306930693069307,
    "raw_cov_90": 0.5158061385154724,
    "sel_acc_90": 0.9734423160552979,
    "reliable_90": 1.0,
    "cov_90": 0.5158061385154724,
    "class_cov_90": 0.9603960396039604,
    "raw_cov_85": 0.5795574188232422,
    "sel_acc_85": 0.9554545283317566,
    "reliable_85": 1.0,
    "cov_85": 0.5795574188232422,
    "class_cov_85": 1.0,
    "raw_cov_80": 0.6311907172203064,
    "sel_acc_80": 0.9365609288215637,
    "reliable_80": 1.0,
    "cov_80": 0.6311907172203064,
    "class_cov_80": 1.0
  },
  "last_epoch": 300,
  "last_val_metrics_saved": {
    "loss": 0.8286117665760133,
    "acc": 0.7623814344406128,
    "nlpd": 0.8270492553710938,
    "ece": 0.0420658215880394,
    "aece": 0.04354329195238642,
    "raw_cov_99": 0.27133825421333313,
    "sel_acc_99": 1.0,
    "reliable_99": 1.0,
    "cov_99": 0.27133825421333313,
    "class_cov_99": 0.7326732673267327,
    "raw_cov_95": 0.4272918999195099,
    "sel_acc_95": 0.9901356101036072,
    "reliable_95": 1.0,
    "cov_95": 0.4272918999195099,
    "class_cov_95": 0.9306930693069307,
    "raw_cov_90": 0.5136986374855042,
    "sel_acc_90": 0.9733333587646484,
    "reliable_90": 1.0,
    "cov_90": 0.5136986374855042,
    "class_cov_90": 0.9504950495049505,
    "raw_cov_85": 0.5779768228530884,
    "sel_acc_85": 0.9562442898750305,
    "reliable_85": 1.0,
    "cov_85": 0.5779768228530884,
    "class_cov_85": 1.0,
    "raw_cov_80": 0.6285563707351685,
    "sel_acc_80": 0.937133252620697,
    "reliable_80": 1.0,
    "cov_80": 0.6285563707351685,
    "class_cov_80": 1.0
  },
  "run_dir": "/root/autodl-tmp/BayesVLM/output/ablate_uatb_full/id/ucf101/UATB_MIN/BAYESADAPTER/logit_scale_frozen/sigpar_0.005/sigperp_0.02/lu0_0.01/shot_2/seed_1",
  "elapsed_seconds": 28.4,
  "artifacts": {
    "log_file": "train/train.log",
    "config_file": "config/config.json",
    "class_names_file": "config/class_names.json",
    "metrics_csv_file": "train/metrics_history.csv",
    "best_ckpt_file": "checkpoints/best_adapter.pt",
    "last_ckpt_file": "checkpoints/last_adapter.pt"
  }
}