{
  "family": "vlm_adapter",
  "variant": "UATB_MIN",
  "protocol": "id",
  "dataset": "ucf101",
  "seed": 1,
  "model_selection": "last",
  "selection_metric": "acc",
  "selection_mode": "max",
  "best_epoch": 228,
  "best_val_metrics_saved": {
    "loss": 0.5378234947946224,
    "acc": 0.8535300493240356,
    "nlpd": 0.5366494059562683,
    "ece": 0.026719892397522926,
    "aece": 0.023010488838993717,
    "raw_cov_99": 0.3993677496910095,
    "sel_acc_99": 0.9947229623794556,
    "reliable_99": 1.0,
    "cov_99": 0.3993677496910095,
    "class_cov_99": 0.8910891089108911,
    "raw_cov_95": 0.5653319358825684,
    "sel_acc_95": 0.981360673904419,
    "reliable_95": 1.0,
    "cov_95": 0.5653319358825684,
    "class_cov_95": 0.9801980198019802,
    "raw_cov_90": 0.6533192992210388,
    "sel_acc_90": 0.9717742204666138,
    "reliable_90": 1.0,
    "cov_90": 0.6533192992210388,
    "class_cov_90": 1.0,
    "raw_cov_85": 0.6981032490730286,
    "sel_acc_85": 0.9577358365058899,
    "reliable_85": 1.0,
    "cov_85": 0.6981032490730286,
    "class_cov_85": 1.0,
    "raw_cov_80": 0.7471022009849548,
    "sel_acc_80": 0.9464033842086792,
    "reliable_80": 1.0,
    "cov_80": 0.7471022009849548,
    "class_cov_80": 1.0
  },
  "last_epoch": 300,
  "last_val_metrics_saved": {
    "loss": 0.5366778302117319,
    "acc": 0.8524762988090515,
    "nlpd": 0.5354717373847961,
    "ece": 0.02364981546998024,
    "aece": 0.025031784971345717,
    "raw_cov_99": 0.3993677496910095,
    "sel_acc_99": 0.9947229623794556,
    "reliable_99": 1.0,
    "cov_99": 0.3993677496910095,
    "class_cov_99": 0.8910891089108911,
    "raw_cov_95": 0.568493127822876,
    "sel_acc_95": 0.9814643263816833,
    "reliable_95": 1.0,
    "cov_95": 0.568493127822876,
    "class_cov_95": 0.9801980198019802,
    "raw_cov_90": 0.6538461446762085,
    "sel_acc_90": 0.9717969298362732,
    "reliable_90": 1.0,
    "cov_90": 0.6538461446762085,
    "class_cov_90": 1.0,
    "raw_cov_85": 0.6996839046478271,
    "sel_acc_85": 0.9578313231468201,
    "reliable_85": 1.0,
    "cov_85": 0.6996839046478271,
    "class_cov_85": 1.0,
    "raw_cov_80": 0.7513172030448914,
    "sel_acc_80": 0.9453015327453613,
    "reliable_80": 1.0,
    "cov_80": 0.7513172030448914,
    "class_cov_80": 1.0
  },
  "run_dir": "/root/autodl-tmp/BayesVLM/output/ablate_uatb_aniso_only/id/ucf101/UATB_MIN/BAYESADAPTER/logit_scale_frozen/sigpar_0.005/sigperp_0.02/lu0_0/shot_8/seed_1",
  "elapsed_seconds": 34.87,
  "artifacts": {
    "log_file": "train/train.log",
    "config_file": "config/config.json",
    "class_names_file": "config/class_names.json",
    "metrics_csv_file": "train/metrics_history.csv",
    "best_ckpt_file": "checkpoints/best_adapter.pt",
    "last_ckpt_file": "checkpoints/last_adapter.pt"
  }
}