{
  "family": "vlm_adapter",
  "variant": "BAYESADAPTER",
  "protocol": "id",
  "dataset": "ucf101",
  "seed": 2,
  "model_selection": "last",
  "selection_metric": "acc",
  "selection_mode": "max",
  "best_epoch": 178,
  "best_val_metrics_saved": {
    "loss": 0.5807099558405178,
    "acc": 0.8487882018089294,
    "nlpd": 0.579450786113739,
    "ece": 0.024944981560111046,
    "aece": 0.018930586202127037,
    "raw_cov_99": 0.3835616409778595,
    "sel_acc_99": 0.9890109896659851,
    "reliable_99": 0.0,
    "cov_99": 0.0,
    "class_cov_99": 0.0,
    "raw_cov_95": 0.5611169934272766,
    "sel_acc_95": 0.9812206625938416,
    "reliable_95": 1.0,
    "cov_95": 0.5611169934272766,
    "class_cov_95": 0.9603960396039604,
    "raw_cov_90": 0.6375131607055664,
    "sel_acc_90": 0.9719008207321167,
    "reliable_90": 1.0,
    "cov_90": 0.6375131607055664,
    "class_cov_90": 0.9900990099009901,
    "raw_cov_85": 0.6944151520729065,
    "sel_acc_85": 0.962063729763031,
    "reliable_85": 1.0,
    "cov_85": 0.6944151520729065,
    "class_cov_85": 0.9900990099009901,
    "raw_cov_80": 0.7360379099845886,
    "sel_acc_80": 0.9506084322929382,
    "reliable_80": 1.0,
    "cov_80": 0.7360379099845886,
    "class_cov_80": 1.0
  },
  "last_epoch": 300,
  "last_val_metrics_saved": {
    "loss": 0.5795976134572567,
    "acc": 0.8466807007789612,
    "nlpd": 0.5783836245536804,
    "ece": 0.02324073389172554,
    "aece": 0.018073394910301875,
    "raw_cov_99": 0.3888303339481354,
    "sel_acc_99": 0.989159882068634,
    "reliable_99": 0.0,
    "cov_99": 0.0,
    "class_cov_99": 0.0,
    "raw_cov_95": 0.562170684337616,
    "sel_acc_95": 0.9803186655044556,
    "reliable_95": 1.0,
    "cov_95": 0.562170684337616,
    "class_cov_95": 0.9603960396039604,
    "raw_cov_90": 0.6396206617355347,
    "sel_acc_90": 0.9719933867454529,
    "reliable_90": 1.0,
    "cov_90": 0.6396206617355347,
    "class_cov_90": 0.9900990099009901,
    "raw_cov_85": 0.6970494985580444,
    "sel_acc_85": 0.9606953859329224,
    "reliable_85": 1.0,
    "cov_85": 0.6970494985580444,
    "class_cov_85": 0.9900990099009901,
    "raw_cov_80": 0.7365648150444031,
    "sel_acc_80": 0.95064377784729,
    "reliable_80": 1.0,
    "cov_80": 0.7365648150444031,
    "class_cov_80": 1.0
  },
  "run_dir": "/root/autodl-tmp/BayesVLM/output/vlm_adapter/id/ucf101/BAYESADAPTER/BAYESADAPTER/logit_scale_frozen/prior_text_only__seed_2__last/shot_8/seed_2",
  "elapsed_seconds": 30.17,
  "artifacts": {
    "log_file": "train/train.log",
    "config_file": "config/config.json",
    "class_names_file": "config/class_names.json",
    "metrics_csv_file": "train/metrics_history.csv",
    "best_ckpt_file": "checkpoints/best_adapter.pt",
    "last_ckpt_file": "checkpoints/last_adapter.pt"
  }
}