{
  "loss": 0.01587620936334133,
  "acc": 1.0,
  "nlpd": 0.01568170264363289,
  "ece": 0.015471935272216797,
  "aece": 0.015471978647874135,
  "raw_cov_99": 0.4183168411254883,
  "sel_acc_99": 1.0,
  "reliable_99": 1.0,
  "cov_99": 0.4183168411254883,
  "class_cov_99": 0.7623762376237624,
  "raw_cov_95": 0.9851484894752502,
  "sel_acc_95": 1.0,
  "reliable_95": 1.0,
  "cov_95": 0.9851484894752502,
  "class_cov_95": 1.0,
  "raw_cov_90": 1.0,
  "sel_acc_90": 1.0,
  "reliable_90": 1.0,
  "cov_90": 1.0,
  "class_cov_90": 1.0,
  "raw_cov_85": 1.0,
  "sel_acc_85": 1.0,
  "reliable_85": 1.0,
  "cov_85": 1.0,
  "class_cov_85": 1.0,
  "raw_cov_80": 1.0,
  "sel_acc_80": 1.0,
  "reliable_80": 1.0,
  "cov_80": 1.0,
  "class_cov_80": 1.0
}