{
  "loss": 0.006868308875709772,
  "acc": 1.0,
  "nlpd": 0.006791878957301378,
  "ece": 0.006761133670806885,
  "aece": 0.00676114547370684,
  "raw_cov_99": 0.8217821717262268,
  "sel_acc_99": 1.0,
  "reliable_99": 1.0,
  "cov_99": 0.8217821717262268,
  "class_cov_99": 0.8217821782178217,
  "raw_cov_95": 1.0,
  "sel_acc_95": 1.0,
  "reliable_95": 1.0,
  "cov_95": 1.0,
  "class_cov_95": 1.0,
  "raw_cov_90": 1.0,
  "sel_acc_90": 1.0,
  "reliable_90": 1.0,
  "cov_90": 1.0,
  "class_cov_90": 1.0,
  "raw_cov_85": 1.0,
  "sel_acc_85": 1.0,
  "reliable_85": 1.0,
  "cov_85": 1.0,
  "class_cov_85": 1.0,
  "raw_cov_80": 1.0,
  "sel_acc_80": 1.0,
  "reliable_80": 1.0,
  "cov_80": 1.0,
  "class_cov_80": 1.0
}