threshold,selected_count,raw_coverage,selected_accuracy,reliable,coverage,covered_classes,classwise_coverage
0.99,84,0.8316831588745117,1.0,True,0.8316831588745117,84,0.8316831683168316
0.95,101,1.0,1.0,True,1.0,101,1.0
0.9,101,1.0,1.0,True,1.0,101,1.0
0.85,101,1.0,1.0,True,1.0,101,1.0
0.8,101,1.0,1.0,True,1.0,101,1.0
