{
  "family": "vlm_adapter",
  "variant": "UATB_MIN",
  "protocol": "id",
  "dataset": "ucf101",
  "seed": 2,
  "evaluation_tasks": [
    "classification"
  ],
  "model_selection": "last",
  "selected_checkpoint": "last",
  "selected_epoch": 300,
  "selected_val_metrics": {
    "loss": 1.0535046638502839,
    "acc": 0.7276080250740051,
    "nlpd": 1.0518946647644043,
    "ece": 0.06882551312446594,
    "aece": 0.06688253897133316,
    "raw_cov_99": 0.24973656237125397,
    "sel_acc_99": 0.9873417615890503,
    "reliable_99": 0.0,
    "cov_99": 0.0,
    "class_cov_99": 0.0,
    "raw_cov_95": 0.40885141491889954,
    "sel_acc_95": 0.9639175534248352,
    "reliable_95": 1.0,
    "cov_95": 0.40885141491889954,
    "class_cov_95": 0.8514851485148515,
    "raw_cov_90": 0.49578502774238586,
    "sel_acc_90": 0.9447396397590637,
    "reliable_90": 1.0,
    "cov_90": 0.49578502774238586,
    "class_cov_90": 0.9504950495049505,
    "raw_cov_85": 0.5600632429122925,
    "sel_acc_85": 0.9238005876541138,
    "reliable_85": 1.0,
    "cov_85": 0.5600632429122925,
    "class_cov_85": 0.9801980198019802,
    "raw_cov_80": 0.6169652342796326,
    "sel_acc_80": 0.9043552279472351,
    "reliable_80": 1.0,
    "cov_80": 0.6169652342796326,
    "class_cov_80": 1.0
  },
  "classification": {
    "train": {
      "split_name": "train",
      "metrics": {
        "loss": 0.007795294281095266,
        "acc": 1.0,
        "nlpd": 0.0077027021907269955,
        "ece": 0.007649064064025879,
        "aece": 0.007649009180541086,
        "raw_cov_99": 0.8118811845779419,
        "sel_acc_99": 1.0,
        "reliable_99": 1.0,
        "cov_99": 0.8118811845779419,
        "class_cov_99": 0.8118811881188119,
        "raw_cov_95": 1.0,
        "sel_acc_95": 1.0,
        "reliable_95": 1.0,
        "cov_95": 1.0,
        "class_cov_95": 1.0,
        "raw_cov_90": 1.0,
        "sel_acc_90": 1.0,
        "reliable_90": 1.0,
        "cov_90": 1.0,
        "class_cov_90": 1.0,
        "raw_cov_85": 1.0,
        "sel_acc_85": 1.0,
        "reliable_85": 1.0,
        "cov_85": 1.0,
        "class_cov_85": 1.0,
        "raw_cov_80": 1.0,
        "sel_acc_80": 1.0,
        "reliable_80": 1.0,
        "cov_80": 1.0,
        "class_cov_80": 1.0
      },
      "output_dir": "/root/autodl-tmp/BayesVLM/output/ablate_uatb_unc_only/id/ucf101/UATB_MIN/BAYESADAPTER/logit_scale_frozen/sigpar_0.01/sigperp_0.01/lu0_0.01/shot_1/seed_2/eval/id/train",
      "metrics_path": "/root/autodl-tmp/BayesVLM/output/ablate_uatb_unc_only/id/ucf101/UATB_MIN/BAYESADAPTER/logit_scale_frozen/sigpar_0.01/sigperp_0.01/lu0_0.01/shot_1/seed_2/eval/id/train/metrics.json",
      "predictions_pt": "/root/autodl-tmp/BayesVLM/output/ablate_uatb_unc_only/id/ucf101/UATB_MIN/BAYESADAPTER/logit_scale_frozen/sigpar_0.01/sigperp_0.01/lu0_0.01/shot_1/seed_2/eval/id/train/predictions.pt",
      "predictions_jsonl": "/root/autodl-tmp/BayesVLM/output/ablate_uatb_unc_only/id/ucf101/UATB_MIN/BAYESADAPTER/logit_scale_frozen/sigpar_0.01/sigperp_0.01/lu0_0.01/shot_1/seed_2/eval/id/train/predictions.jsonl",
      "bins_path": "/root/autodl-tmp/BayesVLM/output/ablate_uatb_unc_only/id/ucf101/UATB_MIN/BAYESADAPTER/logit_scale_frozen/sigpar_0.01/sigperp_0.01/lu0_0.01/shot_1/seed_2/eval/id/train/calibration_bins.csv",
      "adaptive_bins_path": "/root/autodl-tmp/BayesVLM/output/ablate_uatb_unc_only/id/ucf101/UATB_MIN/BAYESADAPTER/logit_scale_frozen/sigpar_0.01/sigperp_0.01/lu0_0.01/shot_1/seed_2/eval/id/train/adaptive_calibration_bins.csv",
      "selective_metrics_path": "/root/autodl-tmp/BayesVLM/output/ablate_uatb_unc_only/id/ucf101/UATB_MIN/BAYESADAPTER/logit_scale_frozen/sigpar_0.01/sigperp_0.01/lu0_0.01/shot_1/seed_2/eval/id/train/selective_metrics.csv"
    },
    "val": {
      "split_name": "val",
      "metrics": {
        "loss": 1.056215617377841,
        "acc": 0.7255005240440369,
        "nlpd": 1.0545439720153809,
        "ece": 0.07040365785360336,
        "aece": 0.06892265848917505,
        "raw_cov_99": 0.25289779901504517,
        "sel_acc_99": 0.987500011920929,
        "reliable_99": 0.0,
        "cov_99": 0.0,
        "class_cov_99": 0.0,
        "raw_cov_95": 0.4109589159488678,
        "sel_acc_95": 0.964102566242218,
        "reliable_95": 1.0,
        "cov_95": 0.4109589159488678,
        "class_cov_95": 0.8514851485148515,
        "raw_cov_90": 0.4984193742275238,
        "sel_acc_90": 0.94291752576828,
        "reliable_90": 1.0,
        "cov_90": 0.4984193742275238,
        "class_cov_90": 0.9504950495049505,
        "raw_cov_85": 0.559536337852478,
        "sel_acc_85": 0.9227871894836426,
        "reliable_85": 1.0,
        "cov_85": 0.559536337852478,
        "class_cov_85": 0.9801980198019802,
        "raw_cov_80": 0.6164383292198181,
        "sel_acc_80": 0.904273509979248,
        "reliable_80": 1.0,
        "cov_80": 0.6164383292198181,
        "class_cov_80": 1.0
      },
      "output_dir": "/root/autodl-tmp/BayesVLM/output/ablate_uatb_unc_only/id/ucf101/UATB_MIN/BAYESADAPTER/logit_scale_frozen/sigpar_0.01/sigperp_0.01/lu0_0.01/shot_1/seed_2/eval/id/val",
      "metrics_path": "/root/autodl-tmp/BayesVLM/output/ablate_uatb_unc_only/id/ucf101/UATB_MIN/BAYESADAPTER/logit_scale_frozen/sigpar_0.01/sigperp_0.01/lu0_0.01/shot_1/seed_2/eval/id/val/metrics.json",
      "predictions_pt": "/root/autodl-tmp/BayesVLM/output/ablate_uatb_unc_only/id/ucf101/UATB_MIN/BAYESADAPTER/logit_scale_frozen/sigpar_0.01/sigperp_0.01/lu0_0.01/shot_1/seed_2/eval/id/val/predictions.pt",
      "predictions_jsonl": "/root/autodl-tmp/BayesVLM/output/ablate_uatb_unc_only/id/ucf101/UATB_MIN/BAYESADAPTER/logit_scale_frozen/sigpar_0.01/sigperp_0.01/lu0_0.01/shot_1/seed_2/eval/id/val/predictions.jsonl",
      "bins_path": "/root/autodl-tmp/BayesVLM/output/ablate_uatb_unc_only/id/ucf101/UATB_MIN/BAYESADAPTER/logit_scale_frozen/sigpar_0.01/sigperp_0.01/lu0_0.01/shot_1/seed_2/eval/id/val/calibration_bins.csv",
      "adaptive_bins_path": "/root/autodl-tmp/BayesVLM/output/ablate_uatb_unc_only/id/ucf101/UATB_MIN/BAYESADAPTER/logit_scale_frozen/sigpar_0.01/sigperp_0.01/lu0_0.01/shot_1/seed_2/eval/id/val/adaptive_calibration_bins.csv",
      "selective_metrics_path": "/root/autodl-tmp/BayesVLM/output/ablate_uatb_unc_only/id/ucf101/UATB_MIN/BAYESADAPTER/logit_scale_frozen/sigpar_0.01/sigperp_0.01/lu0_0.01/shot_1/seed_2/eval/id/val/selective_metrics.csv"
    },
    "test": {
      "split_name": "test",
      "metrics": {
        "loss": 1.0772510868766274,
        "acc": 0.7018239498138428,
        "nlpd": 1.0755444765090942,
        "ece": 0.07745219022035599,
        "aece": 0.07756269962469987,
        "raw_cov_99": 0.2482157051563263,
        "sel_acc_99": 0.99148029088974,
        "reliable_99": 1.0,
        "cov_99": 0.2482157051563263,
        "class_cov_99": 0.6732673267326733,
        "raw_cov_95": 0.40893471240997314,
        "sel_acc_95": 0.9605688452720642,
        "reliable_95": 1.0,
        "cov_95": 0.40893471240997314,
        "class_cov_95": 0.9207920792079208,
        "raw_cov_90": 0.4845360815525055,
        "sel_acc_90": 0.936170220375061,
        "reliable_90": 1.0,
        "cov_90": 0.4845360815525055,
        "class_cov_90": 0.9900990099009901,
        "raw_cov_85": 0.5366111397743225,
        "sel_acc_85": 0.9206896424293518,
        "reliable_85": 1.0,
        "cov_85": 0.5366111397743225,
        "class_cov_85": 1.0,
        "raw_cov_80": 0.5833994150161743,
        "sel_acc_80": 0.8998640775680542,
        "reliable_80": 1.0,
        "cov_80": 0.5833994150161743,
        "class_cov_80": 1.0
      },
      "output_dir": "/root/autodl-tmp/BayesVLM/output/ablate_uatb_unc_only/id/ucf101/UATB_MIN/BAYESADAPTER/logit_scale_frozen/sigpar_0.01/sigperp_0.01/lu0_0.01/shot_1/seed_2/eval/id/test",
      "metrics_path": "/root/autodl-tmp/BayesVLM/output/ablate_uatb_unc_only/id/ucf101/UATB_MIN/BAYESADAPTER/logit_scale_frozen/sigpar_0.01/sigperp_0.01/lu0_0.01/shot_1/seed_2/eval/id/test/metrics.json",