{
  "family": "vlm_adapter",
  "variant": "BAYESADAPTER",
  "protocol": "id",
  "dataset": "ucf101",
  "seed": 1,
  "model_selection": "last",
  "selection_metric": "acc",
  "selection_mode": "max",
  "best_epoch": 68,
  "best_val_metrics_saved": {
    "loss": 0.8544302913738127,
    "acc": 0.7639620900154114,
    "nlpd": 0.8526659607887268,
    "ece": 0.04107179120182991,
    "aece": 0.03618306912348318,
    "raw_cov_99": 0.25816649198532104,
    "sel_acc_99": 1.0,
    "reliable_99": 1.0,
    "cov_99": 0.25816649198532104,
    "class_cov_99": 0.6633663366336634,
    "raw_cov_95": 0.40990516543388367,
    "sel_acc_95": 0.9845758080482483,
    "reliable_95": 1.0,
    "cov_95": 0.40990516543388367,
    "class_cov_95": 0.9207920792079208,
    "raw_cov_90": 0.5010537505149841,
    "sel_acc_90": 0.9663512110710144,
    "reliable_90": 1.0,
    "cov_90": 0.5010537505149841,
    "class_cov_90": 0.9504950495049505,
    "raw_cov_85": 0.5690200328826904,
    "sel_acc_85": 0.9537037014961243,
    "reliable_85": 1.0,
    "cov_85": 0.5690200328826904,
    "class_cov_85": 0.9900990099009901,
    "raw_cov_80": 0.6253951787948608,
    "sel_acc_80": 0.930918276309967,
    "reliable_80": 1.0,
    "cov_80": 0.6253951787948608,
    "class_cov_80": 1.0
  },
  "last_epoch": 300,
  "last_val_metrics_saved": {
    "loss": 0.8415277259241793,
    "acc": 0.7623814344406128,
    "nlpd": 0.8398823142051697,
    "ece": 0.04596452787518501,
    "aece": 0.04694528180568059,
    "raw_cov_99": 0.27766069769859314,
    "sel_acc_99": 1.0,
    "reliable_99": 1.0,
    "cov_99": 0.27766069769859314,
    "class_cov_99": 0.7425742574257426,
    "raw_cov_95": 0.43308746814727783,
    "sel_acc_95": 0.985401451587677,
    "reliable_95": 1.0,
    "cov_95": 0.43308746814727783,
    "class_cov_95": 0.9405940594059405,
    "raw_cov_90": 0.5226554274559021,
    "sel_acc_90": 0.96875,
    "reliable_90": 1.0,
    "cov_90": 0.5226554274559021,
    "class_cov_90": 0.9603960396039604,
    "raw_cov_85": 0.5837724208831787,
    "sel_acc_85": 0.9530686140060425,
    "reliable_85": 1.0,
    "cov_85": 0.5837724208831787,
    "class_cov_85": 1.0,
    "raw_cov_80": 0.6406744122505188,
    "sel_acc_80": 0.9317434430122375,
    "reliable_80": 1.0,
    "cov_80": 0.6406744122505188,
    "class_cov_80": 1.0
  },
  "run_dir": "/root/autodl-tmp/BayesVLM/output/vlm_adapter/id/ucf101/BAYESADAPTER/BAYESADAPTER/logit_scale_frozen/prior_text_only__seed_1__last/shot_2/seed_1",
  "elapsed_seconds": 23.53,
  "artifacts": {
    "log_file": "train/train.log",
    "config_file": "config/config.json",
    "class_names_file": "config/class_names.json",
    "metrics_csv_file": "train/metrics_history.csv",
    "best_ckpt_file": "checkpoints/best_adapter.pt",
    "last_ckpt_file": "checkpoints/last_adapter.pt"
  }
}