{
  "family": "vlm_adapter",
  "variant": "UATB_MIN",
  "protocol": "id",
  "dataset": "ucf101",
  "seed": 2,
  "model_selection": "last",
  "selection_metric": "acc",
  "selection_mode": "max",
  "best_epoch": 229,
  "best_val_metrics_saved": {
    "loss": 0.89286303130794,
    "acc": 0.7702845335006714,
    "nlpd": 0.8912285566329956,
    "ece": 0.048504624515771866,
    "aece": 0.048396087735420285,
    "raw_cov_99": 0.28556373715400696,
    "sel_acc_99": 0.9889298677444458,
    "reliable_99": 0.0,
    "cov_99": 0.0,
    "class_cov_99": 0.0,
    "raw_cov_95": 0.47681769728660583,
    "sel_acc_95": 0.971270740032196,
    "reliable_95": 1.0,
    "cov_95": 0.47681769728660583,
    "class_cov_95": 0.9207920792079208,
    "raw_cov_90": 0.5479452013969421,
    "sel_acc_90": 0.9596154093742371,
    "reliable_90": 1.0,
    "cov_90": 0.5479452013969421,
    "class_cov_90": 0.9702970297029703,
    "raw_cov_85": 0.6059009432792664,
    "sel_acc_85": 0.9434782862663269,
    "reliable_85": 1.0,
    "cov_85": 0.6059009432792664,
    "class_cov_85": 0.9900990099009901,
    "raw_cov_80": 0.6585879921913147,
    "sel_acc_80": 0.9240000247955322,
    "reliable_80": 1.0,
    "cov_80": 0.6585879921913147,
    "class_cov_80": 0.9900990099009901
  },
  "last_epoch": 300,
  "last_val_metrics_saved": {
    "loss": 0.8912181388213838,
    "acc": 0.7665964365005493,
    "nlpd": 0.8896391987800598,
    "ece": 0.05237594619393349,
    "aece": 0.05233679204645347,
    "raw_cov_99": 0.28714436292648315,
    "sel_acc_99": 0.988990843296051,
    "reliable_99": 0.0,
    "cov_99": 0.0,
    "class_cov_99": 0.0,
    "raw_cov_95": 0.4773445725440979,
    "sel_acc_95": 0.9735099077224731,
    "reliable_95": 1.0,
    "cov_95": 0.4773445725440979,
    "class_cov_95": 0.9207920792079208,
    "raw_cov_90": 0.549525797367096,
    "sel_acc_90": 0.9587727785110474,
    "reliable_90": 1.0,
    "cov_90": 0.549525797367096,
    "class_cov_90": 0.9702970297029703,
    "raw_cov_85": 0.6059009432792664,
    "sel_acc_85": 0.9443477988243103,
    "reliable_85": 1.0,
    "cov_85": 0.6059009432792664,
    "class_cov_85": 0.9900990099009901,
    "raw_cov_80": 0.6596417427062988,
    "sel_acc_80": 0.9233226776123047,
    "reliable_80": 1.0,
    "cov_80": 0.6596417427062988,
    "class_cov_80": 1.0
  },
  "run_dir": "/root/autodl-tmp/BayesVLM/output/ablate_uatb_full/id/ucf101/UATB_MIN/BAYESADAPTER/logit_scale_frozen/sigpar_0.005/sigperp_0.02/lu0_0/shot_2/seed_2",
  "elapsed_seconds": 31.85,
  "artifacts": {
    "log_file": "train/train.log",
    "config_file": "config/config.json",
    "class_names_file": "config/class_names.json",
    "metrics_csv_file": "train/metrics_history.csv",
    "best_ckpt_file": "checkpoints/best_adapter.pt",
    "last_ckpt_file": "checkpoints/last_adapter.pt"
  }
}