{
  "family": "vlm_adapter",
  "variant": "UATB_MIN",
  "protocol": "id",
  "dataset": "ucf101",
  "seed": 1,
  "evaluation_tasks": [
    "classification"
  ],
  "model_selection": "last",
  "selected_checkpoint": "last",
  "selected_epoch": 300,
  "selected_val_metrics": {
    "loss": 0.5328836550953767,
    "acc": 0.8524762988090515,
    "nlpd": 0.5317069292068481,
    "ece": 0.0228533037006855,
    "aece": 0.025041053022549453,
    "raw_cov_99": 0.3993677496910095,
    "sel_acc_99": 0.9947229623794556,
    "reliable_99": 1.0,
    "cov_99": 0.3993677496910095,
    "class_cov_99": 0.8910891089108911,
    "raw_cov_95": 0.5695468783378601,
    "sel_acc_95": 0.9814985990524292,
    "reliable_95": 1.0,
    "cov_95": 0.5695468783378601,
    "class_cov_95": 0.9801980198019802,
    "raw_cov_90": 0.6538461446762085,
    "sel_acc_90": 0.9717969298362732,
    "reliable_90": 1.0,
    "cov_90": 0.6538461446762085,
    "class_cov_90": 1.0,
    "raw_cov_85": 0.6975764036178589,
    "sel_acc_85": 0.9599697589874268,
    "reliable_85": 1.0,
    "cov_85": 0.6975764036178589,
    "class_cov_85": 1.0,
    "raw_cov_80": 0.7497365474700928,
    "sel_acc_80": 0.9465917348861694,
    "reliable_80": 1.0,
    "cov_80": 0.7497365474700928,
    "class_cov_80": 1.0
  },
  "classification": {
    "train": {
      "split_name": "train",
      "metrics": {
        "loss": 0.015365757730485189,
        "acc": 1.0,
        "nlpd": 0.015185974538326263,
        "ece": 0.014939963817596436,
        "aece": 0.014940020987893094,
        "raw_cov_99": 0.5111386179924011,
        "sel_acc_99": 1.0,
        "reliable_99": 1.0,
        "cov_99": 0.5111386179924011,
        "class_cov_99": 0.9108910891089109,
        "raw_cov_95": 0.9628713130950928,
        "sel_acc_95": 1.0,
        "reliable_95": 1.0,
        "cov_95": 0.9628713130950928,
        "class_cov_95": 1.0,
        "raw_cov_90": 1.0,
        "sel_acc_90": 1.0,
        "reliable_90": 1.0,
        "cov_90": 1.0,
        "class_cov_90": 1.0,
        "raw_cov_85": 1.0,
        "sel_acc_85": 1.0,
        "reliable_85": 1.0,
        "cov_85": 1.0,
        "class_cov_85": 1.0,
        "raw_cov_80": 1.0,
        "sel_acc_80": 1.0,
        "reliable_80": 1.0,
        "cov_80": 1.0,
        "class_cov_80": 1.0
      },
      "output_dir": "/root/autodl-tmp/BayesVLM/output/ablate_uatb_full/id/ucf101/UATB_MIN/BAYESADAPTER/logit_scale_frozen/sigpar_0.005/sigperp_0.02/lu0_0.01/shot_8/seed_1/eval/id/train",
      "metrics_path": "/root/autodl-tmp/BayesVLM/output/ablate_uatb_full/id/ucf101/UATB_MIN/BAYESADAPTER/logit_scale_frozen/sigpar_0.005/sigperp_0.02/lu0_0.01/shot_8/seed_1/eval/id/train/metrics.json",
      "predictions_pt": "/root/autodl-tmp/BayesVLM/output/ablate_uatb_full/id/ucf101/UATB_MIN/BAYESADAPTER/logit_scale_frozen/sigpar_0.005/sigperp_0.02/lu0_0.01/shot_8/seed_1/eval/id/train/predictions.pt",
      "predictions_jsonl": "/root/autodl-tmp/BayesVLM/output/ablate_uatb_full/id/ucf101/UATB_MIN/BAYESADAPTER/logit_scale_frozen/sigpar_0.005/sigperp_0.02/lu0_0.01/shot_8/seed_1/eval/id/train/predictions.jsonl",
      "bins_path": "/root/autodl-tmp/BayesVLM/output/ablate_uatb_full/id/ucf101/UATB_MIN/BAYESADAPTER/logit_scale_frozen/sigpar_0.005/sigperp_0.02/lu0_0.01/shot_8/seed_1/eval/id/train/calibration_bins.csv",
      "adaptive_bins_path": "/root/autodl-tmp/BayesVLM/output/ablate_uatb_full/id/ucf101/UATB_MIN/BAYESADAPTER/logit_scale_frozen/sigpar_0.005/sigperp_0.02/lu0_0.01/shot_8/seed_1/eval/id/train/adaptive_calibration_bins.csv",
      "selective_metrics_path": "/root/autodl-tmp/BayesVLM/output/ablate_uatb_full/id/ucf101/UATB_MIN/BAYESADAPTER/logit_scale_frozen/sigpar_0.005/sigperp_0.02/lu0_0.01/shot_8/seed_1/eval/id/train/selective_metrics.csv"
    },
    "val": {
      "split_name": "val",
      "metrics": {
        "loss": 0.5342266923886331,
        "acc": 0.8524762988090515,
        "nlpd": 0.5330333709716797,
        "ece": 0.025258174166083336,
        "aece": 0.0240616213345804,
        "raw_cov_99": 0.40042150020599365,
        "sel_acc_99": 0.9947368502616882,
        "reliable_99": 1.0,
        "cov_99": 0.40042150020599365,
        "class_cov_99": 0.900990099009901,
        "raw_cov_95": 0.5674394369125366,
        "sel_acc_95": 0.9823583960533142,
        "reliable_95": 1.0,
        "cov_95": 0.5674394369125366,
        "class_cov_95": 0.9801980198019802,
        "raw_cov_90": 0.6501580476760864,
        "sel_acc_90": 0.971636950969696,
        "reliable_90": 1.0,
        "cov_90": 0.6501580476760864,
        "class_cov_90": 1.0,
        "raw_cov_85": 0.7007375955581665,
        "sel_acc_85": 0.9571428298950195,
        "reliable_85": 1.0,
        "cov_85": 0.7007375955581665,
        "class_cov_85": 1.0,
        "raw_cov_80": 0.7476291060447693,
        "sel_acc_80": 0.9457364082336426,
        "reliable_80": 1.0,
        "cov_80": 0.7476291060447693,
        "class_cov_80": 1.0
      },
      "output_dir": "/root/autodl-tmp/BayesVLM/output/ablate_uatb_full/id/ucf101/UATB_MIN/BAYESADAPTER/logit_scale_frozen/sigpar_0.005/sigperp_0.02/lu0_0.01/shot_8/seed_1/eval/id/val",
      "metrics_path": "/root/autodl-tmp/BayesVLM/output/ablate_uatb_full/id/ucf101/UATB_MIN/BAYESADAPTER/logit_scale_frozen/sigpar_0.005/sigperp_0.02/lu0_0.01/shot_8/seed_1/eval/id/val/metrics.json",
      "predictions_pt": "/root/autodl-tmp/BayesVLM/output/ablate_uatb_full/id/ucf101/UATB_MIN/BAYESADAPTER/logit_scale_frozen/sigpar_0.005/sigperp_0.02/lu0_0.01/shot_8/seed_1/eval/id/val/predictions.pt",
      "predictions_jsonl": "/root/autodl-tmp/BayesVLM/output/ablate_uatb_full/id/ucf101/UATB_MIN/BAYESADAPTER/logit_scale_frozen/sigpar_0.005/sigperp_0.02/lu0_0.01/shot_8/seed_1/eval/id/val/predictions.jsonl",
      "bins_path": "/root/autodl-tmp/BayesVLM/output/ablate_uatb_full/id/ucf101/UATB_MIN/BAYESADAPTER/logit_scale_frozen/sigpar_0.005/sigperp_0.02/lu0_0.01/shot_8/seed_1/eval/id/val/calibration_bins.csv",
      "adaptive_bins_path": "/root/autodl-tmp/BayesVLM/output/ablate_uatb_full/id/ucf101/UATB_MIN/BAYESADAPTER/logit_scale_frozen/sigpar_0.005/sigperp_0.02/lu0_0.01/shot_8/seed_1/eval/id/val/adaptive_calibration_bins.csv",
      "selective_metrics_path": "/root/autodl-tmp/BayesVLM/output/ablate_uatb_full/id/ucf101/UATB_MIN/BAYESADAPTER/logit_scale_frozen/sigpar_0.005/sigperp_0.02/lu0_0.01/shot_8/seed_1/eval/id/val/selective_metrics.csv"
    },
    "test": {
      "split_name": "test",
      "metrics": {
        "loss": 0.7656770331374937,
        "acc": 0.781126081943512,
        "nlpd": 0.7643353939056396,
        "ece": 0.05680902674794197,
        "aece": 0.0570233852230554,
        "raw_cov_99": 0.3629394769668579,
        "sel_acc_99": 0.9949016571044922,
        "reliable_99": 1.0,
        "cov_99": 0.3629394769668579,
        "class_cov_99": 0.8712871287128713,
        "raw_cov_95": 0.5183716416358948,
        "sel_acc_95": 0.9729729890823364,
        "reliable_95": 1.0,
        "cov_95": 0.5183716416358948,
        "class_cov_95": 0.9801980198019802,
        "raw_cov_90": 0.5918583273887634,
        "sel_acc_90": 0.9575703144073486,
        "reliable_90": 1.0,
        "cov_90": 0.5918583273887634,
        "class_cov_90": 0.9900990099009901,
        "raw_cov_85": 0.6441977024078369,
        "sel_acc_85": 0.9380385875701904,
        "reliable_85": 1.0,
        "cov_85": 0.6441977024078369,
        "class_cov_85": 1.0,
        "raw_cov_80": 0.6899286508560181,
        "sel_acc_80": 0.9229885339736938,
        "reliable_80": 1.0,
        "cov_80": 0.6899286508560181,
        "class_cov_80": 1.0
      },
      "output_dir": "/root/autodl-tmp/BayesVLM/output/ablate_uatb_full/id/ucf101/UATB_MIN/BAYESADAPTER/logit_scale_frozen/sigpar_0.005/sigperp_0.02/lu0_0.01/shot_8/seed_1/eval/id/test",
      "metrics_path": "/root/autodl-tmp/BayesVLM/output/ablate_uatb_full/id/ucf101/UATB_MIN/BAYESADAPTER/logit_scale_frozen/sigpar_0.005/sigperp_0.02/lu0_0.01/shot_8/seed_1/eval/id/test/metrics.json",