{
  "family": "vlm_adapter",
  "variant": "UATB_MIN",
  "protocol": "id",
  "dataset": "ucf101",
  "seed": 3,
  "evaluation_tasks": [
    "classification"
  ],
  "model_selection": "last",
  "selected_checkpoint": "last",
  "selected_epoch": 300,
  "selected_val_metrics": {
    "loss": 0.8413690181627665,
    "acc": 0.7639620900154114,
    "nlpd": 0.8397867679595947,
    "ece": 0.04665406048297882,
    "aece": 0.04786857843273432,
    "raw_cov_99": 0.27871444821357727,
    "sel_acc_99": 0.9981096386909485,
    "reliable_99": 1.0,
    "cov_99": 0.27871444821357727,
    "class_cov_99": 0.7227722772277227,
    "raw_cov_95": 0.45574289560317993,
    "sel_acc_95": 0.9791907668113708,
    "reliable_95": 1.0,
    "cov_95": 0.45574289560317993,
    "class_cov_95": 0.8910891089108911,
    "raw_cov_90": 0.5426765084266663,
    "sel_acc_90": 0.9679611921310425,
    "reliable_90": 1.0,
    "cov_90": 0.5426765084266663,
    "class_cov_90": 0.9504950495049505,
    "raw_cov_85": 0.5948366522789001,
    "sel_acc_85": 0.9495128393173218,
    "reliable_85": 1.0,
    "cov_85": 0.5948366522789001,
    "class_cov_85": 0.9801980198019802,
    "raw_cov_80": 0.6422550082206726,
    "sel_acc_80": 0.9302707314491272,
    "reliable_80": 1.0,
    "cov_80": 0.6422550082206726,
    "class_cov_80": 1.0
  },
  "classification": {
    "train": {
      "split_name": "train",
      "metrics": {
        "loss": 0.015119005925953388,
        "acc": 1.0,
        "nlpd": 0.01493963971734047,
        "ece": 0.014756202697753906,
        "aece": 0.014756224533118827,
        "raw_cov_99": 0.4306930601596832,
        "sel_acc_99": 1.0,
        "reliable_99": 1.0,
        "cov_99": 0.4306930601596832,
        "class_cov_99": 0.6138613861386139,
        "raw_cov_95": 0.9851484894752502,
        "sel_acc_95": 1.0,
        "reliable_95": 1.0,
        "cov_95": 0.9851484894752502,
        "class_cov_95": 1.0,
        "raw_cov_90": 1.0,
        "sel_acc_90": 1.0,
        "reliable_90": 1.0,
        "cov_90": 1.0,
        "class_cov_90": 1.0,
        "raw_cov_85": 1.0,
        "sel_acc_85": 1.0,
        "reliable_85": 1.0,
        "cov_85": 1.0,
        "class_cov_85": 1.0,
        "raw_cov_80": 1.0,
        "sel_acc_80": 1.0,
        "reliable_80": 1.0,
        "cov_80": 1.0,
        "class_cov_80": 1.0
      },
      "output_dir": "/root/autodl-tmp/BayesVLM/output/ablate_uatb_unc_only/id/ucf101/UATB_MIN/BAYESADAPTER/logit_scale_frozen/sigpar_0.01/sigperp_0.01/lu0_0.01/shot_2/seed_3/eval/id/train",
      "metrics_path": "/root/autodl-tmp/BayesVLM/output/ablate_uatb_unc_only/id/ucf101/UATB_MIN/BAYESADAPTER/logit_scale_frozen/sigpar_0.01/sigperp_0.01/lu0_0.01/shot_2/seed_3/eval/id/train/metrics.json",
      "predictions_pt": "/root/autodl-tmp/BayesVLM/output/ablate_uatb_unc_only/id/ucf101/UATB_MIN/BAYESADAPTER/logit_scale_frozen/sigpar_0.01/sigperp_0.01/lu0_0.01/shot_2/seed_3/eval/id/train/predictions.pt",
      "predictions_jsonl": "/root/autodl-tmp/BayesVLM/output/ablate_uatb_unc_only/id/ucf101/UATB_MIN/BAYESADAPTER/logit_scale_frozen/sigpar_0.01/sigperp_0.01/lu0_0.01/shot_2/seed_3/eval/id/train/predictions.jsonl",
      "bins_path": "/root/autodl-tmp/BayesVLM/output/ablate_uatb_unc_only/id/ucf101/UATB_MIN/BAYESADAPTER/logit_scale_frozen/sigpar_0.01/sigperp_0.01/lu0_0.01/shot_2/seed_3/eval/id/train/calibration_bins.csv",
      "adaptive_bins_path": "/root/autodl-tmp/BayesVLM/output/ablate_uatb_unc_only/id/ucf101/UATB_MIN/BAYESADAPTER/logit_scale_frozen/sigpar_0.01/sigperp_0.01/lu0_0.01/shot_2/seed_3/eval/id/train/adaptive_calibration_bins.csv",
      "selective_metrics_path": "/root/autodl-tmp/BayesVLM/output/ablate_uatb_unc_only/id/ucf101/UATB_MIN/BAYESADAPTER/logit_scale_frozen/sigpar_0.01/sigperp_0.01/lu0_0.01/shot_2/seed_3/eval/id/train/selective_metrics.csv"
    },
    "val": {
      "split_name": "val",
      "metrics": {
        "loss": 0.8420239144306163,
        "acc": 0.7623814344406128,
        "nlpd": 0.8404636383056641,
        "ece": 0.04856399446725845,
        "aece": 0.04933142046531461,
        "raw_cov_99": 0.27871444821357727,
        "sel_acc_99": 0.9981096386909485,
        "reliable_99": 1.0,
        "cov_99": 0.27871444821357727,
        "class_cov_99": 0.7227722772277227,
        "raw_cov_95": 0.4546891450881958,
        "sel_acc_95": 0.9791425466537476,
        "reliable_95": 1.0,
        "cov_95": 0.4546891450881958,
        "class_cov_95": 0.8811881188118812,
        "raw_cov_90": 0.5421496033668518,
        "sel_acc_90": 0.9659863710403442,
        "reliable_90": 1.0,
        "cov_90": 0.5421496033668518,
        "class_cov_90": 0.9504950495049505,
        "raw_cov_85": 0.5969441533088684,
        "sel_acc_85": 0.948808491230011,
        "reliable_85": 1.0,
        "cov_85": 0.5969441533088684,
        "class_cov_85": 0.9801980198019802,
        "raw_cov_80": 0.6406744122505188,
        "sel_acc_80": 0.9317434430122375,
        "reliable_80": 1.0,
        "cov_80": 0.6406744122505188,
        "class_cov_80": 1.0
      },
      "output_dir": "/root/autodl-tmp/BayesVLM/output/ablate_uatb_unc_only/id/ucf101/UATB_MIN/BAYESADAPTER/logit_scale_frozen/sigpar_0.01/sigperp_0.01/lu0_0.01/shot_2/seed_3/eval/id/val",
      "metrics_path": "/root/autodl-tmp/BayesVLM/output/ablate_uatb_unc_only/id/ucf101/UATB_MIN/BAYESADAPTER/logit_scale_frozen/sigpar_0.01/sigperp_0.01/lu0_0.01/shot_2/seed_3/eval/id/val/metrics.json",
      "predictions_pt": "/root/autodl-tmp/BayesVLM/output/ablate_uatb_unc_only/id/ucf101/UATB_MIN/BAYESADAPTER/logit_scale_frozen/sigpar_0.01/sigperp_0.01/lu0_0.01/shot_2/seed_3/eval/id/val/predictions.pt",
      "predictions_jsonl": "/root/autodl-tmp/BayesVLM/output/ablate_uatb_unc_only/id/ucf101/UATB_MIN/BAYESADAPTER/logit_scale_frozen/sigpar_0.01/sigperp_0.01/lu0_0.01/shot_2/seed_3/eval/id/val/predictions.jsonl",
      "bins_path": "/root/autodl-tmp/BayesVLM/output/ablate_uatb_unc_only/id/ucf101/UATB_MIN/BAYESADAPTER/logit_scale_frozen/sigpar_0.01/sigperp_0.01/lu0_0.01/shot_2/seed_3/eval/id/val/calibration_bins.csv",
      "adaptive_bins_path": "/root/autodl-tmp/BayesVLM/output/ablate_uatb_unc_only/id/ucf101/UATB_MIN/BAYESADAPTER/logit_scale_frozen/sigpar_0.01/sigperp_0.01/lu0_0.01/shot_2/seed_3/eval/id/val/adaptive_calibration_bins.csv",
      "selective_metrics_path": "/root/autodl-tmp/BayesVLM/output/ablate_uatb_unc_only/id/ucf101/UATB_MIN/BAYESADAPTER/logit_scale_frozen/sigpar_0.01/sigperp_0.01/lu0_0.01/shot_2/seed_3/eval/id/val/selective_metrics.csv"
    },
    "test": {
      "split_name": "test",
      "metrics": {
        "loss": 0.9626940923363577,
        "acc": 0.7221781611442566,
        "nlpd": 0.9610188007354736,
        "ece": 0.06811457127332687,
        "aece": 0.06811457203945848,
        "raw_cov_99": 0.26962727308273315,
        "sel_acc_99": 0.9950980544090271,
        "reliable_99": 1.0,
        "cov_99": 0.26962727308273315,
        "class_cov_99": 0.7128712871287128,
        "raw_cov_95": 0.41818663477897644,
        "sel_acc_95": 0.974715530872345,
        "reliable_95": 1.0,
        "cov_95": 0.41818663477897644,
        "class_cov_95": 0.9108910891089109,
        "raw_cov_90": 0.4959027171134949,
        "sel_acc_90": 0.9573560953140259,
        "reliable_90": 1.0,
        "cov_90": 0.4959027171134949,
        "class_cov_90": 0.9801980198019802,
        "raw_cov_85": 0.5564367175102234,
        "sel_acc_85": 0.9410926103591919,
        "reliable_85": 1.0,
        "cov_85": 0.5564367175102234,
        "class_cov_85": 1.0,
        "raw_cov_80": 0.6058683395385742,
        "sel_acc_80": 0.9201570749282837,
        "reliable_80": 1.0,
        "cov_80": 0.6058683395385742,
        "class_cov_80": 1.0
      },
      "output_dir": "/root/autodl-tmp/BayesVLM/output/ablate_uatb_unc_only/id/ucf101/UATB_MIN/BAYESADAPTER/logit_scale_frozen/sigpar_0.01/sigperp_0.01/lu0_0.01/shot_2/seed_3/eval/id/test",