{
  "family": "vlm_adapter",
  "variant": "UATB_MIN",
  "protocol": "id",
  "dataset": "ucf101",
  "seed": 3,
  "evaluation_tasks": [
    "classification"
  ],
  "model_selection": "last",
  "selected_checkpoint": "last",
  "selected_epoch": 300,
  "selected_val_metrics": {
    "loss": 1.0156279552347165,
    "acc": 0.7281348705291748,
    "nlpd": 1.0139236450195312,
    "ece": 0.06002352759242058,
    "aece": 0.060023495752768725,
    "raw_cov_99": 0.23076923191547394,
    "sel_acc_99": 0.9954338073730469,
    "reliable_99": 1.0,
    "cov_99": 0.23076923191547394,
    "class_cov_99": 0.7029702970297029,
    "raw_cov_95": 0.41991570591926575,
    "sel_acc_95": 0.9711417555809021,
    "reliable_95": 1.0,
    "cov_95": 0.41991570591926575,
    "class_cov_95": 0.8514851485148515,
    "raw_cov_90": 0.5,
    "sel_acc_90": 0.9525816440582275,
    "reliable_90": 1.0,
    "cov_90": 0.5,
    "class_cov_90": 0.9405940594059405,
    "raw_cov_85": 0.5516332983970642,
    "sel_acc_85": 0.934097409248352,
    "reliable_85": 1.0,
    "cov_85": 0.5516332983970642,
    "class_cov_85": 0.9801980198019802,
    "raw_cov_80": 0.5995784997940063,
    "sel_acc_80": 0.9121265411376953,
    "reliable_80": 1.0,
    "cov_80": 0.5995784997940063,
    "class_cov_80": 0.9801980198019802
  },
  "classification": {
    "train": {
      "split_name": "train",
      "metrics": {
        "loss": 0.006434020586311817,
        "acc": 1.0,
        "nlpd": 0.006359898950904608,
        "ece": 0.006329357624053955,
        "aece": 0.006329349952168982,
        "raw_cov_99": 0.8811880946159363,
        "sel_acc_99": 1.0,
        "reliable_99": 1.0,
        "cov_99": 0.8811880946159363,
        "class_cov_99": 0.8811881188118812,
        "raw_cov_95": 1.0,
        "sel_acc_95": 1.0,
        "reliable_95": 1.0,
        "cov_95": 1.0,
        "class_cov_95": 1.0,
        "raw_cov_90": 1.0,
        "sel_acc_90": 1.0,
        "reliable_90": 1.0,
        "cov_90": 1.0,
        "class_cov_90": 1.0,
        "raw_cov_85": 1.0,
        "sel_acc_85": 1.0,
        "reliable_85": 1.0,
        "cov_85": 1.0,
        "class_cov_85": 1.0,
        "raw_cov_80": 1.0,
        "sel_acc_80": 1.0,
        "reliable_80": 1.0,
        "cov_80": 1.0,
        "class_cov_80": 1.0
      },
      "output_dir": "/root/autodl-tmp/BayesVLM/output/ablate_uatb_full/id/ucf101/UATB_MIN/BAYESADAPTER/logit_scale_frozen/sigpar_0.005/sigperp_0.02/lu0_0.01/shot_1/seed_3/eval/id/train",
      "metrics_path": "/root/autodl-tmp/BayesVLM/output/ablate_uatb_full/id/ucf101/UATB_MIN/BAYESADAPTER/logit_scale_frozen/sigpar_0.005/sigperp_0.02/lu0_0.01/shot_1/seed_3/eval/id/train/metrics.json",
      "predictions_pt": "/root/autodl-tmp/BayesVLM/output/ablate_uatb_full/id/ucf101/UATB_MIN/BAYESADAPTER/logit_scale_frozen/sigpar_0.005/sigperp_0.02/lu0_0.01/shot_1/seed_3/eval/id/train/predictions.pt",
      "predictions_jsonl": "/root/autodl-tmp/BayesVLM/output/ablate_uatb_full/id/ucf101/UATB_MIN/BAYESADAPTER/logit_scale_frozen/sigpar_0.005/sigperp_0.02/lu0_0.01/shot_1/seed_3/eval/id/train/predictions.jsonl",
      "bins_path": "/root/autodl-tmp/BayesVLM/output/ablate_uatb_full/id/ucf101/UATB_MIN/BAYESADAPTER/logit_scale_frozen/sigpar_0.005/sigperp_0.02/lu0_0.01/shot_1/seed_3/eval/id/train/calibration_bins.csv",
      "adaptive_bins_path": "/root/autodl-tmp/BayesVLM/output/ablate_uatb_full/id/ucf101/UATB_MIN/BAYESADAPTER/logit_scale_frozen/sigpar_0.005/sigperp_0.02/lu0_0.01/shot_1/seed_3/eval/id/train/adaptive_calibration_bins.csv",
      "selective_metrics_path": "/root/autodl-tmp/BayesVLM/output/ablate_uatb_full/id/ucf101/UATB_MIN/BAYESADAPTER/logit_scale_frozen/sigpar_0.005/sigperp_0.02/lu0_0.01/shot_1/seed_3/eval/id/train/selective_metrics.csv"
    },
    "val": {
      "split_name": "val",
      "metrics": {
        "loss": 1.0161832427827777,
        "acc": 0.7249736785888672,
        "nlpd": 1.0145131349563599,
        "ece": 0.06327290087938309,
        "aece": 0.06327291539584623,
        "raw_cov_99": 0.23182296752929688,
        "sel_acc_99": 0.9954545497894287,
        "reliable_99": 1.0,
        "cov_99": 0.23182296752929688,
        "class_cov_99": 0.7029702970297029,
        "raw_cov_95": 0.4188619554042816,
        "sel_acc_95": 0.9698113203048706,
        "reliable_95": 1.0,
        "cov_95": 0.4188619554042816,
        "class_cov_95": 0.8514851485148515,
        "raw_cov_90": 0.5015805959701538,
        "sel_acc_90": 0.9527310729026794,
        "reliable_90": 1.0,
        "cov_90": 0.5015805959701538,
        "class_cov_90": 0.9405940594059405,
        "raw_cov_85": 0.5511064529418945,
        "sel_acc_85": 0.9340344071388245,
        "reliable_85": 1.0,
        "cov_85": 0.5511064529418945,
        "class_cov_85": 0.9801980198019802,
        "raw_cov_80": 0.6006322503089905,
        "sel_acc_80": 0.9140350818634033,
        "reliable_80": 1.0,
        "cov_80": 0.6006322503089905,
        "class_cov_80": 0.9801980198019802
      },
      "output_dir": "/root/autodl-tmp/BayesVLM/output/ablate_uatb_full/id/ucf101/UATB_MIN/BAYESADAPTER/logit_scale_frozen/sigpar_0.005/sigperp_0.02/lu0_0.01/shot_1/seed_3/eval/id/val",
      "metrics_path": "/root/autodl-tmp/BayesVLM/output/ablate_uatb_full/id/ucf101/UATB_MIN/BAYESADAPTER/logit_scale_frozen/sigpar_0.005/sigperp_0.02/lu0_0.01/shot_1/seed_3/eval/id/val/metrics.json",
      "predictions_pt": "/root/autodl-tmp/BayesVLM/output/ablate_uatb_full/id/ucf101/UATB_MIN/BAYESADAPTER/logit_scale_frozen/sigpar_0.005/sigperp_0.02/lu0_0.01/shot_1/seed_3/eval/id/val/predictions.pt",
      "predictions_jsonl": "/root/autodl-tmp/BayesVLM/output/ablate_uatb_full/id/ucf101/UATB_MIN/BAYESADAPTER/logit_scale_frozen/sigpar_0.005/sigperp_0.02/lu0_0.01/shot_1/seed_3/eval/id/val/predictions.jsonl",
      "bins_path": "/root/autodl-tmp/BayesVLM/output/ablate_uatb_full/id/ucf101/UATB_MIN/BAYESADAPTER/logit_scale_frozen/sigpar_0.005/sigperp_0.02/lu0_0.01/shot_1/seed_3/eval/id/val/calibration_bins.csv",
      "adaptive_bins_path": "/root/autodl-tmp/BayesVLM/output/ablate_uatb_full/id/ucf101/UATB_MIN/BAYESADAPTER/logit_scale_frozen/sigpar_0.005/sigperp_0.02/lu0_0.01/shot_1/seed_3/eval/id/val/adaptive_calibration_bins.csv",
      "selective_metrics_path": "/root/autodl-tmp/BayesVLM/output/ablate_uatb_full/id/ucf101/UATB_MIN/BAYESADAPTER/logit_scale_frozen/sigpar_0.005/sigperp_0.02/lu0_0.01/shot_1/seed_3/eval/id/val/selective_metrics.csv"
    },
    "test": {
      "split_name": "test",
      "metrics": {
        "loss": 1.0854489280847908,
        "acc": 0.7094898223876953,
        "nlpd": 1.0837159156799316,
        "ece": 0.06909696757793427,
        "aece": 0.06925239115598937,
        "raw_cov_99": 0.228390172123909,
        "sel_acc_99": 0.9907407164573669,
        "reliable_99": 1.0,
        "cov_99": 0.228390172123909,
        "class_cov_99": 0.6831683168316832,
        "raw_cov_95": 0.3920169174671173,
        "sel_acc_95": 0.9635873436927795,
        "reliable_95": 1.0,
        "cov_95": 0.3920169174671173,
        "class_cov_95": 0.900990099009901,
        "raw_cov_90": 0.4766058623790741,
        "sel_acc_90": 0.9423183798789978,
        "reliable_90": 1.0,
        "cov_90": 0.4766058623790741,
        "class_cov_90": 0.9603960396039604,
        "raw_cov_85": 0.5344964265823364,
        "sel_acc_85": 0.9253214597702026,
        "reliable_85": 1.0,
        "cov_85": 0.5344964265823364,
        "class_cov_85": 0.9801980198019802,
        "raw_cov_80": 0.5852497816085815,
        "sel_acc_80": 0.9078590869903564,
        "reliable_80": 1.0,
        "cov_80": 0.5852497816085815,
        "class_cov_80": 1.0
      },
      "output_dir": "/root/autodl-tmp/BayesVLM/output/ablate_uatb_full/id/ucf101/UATB_MIN/BAYESADAPTER/logit_scale_frozen/sigpar_0.005/sigperp_0.02/lu0_0.01/shot_1/seed_3/eval/id/test",
      "metrics_path": "/root/autodl-tmp/BayesVLM/output/ablate_uatb_full/id/ucf101/UATB_MIN/BAYESADAPTER/logit_scale_frozen/sigpar_0.005/sigperp_0.02/lu0_0.01/shot_1/seed_3/eval/id/test/metrics.json",