{
  "loss": 0.016645374624888496,
  "acc": 1.0,
  "nlpd": 0.01646244339644909,
  "ece": 0.0161569956690073,
  "aece": 0.016156862941708892,
  "raw_cov_99": 0.4975247383117676,
  "sel_acc_99": 1.0,
  "reliable_99": 1.0,
  "cov_99": 0.4975247383117676,
  "class_cov_99": 0.9108910891089109,
  "raw_cov_95": 0.9467821717262268,
  "sel_acc_95": 1.0,
  "reliable_95": 1.0,
  "cov_95": 0.9467821717262268,
  "class_cov_95": 1.0,
  "raw_cov_90": 0.9962871074676514,
  "sel_acc_90": 1.0,
  "reliable_90": 1.0,
  "cov_90": 0.9962871074676514,
  "class_cov_90": 1.0,
  "raw_cov_85": 0.9987623691558838,
  "sel_acc_85": 1.0,
  "reliable_85": 1.0,
  "cov_85": 0.9987623691558838,
  "class_cov_85": 1.0,
  "raw_cov_80": 1.0,
  "sel_acc_80": 1.0,
  "reliable_80": 1.0,
  "cov_80": 1.0,
  "class_cov_80": 1.0
}