threshold,selected_count,raw_coverage,selected_accuracy,reliable,coverage,covered_classes,classwise_coverage
0.99,398,0.4925742447376251,1.0,True,0.4925742447376251,91,0.900990099009901
0.95,767,0.9492574334144592,1.0,True,0.9492574334144592,101,1.0
0.9,805,0.9962871074676514,1.0,True,0.9962871074676514,101,1.0
0.85,808,1.0,1.0,True,1.0,101,1.0
0.8,808,1.0,1.0,True,1.0,101,1.0
