{
  "family": "vlm_adapter",
  "variant": "BAYESADAPTER",
  "protocol": "id",
  "dataset": "ucf101",
  "seed": 3,
  "model_selection": "last",
  "selection_metric": "acc",
  "selection_mode": "max",
  "best_epoch": 300,
  "best_val_metrics_saved": {
    "loss": 0.8573706459069529,
    "acc": 0.7639620900154114,
    "nlpd": 0.8557062149047852,
    "ece": 0.05049437656998634,
    "aece": 0.05196109200553974,
    "raw_cov_99": 0.2908324599266052,
    "sel_acc_99": 0.9981883764266968,
    "reliable_99": 1.0,
    "cov_99": 0.2908324599266052,
    "class_cov_99": 0.7326732673267327,
    "raw_cov_95": 0.46838778257369995,
    "sel_acc_95": 0.9775028228759766,
    "reliable_95": 1.0,
    "cov_95": 0.46838778257369995,
    "class_cov_95": 0.900990099009901,
    "raw_cov_90": 0.549525797367096,
    "sel_acc_90": 0.9616490602493286,
    "reliable_90": 1.0,
    "cov_90": 0.549525797367096,
    "class_cov_90": 0.9603960396039604,
    "raw_cov_85": 0.6032665967941284,
    "sel_acc_85": 0.943231463432312,
    "reliable_85": 1.0,
    "cov_85": 0.6032665967941284,
    "class_cov_85": 0.9801980198019802,
    "raw_cov_80": 0.6443625092506409,
    "sel_acc_80": 0.929681122303009,
    "reliable_80": 1.0,
    "cov_80": 0.6443625092506409,
    "class_cov_80": 1.0
  },
  "last_epoch": 300,
  "last_val_metrics_saved": {
    "loss": 0.8573706459069529,
    "acc": 0.7639620900154114,
    "nlpd": 0.8557062149047852,
    "ece": 0.05049437656998634,
    "aece": 0.05196109200553974,
    "raw_cov_99": 0.2908324599266052,
    "sel_acc_99": 0.9981883764266968,
    "reliable_99": 1.0,
    "cov_99": 0.2908324599266052,
    "class_cov_99": 0.7326732673267327,
    "raw_cov_95": 0.46838778257369995,
    "sel_acc_95": 0.9775028228759766,
    "reliable_95": 1.0,
    "cov_95": 0.46838778257369995,
    "class_cov_95": 0.900990099009901,
    "raw_cov_90": 0.549525797367096,
    "sel_acc_90": 0.9616490602493286,
    "reliable_90": 1.0,
    "cov_90": 0.549525797367096,
    "class_cov_90": 0.9603960396039604,
    "raw_cov_85": 0.6032665967941284,
    "sel_acc_85": 0.943231463432312,
    "reliable_85": 1.0,
    "cov_85": 0.6032665967941284,
    "class_cov_85": 0.9801980198019802,
    "raw_cov_80": 0.6443625092506409,
    "sel_acc_80": 0.929681122303009,
    "reliable_80": 1.0,
    "cov_80": 0.6443625092506409,
    "class_cov_80": 1.0
  },
  "run_dir": "/root/autodl-tmp/BayesVLM/output/vlm_adapter/id/ucf101/BAYESADAPTER/BAYESADAPTER/logit_scale_frozen/prior_text_only__seed_3__last/shot_2/seed_3",
  "elapsed_seconds": 23.79,
  "artifacts": {
    "log_file": "train/train.log",
    "config_file": "config/config.json",
    "class_names_file": "config/class_names.json",
    "metrics_csv_file": "train/metrics_history.csv",
    "best_ckpt_file": "checkpoints/best_adapter.pt",
    "last_ckpt_file": "checkpoints/last_adapter.pt"
  }
}