threshold,selected_count,raw_coverage,selected_accuracy,reliable,coverage,covered_classes,classwise_coverage
0.99,92,0.4554455578327179,1.0,True,0.4554455578327179,64,0.6336633663366337
0.95,202,1.0,1.0,True,1.0,101,1.0
0.9,202,1.0,1.0,True,1.0,101,1.0
0.85,202,1.0,1.0,True,1.0,101,1.0
0.8,202,1.0,1.0,True,1.0,101,1.0
