{
  "family": "vlm_adapter",
  "variant": "UATB_MIN",
  "protocol": "id",
  "dataset": "ucf101",
  "seed": 3,
  "evaluation_tasks": [
    "classification"
  ],
  "model_selection": "last",
  "selected_checkpoint": "last",
  "selected_epoch": 300,
  "selected_val_metrics": {
    "loss": 0.5729603942000828,
    "acc": 0.8308746218681335,
    "nlpd": 0.5718225836753845,
    "ece": 0.030680958181619644,
    "aece": 0.032995154910394085,
    "raw_cov_99": 0.3914647102355957,
    "sel_acc_99": 1.0,
    "reliable_99": 1.0,
    "cov_99": 0.3914647102355957,
    "class_cov_99": 0.900990099009901,
    "raw_cov_95": 0.5732349753379822,
    "sel_acc_95": 0.984375,
    "reliable_95": 1.0,
    "cov_95": 0.5732349753379822,
    "class_cov_95": 0.9801980198019802,
    "raw_cov_90": 0.6506849527359009,
    "sel_acc_90": 0.9724696278572083,
    "reliable_90": 1.0,
    "cov_90": 0.6506849527359009,
    "class_cov_90": 0.9900990099009901,
    "raw_cov_85": 0.7002107501029968,
    "sel_acc_85": 0.9638826251029968,
    "reliable_85": 1.0,
    "cov_85": 0.7002107501029968,
    "class_cov_85": 1.0,
    "raw_cov_80": 0.7460484504699707,
    "sel_acc_80": 0.9512711763381958,
    "reliable_80": 1.0,
    "cov_80": 0.7460484504699707,
    "class_cov_80": 1.0
  },
  "classification": {
    "train": {
      "split_name": "train",
      "metrics": {
        "loss": 0.01656627462310071,
        "acc": 1.0,
        "nlpd": 0.01638677343726158,
        "ece": 0.016099782660603523,
        "aece": 0.016099735873170415,
        "raw_cov_99": 0.4826732575893402,
        "sel_acc_99": 1.0,
        "reliable_99": 1.0,
        "cov_99": 0.4826732575893402,
        "class_cov_99": 0.9207920792079208,
        "raw_cov_95": 0.9492574334144592,
        "sel_acc_95": 1.0,
        "reliable_95": 1.0,
        "cov_95": 0.9492574334144592,
        "class_cov_95": 1.0,
        "raw_cov_90": 0.9975247383117676,
        "sel_acc_90": 1.0,
        "reliable_90": 1.0,
        "cov_90": 0.9975247383117676,
        "class_cov_90": 1.0,
        "raw_cov_85": 1.0,
        "sel_acc_85": 1.0,
        "reliable_85": 1.0,
        "cov_85": 1.0,
        "class_cov_85": 1.0,
        "raw_cov_80": 1.0,
        "sel_acc_80": 1.0,
        "reliable_80": 1.0,
        "cov_80": 1.0,
        "class_cov_80": 1.0
      },
      "output_dir": "/root/autodl-tmp/BayesVLM/output/ablate_uatb_unc_only/id/ucf101/UATB_MIN/BAYESADAPTER/logit_scale_frozen/sigpar_0.01/sigperp_0.01/lu0_0.01/shot_8/seed_3/eval/id/train",
      "metrics_path": "/root/autodl-tmp/BayesVLM/output/ablate_uatb_unc_only/id/ucf101/UATB_MIN/BAYESADAPTER/logit_scale_frozen/sigpar_0.01/sigperp_0.01/lu0_0.01/shot_8/seed_3/eval/id/train/metrics.json",
      "predictions_pt": "/root/autodl-tmp/BayesVLM/output/ablate_uatb_unc_only/id/ucf101/UATB_MIN/BAYESADAPTER/logit_scale_frozen/sigpar_0.01/sigperp_0.01/lu0_0.01/shot_8/seed_3/eval/id/train/predictions.pt",
      "predictions_jsonl": "/root/autodl-tmp/BayesVLM/output/ablate_uatb_unc_only/id/ucf101/UATB_MIN/BAYESADAPTER/logit_scale_frozen/sigpar_0.01/sigperp_0.01/lu0_0.01/shot_8/seed_3/eval/id/train/predictions.jsonl",
      "bins_path": "/root/autodl-tmp/BayesVLM/output/ablate_uatb_unc_only/id/ucf101/UATB_MIN/BAYESADAPTER/logit_scale_frozen/sigpar_0.01/sigperp_0.01/lu0_0.01/shot_8/seed_3/eval/id/train/calibration_bins.csv",
      "adaptive_bins_path": "/root/autodl-tmp/BayesVLM/output/ablate_uatb_unc_only/id/ucf101/UATB_MIN/BAYESADAPTER/logit_scale_frozen/sigpar_0.01/sigperp_0.01/lu0_0.01/shot_8/seed_3/eval/id/train/adaptive_calibration_bins.csv",
      "selective_metrics_path": "/root/autodl-tmp/BayesVLM/output/ablate_uatb_unc_only/id/ucf101/UATB_MIN/BAYESADAPTER/logit_scale_frozen/sigpar_0.01/sigperp_0.01/lu0_0.01/shot_8/seed_3/eval/id/train/selective_metrics.csv"
    },
    "val": {
      "split_name": "val",
      "metrics": {
        "loss": 0.5733772375561038,
        "acc": 0.8298208713531494,
        "nlpd": 0.5721865892410278,
        "ece": 0.03134550899267197,
        "aece": 0.03366416636206704,
        "raw_cov_99": 0.3919915556907654,
        "sel_acc_99": 1.0,
        "reliable_99": 1.0,
        "cov_99": 0.3919915556907654,
        "class_cov_99": 0.9108910891089109,
        "raw_cov_95": 0.5711274743080139,
        "sel_acc_95": 0.9843173623085022,
        "reliable_95": 1.0,
        "cov_95": 0.5711274743080139,
        "class_cov_95": 0.9801980198019802,
        "raw_cov_90": 0.6491042971611023,
        "sel_acc_90": 0.9740259647369385,
        "reliable_90": 1.0,
        "cov_90": 0.6491042971611023,
        "class_cov_90": 0.9900990099009901,
        "raw_cov_85": 0.7038988471031189,
        "sel_acc_85": 0.9633233547210693,
        "reliable_85": 1.0,
        "cov_85": 0.7038988471031189,
        "class_cov_85": 1.0,
        "raw_cov_80": 0.7444678544998169,
        "sel_acc_80": 0.9511677026748657,
        "reliable_80": 1.0,
        "cov_80": 0.7444678544998169,
        "class_cov_80": 1.0
      },
      "output_dir": "/root/autodl-tmp/BayesVLM/output/ablate_uatb_unc_only/id/ucf101/UATB_MIN/BAYESADAPTER/logit_scale_frozen/sigpar_0.01/sigperp_0.01/lu0_0.01/shot_8/seed_3/eval/id/val",
      "metrics_path": "/root/autodl-tmp/BayesVLM/output/ablate_uatb_unc_only/id/ucf101/UATB_MIN/BAYESADAPTER/logit_scale_frozen/sigpar_0.01/sigperp_0.01/lu0_0.01/shot_8/seed_3/eval/id/val/metrics.json",
      "predictions_pt": "/root/autodl-tmp/BayesVLM/output/ablate_uatb_unc_only/id/ucf101/UATB_MIN/BAYESADAPTER/logit_scale_frozen/sigpar_0.01/sigperp_0.01/lu0_0.01/shot_8/seed_3/eval/id/val/predictions.pt",
      "predictions_jsonl": "/root/autodl-tmp/BayesVLM/output/ablate_uatb_unc_only/id/ucf101/UATB_MIN/BAYESADAPTER/logit_scale_frozen/sigpar_0.01/sigperp_0.01/lu0_0.01/shot_8/seed_3/eval/id/val/predictions.jsonl",
      "bins_path": "/root/autodl-tmp/BayesVLM/output/ablate_uatb_unc_only/id/ucf101/UATB_MIN/BAYESADAPTER/logit_scale_frozen/sigpar_0.01/sigperp_0.01/lu0_0.01/shot_8/seed_3/eval/id/val/calibration_bins.csv",
      "adaptive_bins_path": "/root/autodl-tmp/BayesVLM/output/ablate_uatb_unc_only/id/ucf101/UATB_MIN/BAYESADAPTER/logit_scale_frozen/sigpar_0.01/sigperp_0.01/lu0_0.01/shot_8/seed_3/eval/id/val/adaptive_calibration_bins.csv",
      "selective_metrics_path": "/root/autodl-tmp/BayesVLM/output/ablate_uatb_unc_only/id/ucf101/UATB_MIN/BAYESADAPTER/logit_scale_frozen/sigpar_0.01/sigperp_0.01/lu0_0.01/shot_8/seed_3/eval/id/val/selective_metrics.csv"
    },
    "test": {
      "split_name": "test",
      "metrics": {
        "loss": 0.7567882352867298,
        "acc": 0.7805973887443542,
        "nlpd": 0.7553959488868713,
        "ece": 0.053306784480810165,
        "aece": 0.053340877682766276,
        "raw_cov_99": 0.351837158203125,
        "sel_acc_99": 0.992486834526062,
        "reliable_99": 1.0,
        "cov_99": 0.351837158203125,
        "class_cov_99": 0.8712871287128713,
        "raw_cov_95": 0.5207507014274597,
        "sel_acc_95": 0.9771573543548584,
        "reliable_95": 1.0,
        "cov_95": 0.5207507014274597,
        "class_cov_95": 0.9801980198019802,
        "raw_cov_90": 0.5963521003723145,
        "sel_acc_90": 0.9605496525764465,
        "reliable_90": 1.0,
        "cov_90": 0.5963521003723145,
        "class_cov_90": 1.0,
        "raw_cov_85": 0.652656614780426,
        "sel_acc_85": 0.9437019228935242,
        "reliable_85": 1.0,
        "cov_85": 0.652656614780426,
        "class_cov_85": 1.0,
        "raw_cov_80": 0.6912503242492676,
        "sel_acc_80": 0.9326959848403931,
        "reliable_80": 1.0,
        "cov_80": 0.6912503242492676,
        "class_cov_80": 1.0
      },
      "output_dir": "/root/autodl-tmp/BayesVLM/output/ablate_uatb_unc_only/id/ucf101/UATB_MIN/BAYESADAPTER/logit_scale_frozen/sigpar_0.01/sigperp_0.01/lu0_0.01/shot_8/seed_3/eval/id/test",
      "metrics_path": "/root/autodl-tmp/BayesVLM/output/ablate_uatb_unc_only/id/ucf101/UATB_MIN/BAYESADAPTER/logit_scale_frozen/sigpar_0.01/sigperp_0.01/lu0_0.01/shot_8/seed_3/eval/id/test/metrics.json",