{
  "family": "vlm_adapter",
  "variant": "UATB_MIN",
  "protocol": "id",
  "dataset": "ucf101",
  "seed": 2,
  "model_selection": "last",
  "selection_metric": "acc",
  "selection_mode": "max",
  "best_epoch": 131,
  "best_val_metrics_saved": {
    "loss": 0.7294142196000062,
    "acc": 0.8082191944122314,
    "nlpd": 0.7280087471008301,
    "ece": 0.028164774179458618,
    "aece": 0.024361474402209607,
    "raw_cov_99": 0.3124341368675232,
    "sel_acc_99": 0.994940996170044,
    "reliable_99": 1.0,
    "cov_99": 0.3124341368675232,
    "class_cov_99": 0.7623762376237624,
    "raw_cov_95": 0.5084299445152283,
    "sel_acc_95": 0.9792746305465698,
    "reliable_95": 1.0,
    "cov_95": 0.5084299445152283,
    "class_cov_95": 0.9504950495049505,
    "raw_cov_90": 0.5916754603385925,
    "sel_acc_90": 0.9608192443847656,
    "reliable_90": 1.0,
    "cov_90": 0.5916754603385925,
    "class_cov_90": 0.9603960396039604,
    "raw_cov_85": 0.6380400657653809,
    "sel_acc_85": 0.948802649974823,
    "reliable_85": 1.0,
    "cov_85": 0.6380400657653809,
    "class_cov_85": 0.9702970297029703,
    "raw_cov_80": 0.670706033706665,
    "sel_acc_80": 0.9402984976768494,
    "reliable_80": 1.0,
    "cov_80": 0.670706033706665,
    "class_cov_80": 0.9900990099009901
  },
  "last_epoch": 300,
  "last_val_metrics_saved": {
    "loss": 0.7263495851743836,
    "acc": 0.8066385388374329,
    "nlpd": 0.7249321341514587,
    "ece": 0.03364316374063492,
    "aece": 0.02972085762953482,
    "raw_cov_99": 0.3266596496105194,
    "sel_acc_99": 0.9951612949371338,
    "reliable_99": 1.0,
    "cov_99": 0.3266596496105194,
    "class_cov_99": 0.7821782178217822,
    "raw_cov_95": 0.5226554274559021,
    "sel_acc_95": 0.9788306355476379,
    "reliable_95": 1.0,
    "cov_95": 0.5226554274559021,
    "class_cov_95": 0.9603960396039604,
    "raw_cov_90": 0.5985247492790222,
    "sel_acc_90": 0.9621478915214539,
    "reliable_90": 1.0,
    "cov_90": 0.5985247492790222,
    "class_cov_90": 0.9702970297029703,
    "raw_cov_85": 0.6454162001609802,
    "sel_acc_85": 0.9493877291679382,
    "reliable_85": 1.0,
    "cov_85": 0.6454162001609802,
    "class_cov_85": 0.9801980198019802,
    "raw_cov_80": 0.677028477191925,
    "sel_acc_80": 0.9385213851928711,
    "reliable_80": 1.0,
    "cov_80": 0.677028477191925,
    "class_cov_80": 0.9900990099009901
  },
  "run_dir": "/root/autodl-tmp/BayesVLM/output/ablate_uatb_full/id/ucf101/UATB_MIN/BAYESADAPTER/logit_scale_frozen/sigpar_0.005/sigperp_0.02/lu0_0.01/shot_4/seed_2",
  "elapsed_seconds": 32.23,
  "artifacts": {
    "log_file": "train/train.log",
    "config_file": "config/config.json",
    "class_names_file": "config/class_names.json",
    "metrics_csv_file": "train/metrics_history.csv",
    "best_ckpt_file": "checkpoints/best_adapter.pt",
    "last_ckpt_file": "checkpoints/last_adapter.pt"
  }
}