{
  "loss": 0.021257843748472706,
  "acc": 1.0,
  "nlpd": 0.02101125195622444,
  "ece": 0.020445726811885834,
  "aece": 0.020445685612388177,
  "raw_cov_99": 0.49690595269203186,
  "sel_acc_99": 1.0,
  "reliable_99": 1.0,
  "cov_99": 0.49690595269203186,
  "class_cov_99": 0.9801980198019802,
  "raw_cov_95": 0.8762376308441162,
  "sel_acc_95": 1.0,
  "reliable_95": 1.0,
  "cov_95": 0.8762376308441162,
  "class_cov_95": 1.0,
  "raw_cov_90": 0.9851484894752502,
  "sel_acc_90": 1.0,
  "reliable_90": 1.0,
  "cov_90": 0.9851484894752502,
  "class_cov_90": 1.0,
  "raw_cov_85": 0.9975247383117676,
  "sel_acc_85": 1.0,
  "reliable_85": 1.0,
  "cov_85": 0.9975247383117676,
  "class_cov_85": 1.0,
  "raw_cov_80": 0.9993811845779419,
  "sel_acc_80": 1.0,
  "reliable_80": 1.0,
  "cov_80": 0.9993811845779419,
  "class_cov_80": 1.0
}