{
  "loss": 0.013685944490134716,
  "acc": 1.0,
  "nlpd": 0.0135114761069417,
  "ece": 0.013364732265472412,
  "aece": 0.013364803673017144,
  "raw_cov_99": 0.46039605140686035,
  "sel_acc_99": 1.0,
  "reliable_99": 1.0,
  "cov_99": 0.46039605140686035,
  "class_cov_99": 0.6336633663366337,
  "raw_cov_95": 1.0,
  "sel_acc_95": 1.0,
  "reliable_95": 1.0,
  "cov_95": 1.0,
  "class_cov_95": 1.0,
  "raw_cov_90": 1.0,
  "sel_acc_90": 1.0,
  "reliable_90": 1.0,
  "cov_90": 1.0,
  "class_cov_90": 1.0,
  "raw_cov_85": 1.0,
  "sel_acc_85": 1.0,
  "reliable_85": 1.0,
  "cov_85": 1.0,
  "class_cov_85": 1.0,
  "raw_cov_80": 1.0,
  "sel_acc_80": 1.0,
  "reliable_80": 1.0,
  "cov_80": 1.0,
  "class_cov_80": 1.0
}