{
  "family": "vlm_adapter",
  "variant": "UATB_MIN",
  "protocol": "id",
  "dataset": "ucf101",
  "seed": 1,
  "model_selection": "last",
  "selection_metric": "acc",
  "selection_mode": "max",
  "best_epoch": 221,
  "best_val_metrics_saved": {
    "loss": 0.3900928873847483,
    "acc": 0.8904109597206116,
    "nlpd": 0.3891376554965973,
    "ece": 0.016524333506822586,
    "aece": 0.02488205722436011,
    "raw_cov_99": 0.4546891450881958,
    "sel_acc_99": 0.997682511806488,
    "reliable_99": 1.0,
    "cov_99": 0.4546891450881958,
    "class_cov_99": 0.9306930693069307,
    "raw_cov_95": 0.6280295252799988,
    "sel_acc_95": 0.9882550239562988,
    "reliable_95": 1.0,
    "cov_95": 0.6280295252799988,
    "class_cov_95": 0.9801980198019802,
    "raw_cov_90": 0.711275041103363,
    "sel_acc_90": 0.9844444394111633,
    "reliable_90": 1.0,
    "cov_90": 0.711275041103363,
    "class_cov_90": 1.0,
    "raw_cov_85": 0.7602739930152893,
    "sel_acc_85": 0.9805960059165955,
    "reliable_85": 1.0,
    "cov_85": 0.7602739930152893,
    "class_cov_85": 1.0,
    "raw_cov_80": 0.7945205569267273,
    "sel_acc_80": 0.9754641652107239,
    "reliable_80": 1.0,
    "cov_80": 0.7945205569267273,
    "class_cov_80": 1.0
  },
  "last_epoch": 300,
  "last_val_metrics_saved": {
    "loss": 0.38979194516628135,
    "acc": 0.8883034586906433,
    "nlpd": 0.38882946968078613,
    "ece": 0.01716129295527935,
    "aece": 0.020600931347986667,
    "raw_cov_99": 0.4567966163158417,
    "sel_acc_99": 0.9976931810379028,
    "reliable_99": 1.0,
    "cov_99": 0.4567966163158417,
    "class_cov_99": 0.9207920792079208,
    "raw_cov_95": 0.6280295252799988,
    "sel_acc_95": 0.9882550239562988,
    "reliable_95": 1.0,
    "cov_95": 0.6280295252799988,
    "class_cov_95": 0.9801980198019802,
    "raw_cov_90": 0.7123287916183472,
    "sel_acc_90": 0.9844674468040466,
    "reliable_90": 1.0,
    "cov_90": 0.7123287916183472,
    "class_cov_90": 1.0,
    "raw_cov_85": 0.760800838470459,
    "sel_acc_85": 0.9813019633293152,
    "reliable_85": 1.0,
    "cov_85": 0.760800838470459,
    "class_cov_85": 1.0,
    "raw_cov_80": 0.7934668064117432,
    "sel_acc_80": 0.9760956168174744,
    "reliable_80": 1.0,
    "cov_80": 0.7934668064117432,
    "class_cov_80": 1.0
  },
  "run_dir": "/root/autodl-tmp/BayesVLM/output/ablate_uatb_full/id/ucf101/UATB_MIN/BAYESADAPTER/logit_scale_frozen/sigpar_0.005/sigperp_0.02/lu0_0/shot_16/seed_1",
  "elapsed_seconds": 47.53,
  "artifacts": {
    "log_file": "train/train.log",
    "config_file": "config/config.json",
    "class_names_file": "config/class_names.json",
    "metrics_csv_file": "train/metrics_history.csv",
    "best_ckpt_file": "checkpoints/best_adapter.pt",
    "last_ckpt_file": "checkpoints/last_adapter.pt"
  }
}