{
  "family": "vlm_adapter",
  "variant": "UATB_MIN",
  "protocol": "id",
  "dataset": "ucf101",
  "seed": 2,
  "model_selection": "last",
  "selection_metric": "acc",
  "selection_mode": "max",
  "best_epoch": 186,
  "best_val_metrics_saved": {
    "loss": 0.7255850963773416,
    "acc": 0.8087460398674011,
    "nlpd": 0.7241441011428833,
    "ece": 0.02844967506825924,
    "aece": 0.026693812599925773,
    "raw_cov_99": 0.32086408138275146,
    "sel_acc_99": 0.9950739145278931,
    "reliable_99": 1.0,
    "cov_99": 0.32086408138275146,
    "class_cov_99": 0.7821782178217822,
    "raw_cov_95": 0.5147523880004883,
    "sel_acc_95": 0.9785056114196777,
    "reliable_95": 1.0,
    "cov_95": 0.5147523880004883,
    "class_cov_95": 0.9504950495049505,
    "raw_cov_90": 0.593782901763916,
    "sel_acc_90": 0.9627329111099243,
    "reliable_90": 1.0,
    "cov_90": 0.593782901763916,
    "class_cov_90": 0.9603960396039604,
    "raw_cov_85": 0.6417281627655029,
    "sel_acc_85": 0.9490968585014343,
    "reliable_85": 1.0,
    "cov_85": 0.6417281627655029,
    "class_cov_85": 0.9801980198019802,
    "raw_cov_80": 0.673340380191803,
    "sel_acc_80": 0.9381846785545349,
    "reliable_80": 1.0,
    "cov_80": 0.673340380191803,
    "class_cov_80": 0.9900990099009901
  },
  "last_epoch": 300,
  "last_val_metrics_saved": {
    "loss": 0.7267032918236656,
    "acc": 0.807692289352417,
    "nlpd": 0.7252780795097351,
    "ece": 0.03323600813746452,
    "aece": 0.02769318097383883,
    "raw_cov_99": 0.3224446773529053,
    "sel_acc_99": 0.9950980544090271,
    "reliable_99": 1.0,
    "cov_99": 0.3224446773529053,
    "class_cov_99": 0.7821782178217822,
    "raw_cov_95": 0.5173867344856262,
    "sel_acc_95": 0.9796333909034729,
    "reliable_95": 1.0,
    "cov_95": 0.5173867344856262,
    "class_cov_95": 0.9504950495049505,
    "raw_cov_90": 0.5964173078536987,
    "sel_acc_90": 0.962897539138794,
    "reliable_90": 1.0,
    "cov_90": 0.5964173078536987,
    "class_cov_90": 0.9603960396039604,
    "raw_cov_85": 0.6454162001609802,
    "sel_acc_85": 0.9485714435577393,
    "reliable_85": 1.0,
    "cov_85": 0.6454162001609802,
    "class_cov_85": 0.9801980198019802,
    "raw_cov_80": 0.6749209761619568,
    "sel_acc_80": 0.9383294582366943,
    "reliable_80": 1.0,
    "cov_80": 0.6749209761619568,
    "class_cov_80": 0.9900990099009901
  },
  "run_dir": "/root/autodl-tmp/BayesVLM/output/ablate_uatb_unc_only/id/ucf101/UATB_MIN/BAYESADAPTER/logit_scale_frozen/sigpar_0.01/sigperp_0.01/lu0_0.01/shot_4/seed_2",
  "elapsed_seconds": 35.14,
  "artifacts": {
    "log_file": "train/train.log",
    "config_file": "config/config.json",
    "class_names_file": "config/class_names.json",
    "metrics_csv_file": "train/metrics_history.csv",
    "best_ckpt_file": "checkpoints/best_adapter.pt",
    "last_ckpt_file": "checkpoints/last_adapter.pt"
  }
}