{
  "loss": 0.006383733823895454,
  "acc": 1.0,
  "nlpd": 0.00630960613489151,
  "ece": 0.006282627582550049
}