{
  "family": "vlm_adapter",
  "variant": "UATB_MIN",
  "protocol": "id",
  "dataset": "ucf101",
  "seed": 3,
  "model_selection": "last",
  "selection_metric": "acc",
  "selection_mode": "max",
  "best_epoch": 259,
  "best_val_metrics_saved": {
    "loss": 1.043130270547937,
    "acc": 0.7281348705291748,
    "nlpd": 1.0413318872451782,
    "ece": 0.06721656024456024,
    "aece": 0.06721650932310003,
    "raw_cov_99": 0.24552160501480103,
    "sel_acc_99": 0.9892703890800476,
    "reliable_99": 0.0,
    "cov_99": 0.0,
    "class_cov_99": 0.0,
    "raw_cov_95": 0.43466806411743164,
    "sel_acc_95": 0.9612120985984802,
    "reliable_95": 1.0,
    "cov_95": 0.43466806411743164,
    "class_cov_95": 0.8811881188118812,
    "raw_cov_90": 0.5094836950302124,
    "sel_acc_90": 0.9472595453262329,
    "reliable_90": 1.0,
    "cov_90": 0.5094836950302124,
    "class_cov_90": 0.9603960396039604,
    "raw_cov_85": 0.5637513399124146,
    "sel_acc_85": 0.92710280418396,
    "reliable_85": 1.0,
    "cov_85": 0.5637513399124146,
    "class_cov_85": 0.9801980198019802,
    "raw_cov_80": 0.6106427907943726,
    "sel_acc_80": 0.9059534072875977,
    "reliable_80": 1.0,
    "cov_80": 0.6106427907943726,
    "class_cov_80": 0.9900990099009901
  },
  "last_epoch": 300,
  "last_val_metrics_saved": {
    "loss": 1.0419918989607606,
    "acc": 0.7276080250740051,
    "nlpd": 1.0401568412780762,
    "ece": 0.067653588950634,
    "aece": 0.06765354395666413,
    "raw_cov_99": 0.2460484653711319,
    "sel_acc_99": 0.9892933368682861,
    "reliable_99": 0.0,
    "cov_99": 0.0,
    "class_cov_99": 0.0,
    "raw_cov_95": 0.43572181463241577,
    "sel_acc_95": 0.9637243151664734,
    "reliable_95": 1.0,
    "cov_95": 0.43572181463241577,
    "class_cov_95": 0.8712871287128713,
    "raw_cov_90": 0.5110642910003662,
    "sel_acc_90": 0.9453608393669128,
    "reliable_90": 1.0,
    "cov_90": 0.5110642910003662,
    "class_cov_90": 0.9603960396039604,
    "raw_cov_85": 0.5637513399124146,
    "sel_acc_85": 0.9280374050140381,
    "reliable_85": 1.0,
    "cov_85": 0.5637513399124146,
    "class_cov_85": 0.9801980198019802,
    "raw_cov_80": 0.6085352897644043,
    "sel_acc_80": 0.9090909361839294,
    "reliable_80": 1.0,
    "cov_80": 0.6085352897644043,
    "class_cov_80": 0.9801980198019802
  },
  "run_dir": "/root/autodl-tmp/BayesVLM/output/ablate_uatb_unc_only/id/ucf101/UATB_MIN/BAYESADAPTER/logit_scale_frozen/sigpar_0.01/sigperp_0.01/lu0_0/shot_1/seed_3",
  "elapsed_seconds": 29.9,
  "artifacts": {
    "log_file": "train/train.log",
    "config_file": "config/config.json",
    "class_names_file": "config/class_names.json",
    "metrics_csv_file": "train/metrics_history.csv",
    "best_ckpt_file": "checkpoints/best_adapter.pt",
    "last_ckpt_file": "checkpoints/last_adapter.pt"
  }
}