{
  "family": "vlm_adapter",
  "variant": "UATB_MIN",
  "protocol": "id",
  "dataset": "ucf101",
  "seed": 1,
  "evaluation_tasks": [
    "classification"
  ],
  "model_selection": "last",
  "selected_checkpoint": "last",
  "selected_epoch": 300,
  "selected_val_metrics": {
    "loss": 0.8282954421510687,
    "acc": 0.764488935470581,
    "nlpd": 0.8267295956611633,
    "ece": 0.03940925747156143,
    "aece": 0.04093179664131964,
    "raw_cov_99": 0.27081137895584106,
    "sel_acc_99": 1.0,
    "reliable_99": 1.0,
    "cov_99": 0.27081137895584106,
    "class_cov_99": 0.7128712871287128,
    "raw_cov_95": 0.4251843988895416,
    "sel_acc_95": 0.9900867342948914,
    "reliable_95": 1.0,
    "cov_95": 0.4251843988895416,
    "class_cov_95": 0.9306930693069307,
    "raw_cov_90": 0.5115911364555359,
    "sel_acc_90": 0.9721935987472534,
    "reliable_90": 1.0,
    "cov_90": 0.5115911364555359,
    "class_cov_90": 0.9504950495049505,
    "raw_cov_85": 0.5774499177932739,
    "sel_acc_85": 0.9552919864654541,
    "reliable_85": 1.0,
    "cov_85": 0.5774499177932739,
    "class_cov_85": 1.0,
    "raw_cov_80": 0.6275026202201843,
    "sel_acc_80": 0.9370276927947998,
    "reliable_80": 1.0,
    "cov_80": 0.6275026202201843,
    "class_cov_80": 1.0
  },
  "classification": {
    "train": {
      "split_name": "train",
      "metrics": {
        "loss": 0.015952151268720627,
        "acc": 1.0,
        "nlpd": 0.015771564096212387,
        "ece": 0.015575051307678223,
        "aece": 0.015575027996950812,
        "raw_cov_99": 0.4009900987148285,
        "sel_acc_99": 1.0,
        "reliable_99": 1.0,
        "cov_99": 0.4009900987148285,
        "class_cov_99": 0.5841584158415841,
        "raw_cov_95": 0.9900990128517151,
        "sel_acc_95": 1.0,
        "reliable_95": 1.0,
        "cov_95": 0.9900990128517151,
        "class_cov_95": 1.0,
        "raw_cov_90": 1.0,
        "sel_acc_90": 1.0,
        "reliable_90": 1.0,
        "cov_90": 1.0,
        "class_cov_90": 1.0,
        "raw_cov_85": 1.0,
        "sel_acc_85": 1.0,
        "reliable_85": 1.0,
        "cov_85": 1.0,
        "class_cov_85": 1.0,
        "raw_cov_80": 1.0,
        "sel_acc_80": 1.0,
        "reliable_80": 1.0,
        "cov_80": 1.0,
        "class_cov_80": 1.0
      },
      "output_dir": "/root/autodl-tmp/BayesVLM/output/ablate_uatb_unc_only/id/ucf101/UATB_MIN/BAYESADAPTER/logit_scale_frozen/sigpar_0.01/sigperp_0.01/lu0_0.01/shot_2/seed_1/eval/id/train",
      "metrics_path": "/root/autodl-tmp/BayesVLM/output/ablate_uatb_unc_only/id/ucf101/UATB_MIN/BAYESADAPTER/logit_scale_frozen/sigpar_0.01/sigperp_0.01/lu0_0.01/shot_2/seed_1/eval/id/train/metrics.json",
      "predictions_pt": "/root/autodl-tmp/BayesVLM/output/ablate_uatb_unc_only/id/ucf101/UATB_MIN/BAYESADAPTER/logit_scale_frozen/sigpar_0.01/sigperp_0.01/lu0_0.01/shot_2/seed_1/eval/id/train/predictions.pt",
      "predictions_jsonl": "/root/autodl-tmp/BayesVLM/output/ablate_uatb_unc_only/id/ucf101/UATB_MIN/BAYESADAPTER/logit_scale_frozen/sigpar_0.01/sigperp_0.01/lu0_0.01/shot_2/seed_1/eval/id/train/predictions.jsonl",
      "bins_path": "/root/autodl-tmp/BayesVLM/output/ablate_uatb_unc_only/id/ucf101/UATB_MIN/BAYESADAPTER/logit_scale_frozen/sigpar_0.01/sigperp_0.01/lu0_0.01/shot_2/seed_1/eval/id/train/calibration_bins.csv",
      "adaptive_bins_path": "/root/autodl-tmp/BayesVLM/output/ablate_uatb_unc_only/id/ucf101/UATB_MIN/BAYESADAPTER/logit_scale_frozen/sigpar_0.01/sigperp_0.01/lu0_0.01/shot_2/seed_1/eval/id/train/adaptive_calibration_bins.csv",
      "selective_metrics_path": "/root/autodl-tmp/BayesVLM/output/ablate_uatb_unc_only/id/ucf101/UATB_MIN/BAYESADAPTER/logit_scale_frozen/sigpar_0.01/sigperp_0.01/lu0_0.01/shot_2/seed_1/eval/id/train/selective_metrics.csv"
    },
    "val": {
      "split_name": "val",
      "metrics": {
        "loss": 0.827769609598013,
        "acc": 0.7634351849555969,
        "nlpd": 0.8262128829956055,
        "ece": 0.040215834975242615,
        "aece": 0.04171391968292481,
        "raw_cov_99": 0.26975762844085693,
        "sel_acc_99": 1.0,
        "reliable_99": 1.0,
        "cov_99": 0.26975762844085693,
        "class_cov_99": 0.7128712871287128,
        "raw_cov_95": 0.42623814940452576,
        "sel_acc_95": 0.988875150680542,
        "reliable_95": 1.0,
        "cov_95": 0.42623814940452576,
        "class_cov_95": 0.9405940594059405,
        "raw_cov_90": 0.5115911364555359,
        "sel_acc_90": 0.9721935987472534,
        "reliable_90": 1.0,
        "cov_90": 0.5115911364555359,
        "class_cov_90": 0.9603960396039604,
        "raw_cov_85": 0.5769230723381042,
        "sel_acc_85": 0.9570776224136353,
        "reliable_85": 1.0,
        "cov_85": 0.5769230723381042,
        "class_cov_85": 0.9900990099009901,
        "raw_cov_80": 0.6275026202201843,
        "sel_acc_80": 0.9387069940567017,
        "reliable_80": 1.0,
        "cov_80": 0.6275026202201843,
        "class_cov_80": 1.0
      },
      "output_dir": "/root/autodl-tmp/BayesVLM/output/ablate_uatb_unc_only/id/ucf101/UATB_MIN/BAYESADAPTER/logit_scale_frozen/sigpar_0.01/sigperp_0.01/lu0_0.01/shot_2/seed_1/eval/id/val",
      "metrics_path": "/root/autodl-tmp/BayesVLM/output/ablate_uatb_unc_only/id/ucf101/UATB_MIN/BAYESADAPTER/logit_scale_frozen/sigpar_0.01/sigperp_0.01/lu0_0.01/shot_2/seed_1/eval/id/val/metrics.json",
      "predictions_pt": "/root/autodl-tmp/BayesVLM/output/ablate_uatb_unc_only/id/ucf101/UATB_MIN/BAYESADAPTER/logit_scale_frozen/sigpar_0.01/sigperp_0.01/lu0_0.01/shot_2/seed_1/eval/id/val/predictions.pt",
      "predictions_jsonl": "/root/autodl-tmp/BayesVLM/output/ablate_uatb_unc_only/id/ucf101/UATB_MIN/BAYESADAPTER/logit_scale_frozen/sigpar_0.01/sigperp_0.01/lu0_0.01/shot_2/seed_1/eval/id/val/predictions.jsonl",
      "bins_path": "/root/autodl-tmp/BayesVLM/output/ablate_uatb_unc_only/id/ucf101/UATB_MIN/BAYESADAPTER/logit_scale_frozen/sigpar_0.01/sigperp_0.01/lu0_0.01/shot_2/seed_1/eval/id/val/calibration_bins.csv",
      "adaptive_bins_path": "/root/autodl-tmp/BayesVLM/output/ablate_uatb_unc_only/id/ucf101/UATB_MIN/BAYESADAPTER/logit_scale_frozen/sigpar_0.01/sigperp_0.01/lu0_0.01/shot_2/seed_1/eval/id/val/adaptive_calibration_bins.csv",
      "selective_metrics_path": "/root/autodl-tmp/BayesVLM/output/ablate_uatb_unc_only/id/ucf101/UATB_MIN/BAYESADAPTER/logit_scale_frozen/sigpar_0.01/sigperp_0.01/lu0_0.01/shot_2/seed_1/eval/id/val/selective_metrics.csv"
    },
    "test": {
      "split_name": "test",
      "metrics": {
        "loss": 0.9600597331361924,
        "acc": 0.7282580137252808,
        "nlpd": 0.9582923054695129,
        "ece": 0.05871143192052841,
        "aece": 0.059074805352759066,
        "raw_cov_99": 0.2680412232875824,
        "sel_acc_99": 0.9960552453994751,
        "reliable_99": 1.0,
        "cov_99": 0.2680412232875824,
        "class_cov_99": 0.7029702970297029,
        "raw_cov_95": 0.4245308041572571,
        "sel_acc_95": 0.9757160544395447,
        "reliable_95": 1.0,
        "cov_95": 0.4245308041572571,
        "class_cov_95": 0.9207920792079208,
        "raw_cov_90": 0.49881047010421753,
        "sel_acc_90": 0.9602543711662292,
        "reliable_90": 1.0,
        "cov_90": 0.49881047010421753,
        "class_cov_90": 0.9702970297029703,
        "raw_cov_85": 0.5455987453460693,
        "sel_acc_85": 0.9442829489707947,
        "reliable_85": 1.0,
        "cov_85": 0.5455987453460693,
        "class_cov_85": 0.9801980198019802,
        "raw_cov_80": 0.5976738333702087,
        "sel_acc_80": 0.9234851598739624,
        "reliable_80": 1.0,
        "cov_80": 0.5976738333702087,
        "class_cov_80": 1.0
      },
      "output_dir": "/root/autodl-tmp/BayesVLM/output/ablate_uatb_unc_only/id/ucf101/UATB_MIN/BAYESADAPTER/logit_scale_frozen/sigpar_0.01/sigperp_0.01/lu0_0.01/shot_2/seed_1/eval/id/test",