{
  "family": "vlm_adapter",
  "variant": "UATB_MIN",
  "protocol": "id",
  "dataset": "ucf101",
  "seed": 3,
  "model_selection": "last",
  "selection_metric": "acc",
  "selection_mode": "max",
  "best_epoch": 222,
  "best_val_metrics_saved": {
    "loss": 1.0172386140541985,
    "acc": 0.7286617755889893,
    "nlpd": 1.0156359672546387,
    "ece": 0.0583622008562088,
    "aece": 0.05836222232078978,
    "raw_cov_99": 0.229715496301651,
    "sel_acc_99": 0.9954128265380859,
    "reliable_99": 1.0,
    "cov_99": 0.229715496301651,
    "class_cov_99": 0.693069306930693,
    "raw_cov_95": 0.4162276089191437,
    "sel_acc_95": 0.9708860516548157,
    "reliable_95": 1.0,
    "cov_95": 0.4162276089191437,
    "class_cov_95": 0.8514851485148515,
    "raw_cov_90": 0.49894624948501587,
    "sel_acc_90": 0.9503695964813232,
    "reliable_90": 1.0,
    "cov_90": 0.49894624948501587,
    "class_cov_90": 0.9405940594059405,
    "raw_cov_85": 0.5500527024269104,
    "sel_acc_85": 0.9348658919334412,
    "reliable_85": 1.0,
    "cov_85": 0.5500527024269104,
    "class_cov_85": 0.9801980198019802,
    "raw_cov_80": 0.5969441533088684,
    "sel_acc_80": 0.9152691960334778,
    "reliable_80": 1.0,
    "cov_80": 0.5969441533088684,
    "class_cov_80": 0.9801980198019802
  },
  "last_epoch": 300,
  "last_val_metrics_saved": {
    "loss": 1.0149490771730783,
    "acc": 0.7276080250740051,
    "nlpd": 1.013243317604065,
    "ece": 0.060232747346162796,
    "aece": 0.06023273511040951,
    "raw_cov_99": 0.23076923191547394,
    "sel_acc_99": 0.9954338073730469,
    "reliable_99": 1.0,
    "cov_99": 0.23076923191547394,
    "class_cov_99": 0.7029702970297029,
    "raw_cov_95": 0.4193888306617737,
    "sel_acc_95": 0.9711055159568787,
    "reliable_95": 1.0,
    "cov_95": 0.4193888306617737,
    "class_cov_95": 0.8514851485148515,
    "raw_cov_90": 0.49947312474250793,
    "sel_acc_90": 0.952531635761261,
    "reliable_90": 1.0,
    "cov_90": 0.49947312474250793,
    "class_cov_90": 0.9405940594059405,
    "raw_cov_85": 0.5505795478820801,
    "sel_acc_85": 0.9358851909637451,
    "reliable_85": 1.0,
    "cov_85": 0.5505795478820801,
    "class_cov_85": 0.9801980198019802,
    "raw_cov_80": 0.5964173078536987,
    "sel_acc_80": 0.9143109321594238,
    "reliable_80": 1.0,
    "cov_80": 0.5964173078536987,
    "class_cov_80": 0.9801980198019802
  },
  "run_dir": "/root/autodl-tmp/BayesVLM/output/ablate_uatb_unc_only/id/ucf101/UATB_MIN/BAYESADAPTER/logit_scale_frozen/sigpar_0.01/sigperp_0.01/lu0_0.01/shot_1/seed_3",
  "elapsed_seconds": 27.55,
  "artifacts": {
    "log_file": "train/train.log",
    "config_file": "config/config.json",
    "class_names_file": "config/class_names.json",
    "metrics_csv_file": "train/metrics_history.csv",
    "best_ckpt_file": "checkpoints/best_adapter.pt",
    "last_ckpt_file": "checkpoints/last_adapter.pt"
  }
}