{
  "family": "vlm_adapter",
  "variant": "UATB_MIN",
  "protocol": "id",
  "dataset": "ucf101",
  "seed": 1,
  "evaluation_tasks": [
    "classification"
  ],
  "model_selection": "last",
  "selected_checkpoint": "last",
  "selected_epoch": 300,
  "selected_val_metrics": {
    "loss": 0.7136030414458698,
    "acc": 0.8018967509269714,
    "nlpd": 0.7122046947479248,
    "ece": 0.035448625683784485,
    "aece": 0.03578483841693062,
    "raw_cov_99": 0.3298208713531494,
    "sel_acc_99": 0.9968051314353943,
    "reliable_99": 1.0,
    "cov_99": 0.3298208713531494,
    "class_cov_99": 0.8217821782178217,
    "raw_cov_95": 0.49894624948501587,
    "sel_acc_95": 0.9809926152229309,
    "reliable_95": 1.0,
    "cov_95": 0.49894624948501587,
    "class_cov_95": 0.9306930693069307,
    "raw_cov_90": 0.593782901763916,
    "sel_acc_90": 0.9618456363677979,
    "reliable_90": 1.0,
    "cov_90": 0.593782901763916,
    "class_cov_90": 0.9801980198019802,
    "raw_cov_85": 0.6522655487060547,
    "sel_acc_85": 0.9547657370567322,
    "reliable_85": 1.0,
    "cov_85": 0.6522655487060547,
    "class_cov_85": 1.0,
    "raw_cov_80": 0.6896733641624451,
    "sel_acc_80": 0.9427043795585632,
    "reliable_80": 1.0,
    "cov_80": 0.6896733641624451,
    "class_cov_80": 1.0
  },
  "classification": {
    "train": {
      "split_name": "train",
      "metrics": {
        "loss": 0.015891922342747746,
        "acc": 1.0,
        "nlpd": 0.015712106600403786,
        "ece": 0.015484273433685303,
        "aece": 0.01548419007570437,
        "raw_cov_99": 0.4529702961444855,
        "sel_acc_99": 1.0,
        "reliable_99": 1.0,
        "cov_99": 0.4529702961444855,
        "class_cov_99": 0.7920792079207921,
        "raw_cov_95": 0.9727723002433777,
        "sel_acc_95": 1.0,
        "reliable_95": 1.0,
        "cov_95": 0.9727723002433777,
        "class_cov_95": 1.0,
        "raw_cov_90": 1.0,
        "sel_acc_90": 1.0,
        "reliable_90": 1.0,
        "cov_90": 1.0,
        "class_cov_90": 1.0,
        "raw_cov_85": 1.0,
        "sel_acc_85": 1.0,
        "reliable_85": 1.0,
        "cov_85": 1.0,
        "class_cov_85": 1.0,
        "raw_cov_80": 1.0,
        "sel_acc_80": 1.0,
        "reliable_80": 1.0,
        "cov_80": 1.0,
        "class_cov_80": 1.0
      },
      "output_dir": "/root/autodl-tmp/BayesVLM/output/ablate_uatb_full/id/ucf101/UATB_MIN/BAYESADAPTER/logit_scale_frozen/sigpar_0.005/sigperp_0.02/lu0_0.01/shot_4/seed_1/eval/id/train",
      "metrics_path": "/root/autodl-tmp/BayesVLM/output/ablate_uatb_full/id/ucf101/UATB_MIN/BAYESADAPTER/logit_scale_frozen/sigpar_0.005/sigperp_0.02/lu0_0.01/shot_4/seed_1/eval/id/train/metrics.json",
      "predictions_pt": "/root/autodl-tmp/BayesVLM/output/ablate_uatb_full/id/ucf101/UATB_MIN/BAYESADAPTER/logit_scale_frozen/sigpar_0.005/sigperp_0.02/lu0_0.01/shot_4/seed_1/eval/id/train/predictions.pt",
      "predictions_jsonl": "/root/autodl-tmp/BayesVLM/output/ablate_uatb_full/id/ucf101/UATB_MIN/BAYESADAPTER/logit_scale_frozen/sigpar_0.005/sigperp_0.02/lu0_0.01/shot_4/seed_1/eval/id/train/predictions.jsonl",
      "bins_path": "/root/autodl-tmp/BayesVLM/output/ablate_uatb_full/id/ucf101/UATB_MIN/BAYESADAPTER/logit_scale_frozen/sigpar_0.005/sigperp_0.02/lu0_0.01/shot_4/seed_1/eval/id/train/calibration_bins.csv",
      "adaptive_bins_path": "/root/autodl-tmp/BayesVLM/output/ablate_uatb_full/id/ucf101/UATB_MIN/BAYESADAPTER/logit_scale_frozen/sigpar_0.005/sigperp_0.02/lu0_0.01/shot_4/seed_1/eval/id/train/adaptive_calibration_bins.csv",
      "selective_metrics_path": "/root/autodl-tmp/BayesVLM/output/ablate_uatb_full/id/ucf101/UATB_MIN/BAYESADAPTER/logit_scale_frozen/sigpar_0.005/sigperp_0.02/lu0_0.01/shot_4/seed_1/eval/id/train/selective_metrics.csv"
    },
    "val": {
      "split_name": "val",
      "metrics": {
        "loss": 0.7154767765762683,
        "acc": 0.8034773468971252,
        "nlpd": 0.7140887975692749,
        "ece": 0.03435572236776352,
        "aece": 0.03414502231162767,
        "raw_cov_99": 0.32929399609565735,
        "sel_acc_99": 0.9968000054359436,
        "reliable_99": 1.0,
        "cov_99": 0.32929399609565735,
        "class_cov_99": 0.8118811881188119,
        "raw_cov_95": 0.5031612515449524,
        "sel_acc_95": 0.9801046848297119,
        "reliable_95": 1.0,
        "cov_95": 0.5031612515449524,
        "class_cov_95": 0.9306930693069307,
        "raw_cov_90": 0.5948366522789001,
        "sel_acc_90": 0.9619131684303284,
        "reliable_90": 1.0,
        "cov_90": 0.5948366522789001,
        "class_cov_90": 0.9801980198019802,
        "raw_cov_85": 0.6485774517059326,
        "sel_acc_85": 0.9569455981254578,
        "reliable_85": 1.0,
        "cov_85": 0.6485774517059326,
        "class_cov_85": 1.0,
        "raw_cov_80": 0.6912539601325989,
        "sel_acc_80": 0.9428353905677795,
        "reliable_80": 1.0,
        "cov_80": 0.6912539601325989,
        "class_cov_80": 1.0
      },
      "output_dir": "/root/autodl-tmp/BayesVLM/output/ablate_uatb_full/id/ucf101/UATB_MIN/BAYESADAPTER/logit_scale_frozen/sigpar_0.005/sigperp_0.02/lu0_0.01/shot_4/seed_1/eval/id/val",
      "metrics_path": "/root/autodl-tmp/BayesVLM/output/ablate_uatb_full/id/ucf101/UATB_MIN/BAYESADAPTER/logit_scale_frozen/sigpar_0.005/sigperp_0.02/lu0_0.01/shot_4/seed_1/eval/id/val/metrics.json",
      "predictions_pt": "/root/autodl-tmp/BayesVLM/output/ablate_uatb_full/id/ucf101/UATB_MIN/BAYESADAPTER/logit_scale_frozen/sigpar_0.005/sigperp_0.02/lu0_0.01/shot_4/seed_1/eval/id/val/predictions.pt",
      "predictions_jsonl": "/root/autodl-tmp/BayesVLM/output/ablate_uatb_full/id/ucf101/UATB_MIN/BAYESADAPTER/logit_scale_frozen/sigpar_0.005/sigperp_0.02/lu0_0.01/shot_4/seed_1/eval/id/val/predictions.jsonl",
      "bins_path": "/root/autodl-tmp/BayesVLM/output/ablate_uatb_full/id/ucf101/UATB_MIN/BAYESADAPTER/logit_scale_frozen/sigpar_0.005/sigperp_0.02/lu0_0.01/shot_4/seed_1/eval/id/val/calibration_bins.csv",
      "adaptive_bins_path": "/root/autodl-tmp/BayesVLM/output/ablate_uatb_full/id/ucf101/UATB_MIN/BAYESADAPTER/logit_scale_frozen/sigpar_0.005/sigperp_0.02/lu0_0.01/shot_4/seed_1/eval/id/val/adaptive_calibration_bins.csv",
      "selective_metrics_path": "/root/autodl-tmp/BayesVLM/output/ablate_uatb_full/id/ucf101/UATB_MIN/BAYESADAPTER/logit_scale_frozen/sigpar_0.005/sigperp_0.02/lu0_0.01/shot_4/seed_1/eval/id/val/selective_metrics.csv"
    },
    "test": {
      "split_name": "test",
      "metrics": {
        "loss": 0.8885010780873451,
        "acc": 0.7494052052497864,
        "nlpd": 0.8869521021842957,
        "ece": 0.06212545186281204,
        "aece": 0.06249281994854683,
        "raw_cov_99": 0.3195876181125641,
        "sel_acc_99": 0.99338299036026,
        "reliable_99": 1.0,
        "cov_99": 0.3195876181125641,
        "class_cov_99": 0.801980198019802,
        "raw_cov_95": 0.4718477427959442,
        "sel_acc_95": 0.9753501415252686,
        "reliable_95": 1.0,
        "cov_95": 0.4718477427959442,
        "class_cov_95": 0.9405940594059405,
        "raw_cov_90": 0.5455987453460693,
        "sel_acc_90": 0.9568798542022705,
        "reliable_90": 1.0,
        "cov_90": 0.5455987453460693,
        "class_cov_90": 0.9900990099009901,
        "raw_cov_85": 0.5979381203651428,
        "sel_acc_85": 0.9398761987686157,
        "reliable_85": 1.0,
        "cov_85": 0.5979381203651428,
        "class_cov_85": 1.0,
        "raw_cov_80": 0.6428760290145874,
        "sel_acc_80": 0.9239309430122375,
        "reliable_80": 1.0,
        "cov_80": 0.6428760290145874,
        "class_cov_80": 1.0
      },
      "output_dir": "/root/autodl-tmp/BayesVLM/output/ablate_uatb_full/id/ucf101/UATB_MIN/BAYESADAPTER/logit_scale_frozen/sigpar_0.005/sigperp_0.02/lu0_0.01/shot_4/seed_1/eval/id/test",
      "metrics_path": "/root/autodl-tmp/BayesVLM/output/ablate_uatb_full/id/ucf101/UATB_MIN/BAYESADAPTER/logit_scale_frozen/sigpar_0.005/sigperp_0.02/lu0_0.01/shot_4/seed_1/eval/id/test/metrics.json",