{
  "loss": 0.014921687939895852,
  "acc": 1.0,
  "nlpd": 0.01473839208483696,
  "ece": 0.01455467939376831,
  "aece": 0.014554762309140502,
  "raw_cov_99": 0.4282178282737732,
  "sel_acc_99": 1.0,
  "reliable_99": 1.0,
  "cov_99": 0.4282178282737732,
  "class_cov_99": 0.7722772277227723,
  "raw_cov_95": 0.9900990128517151,
  "sel_acc_95": 1.0,
  "reliable_95": 1.0,
  "cov_95": 0.9900990128517151,
  "class_cov_95": 1.0,
  "raw_cov_90": 1.0,
  "sel_acc_90": 1.0,
  "reliable_90": 1.0,
  "cov_90": 1.0,
  "class_cov_90": 1.0,
  "raw_cov_85": 1.0,
  "sel_acc_85": 1.0,
  "reliable_85": 1.0,
  "cov_85": 1.0,
  "class_cov_85": 1.0,
  "raw_cov_80": 1.0,
  "sel_acc_80": 1.0,
  "reliable_80": 1.0,
  "cov_80": 1.0,
  "class_cov_80": 1.0
}