{
  "family": "vlm_adapter",
  "variant": "UATB_MIN",
  "protocol": "id",
  "dataset": "ucf101",
  "seed": 2,
  "model_selection": "last",
  "selection_metric": "acc",
  "selection_mode": "max",
  "best_epoch": 254,
  "best_val_metrics_saved": {
    "loss": 0.8922263592387402,
    "acc": 0.7692307829856873,
    "nlpd": 0.890716016292572,
    "ece": 0.04907146468758583,
    "aece": 0.04915149231982055,
    "raw_cov_99": 0.28398314118385315,
    "sel_acc_99": 0.9888682961463928,
    "reliable_99": 0.0,
    "cov_99": 0.0,
    "class_cov_99": 0.0,
    "raw_cov_95": 0.47629082202911377,
    "sel_acc_95": 0.9723451137542725,
    "reliable_95": 1.0,
    "cov_95": 0.47629082202911377,
    "class_cov_95": 0.9207920792079208,
    "raw_cov_90": 0.5484720468521118,
    "sel_acc_90": 0.9596541523933411,
    "reliable_90": 1.0,
    "cov_90": 0.5484720468521118,
    "class_cov_90": 0.9702970297029703,
    "raw_cov_85": 0.6059009432792664,
    "sel_acc_85": 0.9417391419410706,
    "reliable_85": 1.0,
    "cov_85": 0.6059009432792664,
    "class_cov_85": 0.9900990099009901,
    "raw_cov_80": 0.6591148376464844,
    "sel_acc_80": 0.9256594777107239,
    "reliable_80": 1.0,
    "cov_80": 0.6591148376464844,
    "class_cov_80": 0.9900990099009901
  },
  "last_epoch": 300,
  "last_val_metrics_saved": {
    "loss": 0.8907236652203431,
    "acc": 0.767123281955719,
    "nlpd": 0.8891422152519226,
    "ece": 0.05143630877137184,
    "aece": 0.051399375101035205,
    "raw_cov_99": 0.28398314118385315,
    "sel_acc_99": 0.9888682961463928,
    "reliable_99": 0.0,
    "cov_99": 0.0,
    "class_cov_99": 0.0,
    "raw_cov_95": 0.47471022605895996,
    "sel_acc_95": 0.973362922668457,
    "reliable_95": 1.0,
    "cov_95": 0.47471022605895996,
    "class_cov_95": 0.9207920792079208,
    "raw_cov_90": 0.5484720468521118,
    "sel_acc_90": 0.9596541523933411,
    "reliable_90": 1.0,
    "cov_90": 0.5484720468521118,
    "class_cov_90": 0.9702970297029703,
    "raw_cov_85": 0.6048471927642822,
    "sel_acc_85": 0.9451219439506531,
    "reliable_85": 1.0,
    "cov_85": 0.6048471927642822,
    "class_cov_85": 0.9900990099009901,
    "raw_cov_80": 0.6601685881614685,
    "sel_acc_80": 0.9249800443649292,
    "reliable_80": 1.0,
    "cov_80": 0.6601685881614685,
    "class_cov_80": 1.0
  },
  "run_dir": "/root/autodl-tmp/BayesVLM/output/ablate_uatb_unc_only/id/ucf101/UATB_MIN/BAYESADAPTER/logit_scale_frozen/sigpar_0.01/sigperp_0.01/lu0_0/shot_2/seed_2",
  "elapsed_seconds": 31.67,
  "artifacts": {
    "log_file": "train/train.log",
    "config_file": "config/config.json",
    "class_names_file": "config/class_names.json",
    "metrics_csv_file": "train/metrics_history.csv",
    "best_ckpt_file": "checkpoints/best_adapter.pt",
    "last_ckpt_file": "checkpoints/last_adapter.pt"
  }
}