{
  "loss": 0.04604596799553031,
  "acc": 1.0,
  "nlpd": 0.046045973896980286,
  "ece": 0.04343396797776222
}