{
  "loss": 0.014783581266972688,
  "acc": 1.0,
  "nlpd": 0.014623654074966908,
  "ece": 0.01439566072076559,
  "aece": 0.01439565375889882,
  "raw_cov_99": 0.5099009871482849,
  "sel_acc_99": 1.0,
  "reliable_99": 1.0,
  "cov_99": 0.5099009871482849,
  "class_cov_99": 0.9504950495049505,
  "raw_cov_95": 0.969059407711029,
  "sel_acc_95": 1.0,
  "reliable_95": 1.0,
  "cov_95": 0.969059407711029,
  "class_cov_95": 1.0,
  "raw_cov_90": 0.9975247383117676,
  "sel_acc_90": 1.0,
  "reliable_90": 1.0,
  "cov_90": 0.9975247383117676,
  "class_cov_90": 1.0,
  "raw_cov_85": 1.0,
  "sel_acc_85": 1.0,
  "reliable_85": 1.0,
  "cov_85": 1.0,
  "class_cov_85": 1.0,
  "raw_cov_80": 1.0,
  "sel_acc_80": 1.0,
  "reliable_80": 1.0,
  "cov_80": 1.0,
  "class_cov_80": 1.0
}