threshold,selected_count,raw_coverage,selected_accuracy,reliable,coverage,covered_classes,classwise_coverage
0.99,407,0.5037128925323486,1.0,True,0.5037128925323486,93,0.9207920792079208
0.95,782,0.9678217768669128,1.0,True,0.9678217768669128,101,1.0
0.9,806,0.9975247383117676,1.0,True,0.9975247383117676,101,1.0
0.85,808,1.0,1.0,True,1.0,101,1.0
0.8,808,1.0,1.0,True,1.0,101,1.0
