{
  "family": "vlm_adapter",
  "variant": "BAYESADAPTER",
  "protocol": "id",
  "dataset": "ucf101",
  "seed": 3,
  "evaluation_tasks": [
    "classification"
  ],
  "model_selection": "last",
  "selected_checkpoint": "last",
  "selected_epoch": 300,
  "selected_val_metrics": {
    "loss": 0.40479872462872585,
    "acc": 0.8735511302947998,
    "nlpd": 0.40383389592170715,
    "ece": 0.017735175788402557,
    "aece": 0.01824871908374782,
    "raw_cov_99": 0.45047417283058167,
    "sel_acc_99": 0.9988304376602173,
    "reliable_99": 1.0,
    "cov_99": 0.45047417283058167,
    "class_cov_99": 0.9306930693069307,
    "raw_cov_95": 0.6396206617355347,
    "sel_acc_95": 0.9876441359519958,
    "reliable_95": 1.0,
    "cov_95": 0.6396206617355347,
    "class_cov_95": 0.9900990099009901,
    "raw_cov_90": 0.717597484588623,
    "sel_acc_90": 0.9772393703460693,
    "reliable_90": 1.0,
    "cov_90": 0.717597484588623,
    "class_cov_90": 1.0,
    "raw_cov_85": 0.7639620900154114,
    "sel_acc_85": 0.9703448414802551,
    "reliable_85": 1.0,
    "cov_85": 0.7639620900154114,
    "class_cov_85": 1.0,
    "raw_cov_80": 0.8040041923522949,
    "sel_acc_80": 0.9619921445846558,
    "reliable_80": 1.0,
    "cov_80": 0.8040041923522949,
    "class_cov_80": 1.0
  },
  "classification": {
    "train": {
      "split_name": "train",
      "metrics": {
        "loss": 0.02075388951983192,
        "acc": 1.0,
        "nlpd": 0.020533710718154907,
        "ece": 0.02000615745782852,
        "aece": 0.020006149232682614,
        "raw_cov_99": 0.4913366436958313,
        "sel_acc_99": 1.0,
        "reliable_99": 1.0,
        "cov_99": 0.4913366436958313,
        "class_cov_99": 0.9207920792079208,
        "raw_cov_95": 0.8787128925323486,
        "sel_acc_95": 1.0,
        "reliable_95": 1.0,
        "cov_95": 0.8787128925323486,
        "class_cov_95": 1.0,
        "raw_cov_90": 0.9863861203193665,
        "sel_acc_90": 1.0,
        "reliable_90": 1.0,
        "cov_90": 0.9863861203193665,
        "class_cov_90": 1.0,
        "raw_cov_85": 0.9987623691558838,
        "sel_acc_85": 1.0,
        "reliable_85": 1.0,
        "cov_85": 0.9987623691558838,
        "class_cov_85": 1.0,
        "raw_cov_80": 1.0,
        "sel_acc_80": 1.0,
        "reliable_80": 1.0,
        "cov_80": 1.0,
        "class_cov_80": 1.0
      },
      "output_dir": "/root/autodl-tmp/BayesVLM/output/vlm_adapter/id/ucf101/BAYESADAPTER/BAYESADAPTER/logit_scale_frozen/prior_text_only__seed_3__last/shot_16/seed_3/eval/id/train",
      "metrics_path": "/root/autodl-tmp/BayesVLM/output/vlm_adapter/id/ucf101/BAYESADAPTER/BAYESADAPTER/logit_scale_frozen/prior_text_only__seed_3__last/shot_16/seed_3/eval/id/train/metrics.json",
      "predictions_pt": "/root/autodl-tmp/BayesVLM/output/vlm_adapter/id/ucf101/BAYESADAPTER/BAYESADAPTER/logit_scale_frozen/prior_text_only__seed_3__last/shot_16/seed_3/eval/id/train/predictions.pt",
      "predictions_jsonl": "/root/autodl-tmp/BayesVLM/output/vlm_adapter/id/ucf101/BAYESADAPTER/BAYESADAPTER/logit_scale_frozen/prior_text_only__seed_3__last/shot_16/seed_3/eval/id/train/predictions.jsonl",
      "bins_path": "/root/autodl-tmp/BayesVLM/output/vlm_adapter/id/ucf101/BAYESADAPTER/BAYESADAPTER/logit_scale_frozen/prior_text_only__seed_3__last/shot_16/seed_3/eval/id/train/calibration_bins.csv",
      "adaptive_bins_path": "/root/autodl-tmp/BayesVLM/output/vlm_adapter/id/ucf101/BAYESADAPTER/BAYESADAPTER/logit_scale_frozen/prior_text_only__seed_3__last/shot_16/seed_3/eval/id/train/adaptive_calibration_bins.csv",
      "selective_metrics_path": "/root/autodl-tmp/BayesVLM/output/vlm_adapter/id/ucf101/BAYESADAPTER/BAYESADAPTER/logit_scale_frozen/prior_text_only__seed_3__last/shot_16/seed_3/eval/id/train/selective_metrics.csv"
    },
    "val": {
      "split_name": "val",
      "metrics": {
        "loss": 0.4054749473002989,
        "acc": 0.8730242252349854,
        "nlpd": 0.40454962849617004,
        "ece": 0.018402965739369392,
        "aece": 0.019765606670158555,
        "raw_cov_99": 0.44731295108795166,
        "sel_acc_99": 0.9988221526145935,
        "reliable_99": 1.0,
        "cov_99": 0.44731295108795166,
        "class_cov_99": 0.9306930693069307,
        "raw_cov_95": 0.6390937566757202,
        "sel_acc_95": 0.9876339435577393,
        "reliable_95": 1.0,
        "cov_95": 0.6390937566757202,
        "class_cov_95": 0.9900990099009901,
        "raw_cov_90": 0.7165437340736389,
        "sel_acc_90": 0.9772058725357056,
        "reliable_90": 1.0,
        "cov_90": 0.7165437340736389,
        "class_cov_90": 1.0,
        "raw_cov_85": 0.7655426859855652,
        "sel_acc_85": 0.969717800617218,
        "reliable_85": 1.0,
        "cov_85": 0.7655426859855652,
        "class_cov_85": 1.0,
        "raw_cov_80": 0.8045310974121094,
        "sel_acc_80": 0.9613621234893799,
        "reliable_80": 1.0,
        "cov_80": 0.8045310974121094,
        "class_cov_80": 1.0
      },
      "output_dir": "/root/autodl-tmp/BayesVLM/output/vlm_adapter/id/ucf101/BAYESADAPTER/BAYESADAPTER/logit_scale_frozen/prior_text_only__seed_3__last/shot_16/seed_3/eval/id/val",
      "metrics_path": "/root/autodl-tmp/BayesVLM/output/vlm_adapter/id/ucf101/BAYESADAPTER/BAYESADAPTER/logit_scale_frozen/prior_text_only__seed_3__last/shot_16/seed_3/eval/id/val/metrics.json",
      "predictions_pt": "/root/autodl-tmp/BayesVLM/output/vlm_adapter/id/ucf101/BAYESADAPTER/BAYESADAPTER/logit_scale_frozen/prior_text_only__seed_3__last/shot_16/seed_3/eval/id/val/predictions.pt",
      "predictions_jsonl": "/root/autodl-tmp/BayesVLM/output/vlm_adapter/id/ucf101/BAYESADAPTER/BAYESADAPTER/logit_scale_frozen/prior_text_only__seed_3__last/shot_16/seed_3/eval/id/val/predictions.jsonl",
      "bins_path": "/root/autodl-tmp/BayesVLM/output/vlm_adapter/id/ucf101/BAYESADAPTER/BAYESADAPTER/logit_scale_frozen/prior_text_only__seed_3__last/shot_16/seed_3/eval/id/val/calibration_bins.csv",
      "adaptive_bins_path": "/root/autodl-tmp/BayesVLM/output/vlm_adapter/id/ucf101/BAYESADAPTER/BAYESADAPTER/logit_scale_frozen/prior_text_only__seed_3__last/shot_16/seed_3/eval/id/val/adaptive_calibration_bins.csv",
      "selective_metrics_path": "/root/autodl-tmp/BayesVLM/output/vlm_adapter/id/ucf101/BAYESADAPTER/BAYESADAPTER/logit_scale_frozen/prior_text_only__seed_3__last/shot_16/seed_3/eval/id/val/selective_metrics.csv"
    },
    "test": {
      "split_name": "test",
      "metrics": {
        "loss": 0.6534198689580499,
        "acc": 0.8131113052368164,
        "nlpd": 0.6521993279457092,
        "ece": 0.04288491979241371,
        "aece": 0.03964689772594804,
        "raw_cov_99": 0.39756807684898376,
        "sel_acc_99": 0.9960106611251831,
        "reliable_99": 1.0,
        "cov_99": 0.39756807684898376,
        "class_cov_99": 0.8712871287128713,
        "raw_cov_95": 0.5561723709106445,
        "sel_acc_95": 0.980038046836853,
        "reliable_95": 1.0,
        "cov_95": 0.5561723709106445,
        "class_cov_95": 1.0,
        "raw_cov_90": 0.6323024034500122,
        "sel_acc_90": 0.9665551781654358,
        "reliable_90": 1.0,
        "cov_90": 0.6323024034500122,
        "class_cov_90": 1.0,
        "raw_cov_85": 0.6809410452842712,
        "sel_acc_85": 0.9538043737411499,
        "reliable_85": 1.0,
        "cov_85": 0.6809410452842712,
        "class_cov_85": 1.0,
        "raw_cov_80": 0.7160983085632324,
        "sel_acc_80": 0.9405684471130371,
        "reliable_80": 1.0,
        "cov_80": 0.7160983085632324,
        "class_cov_80": 1.0
      },
      "output_dir": "/root/autodl-tmp/BayesVLM/output/vlm_adapter/id/ucf101/BAYESADAPTER/BAYESADAPTER/logit_scale_frozen/prior_text_only__seed_3__last/shot_16/seed_3/eval/id/test",
      "metrics_path": "/root/autodl-tmp/BayesVLM/output/vlm_adapter/id/ucf101/BAYESADAPTER/BAYESADAPTER/logit_scale_frozen/prior_text_only__seed_3__last/shot_16/seed_3/eval/id/test/metrics.json",