{
  "family": "vlm_adapter",
  "variant": "UATB_MIN",
  "protocol": "id",
  "dataset": "ucf101",
  "seed": 3,
  "evaluation_tasks": [
    "classification"
  ],
  "model_selection": "last",
  "selected_checkpoint": "last",
  "selected_epoch": 300,
  "selected_val_metrics": {
    "loss": 0.8573706392493213,
    "acc": 0.7639620900154114,
    "nlpd": 0.8557060956954956,
    "ece": 0.050494350492954254,
    "aece": 0.051961086038794485,
    "raw_cov_99": 0.2908324599266052,
    "sel_acc_99": 0.9981883764266968,
    "reliable_99": 1.0,
    "cov_99": 0.2908324599266052,
    "class_cov_99": 0.7326732673267327,
    "raw_cov_95": 0.46838778257369995,
    "sel_acc_95": 0.9775028228759766,
    "reliable_95": 1.0,
    "cov_95": 0.46838778257369995,
    "class_cov_95": 0.900990099009901,
    "raw_cov_90": 0.549525797367096,
    "sel_acc_90": 0.9616490602493286,
    "reliable_90": 1.0,
    "cov_90": 0.549525797367096,
    "class_cov_90": 0.9603960396039604,
    "raw_cov_85": 0.6032665967941284,
    "sel_acc_85": 0.943231463432312,
    "reliable_85": 1.0,
    "cov_85": 0.6032665967941284,
    "class_cov_85": 0.9801980198019802,
    "raw_cov_80": 0.6443625092506409,
    "sel_acc_80": 0.929681122303009,
    "reliable_80": 1.0,
    "cov_80": 0.6443625092506409,
    "class_cov_80": 1.0
  },
  "classification": {
    "train": {
      "split_name": "train",
      "metrics": {
        "loss": 0.014136623591184616,
        "acc": 1.0,
        "nlpd": 0.013956471346318722,
        "ece": 0.013799548149108887,
        "aece": 0.013799571754908797,
        "raw_cov_99": 0.44059404730796814,
        "sel_acc_99": 1.0,
        "reliable_99": 1.0,
        "cov_99": 0.44059404730796814,
        "class_cov_99": 0.6237623762376238,
        "raw_cov_95": 1.0,
        "sel_acc_95": 1.0,
        "reliable_95": 1.0,
        "cov_95": 1.0,
        "class_cov_95": 1.0,
        "raw_cov_90": 1.0,
        "sel_acc_90": 1.0,
        "reliable_90": 1.0,
        "cov_90": 1.0,
        "class_cov_90": 1.0,
        "raw_cov_85": 1.0,
        "sel_acc_85": 1.0,
        "reliable_85": 1.0,
        "cov_85": 1.0,
        "class_cov_85": 1.0,
        "raw_cov_80": 1.0,
        "sel_acc_80": 1.0,
        "reliable_80": 1.0,
        "cov_80": 1.0,
        "class_cov_80": 1.0
      },
      "output_dir": "/root/autodl-tmp/BayesVLM/output/ablate_uatb_unc_only/id/ucf101/UATB_MIN/BAYESADAPTER/logit_scale_frozen/sigpar_0.01/sigperp_0.01/lu0_0/shot_2/seed_3/eval/id/train",
      "metrics_path": "/root/autodl-tmp/BayesVLM/output/ablate_uatb_unc_only/id/ucf101/UATB_MIN/BAYESADAPTER/logit_scale_frozen/sigpar_0.01/sigperp_0.01/lu0_0/shot_2/seed_3/eval/id/train/metrics.json",
      "predictions_pt": "/root/autodl-tmp/BayesVLM/output/ablate_uatb_unc_only/id/ucf101/UATB_MIN/BAYESADAPTER/logit_scale_frozen/sigpar_0.01/sigperp_0.01/lu0_0/shot_2/seed_3/eval/id/train/predictions.pt",
      "predictions_jsonl": "/root/autodl-tmp/BayesVLM/output/ablate_uatb_unc_only/id/ucf101/UATB_MIN/BAYESADAPTER/logit_scale_frozen/sigpar_0.01/sigperp_0.01/lu0_0/shot_2/seed_3/eval/id/train/predictions.jsonl",
      "bins_path": "/root/autodl-tmp/BayesVLM/output/ablate_uatb_unc_only/id/ucf101/UATB_MIN/BAYESADAPTER/logit_scale_frozen/sigpar_0.01/sigperp_0.01/lu0_0/shot_2/seed_3/eval/id/train/calibration_bins.csv",
      "adaptive_bins_path": "/root/autodl-tmp/BayesVLM/output/ablate_uatb_unc_only/id/ucf101/UATB_MIN/BAYESADAPTER/logit_scale_frozen/sigpar_0.01/sigperp_0.01/lu0_0/shot_2/seed_3/eval/id/train/adaptive_calibration_bins.csv",
      "selective_metrics_path": "/root/autodl-tmp/BayesVLM/output/ablate_uatb_unc_only/id/ucf101/UATB_MIN/BAYESADAPTER/logit_scale_frozen/sigpar_0.01/sigperp_0.01/lu0_0/shot_2/seed_3/eval/id/train/selective_metrics.csv"
    },
    "val": {
      "split_name": "val",
      "metrics": {
        "loss": 0.8580279794960304,
        "acc": 0.7597470879554749,
        "nlpd": 0.8563832640647888,
        "ece": 0.05448548495769501,
        "aece": 0.05595169736914439,
        "raw_cov_99": 0.28925183415412903,
        "sel_acc_99": 0.9981784820556641,
        "reliable_99": 1.0,
        "cov_99": 0.28925183415412903,
        "class_cov_99": 0.7326732673267327,
        "raw_cov_95": 0.46522656083106995,
        "sel_acc_95": 0.9762174487113953,
        "reliable_95": 1.0,
        "cov_95": 0.46522656083106995,
        "class_cov_95": 0.9108910891089109,
        "raw_cov_90": 0.5500527024269104,
        "sel_acc_90": 0.961685836315155,
        "reliable_90": 1.0,
        "cov_90": 0.5500527024269104,
        "class_cov_90": 0.9603960396039604,
        "raw_cov_85": 0.6037934422492981,
        "sel_acc_85": 0.9424083828926086,
        "reliable_85": 1.0,
        "cov_85": 0.6037934422492981,
        "class_cov_85": 0.9801980198019802,
        "raw_cov_80": 0.6480506062507629,
        "sel_acc_80": 0.9292683005332947,
        "reliable_80": 1.0,
        "cov_80": 0.6480506062507629,
        "class_cov_80": 1.0
      },
      "output_dir": "/root/autodl-tmp/BayesVLM/output/ablate_uatb_unc_only/id/ucf101/UATB_MIN/BAYESADAPTER/logit_scale_frozen/sigpar_0.01/sigperp_0.01/lu0_0/shot_2/seed_3/eval/id/val",
      "metrics_path": "/root/autodl-tmp/BayesVLM/output/ablate_uatb_unc_only/id/ucf101/UATB_MIN/BAYESADAPTER/logit_scale_frozen/sigpar_0.01/sigperp_0.01/lu0_0/shot_2/seed_3/eval/id/val/metrics.json",
      "predictions_pt": "/root/autodl-tmp/BayesVLM/output/ablate_uatb_unc_only/id/ucf101/UATB_MIN/BAYESADAPTER/logit_scale_frozen/sigpar_0.01/sigperp_0.01/lu0_0/shot_2/seed_3/eval/id/val/predictions.pt",
      "predictions_jsonl": "/root/autodl-tmp/BayesVLM/output/ablate_uatb_unc_only/id/ucf101/UATB_MIN/BAYESADAPTER/logit_scale_frozen/sigpar_0.01/sigperp_0.01/lu0_0/shot_2/seed_3/eval/id/val/predictions.jsonl",
      "bins_path": "/root/autodl-tmp/BayesVLM/output/ablate_uatb_unc_only/id/ucf101/UATB_MIN/BAYESADAPTER/logit_scale_frozen/sigpar_0.01/sigperp_0.01/lu0_0/shot_2/seed_3/eval/id/val/calibration_bins.csv",
      "adaptive_bins_path": "/root/autodl-tmp/BayesVLM/output/ablate_uatb_unc_only/id/ucf101/UATB_MIN/BAYESADAPTER/logit_scale_frozen/sigpar_0.01/sigperp_0.01/lu0_0/shot_2/seed_3/eval/id/val/adaptive_calibration_bins.csv",
      "selective_metrics_path": "/root/autodl-tmp/BayesVLM/output/ablate_uatb_unc_only/id/ucf101/UATB_MIN/BAYESADAPTER/logit_scale_frozen/sigpar_0.01/sigperp_0.01/lu0_0/shot_2/seed_3/eval/id/val/selective_metrics.csv"
    },
    "test": {
      "split_name": "test",
      "metrics": {
        "loss": 0.9776935707851594,
        "acc": 0.7203277945518494,
        "nlpd": 0.9759296774864197,
        "ece": 0.07484293729066849,
        "aece": 0.0745961606510411,
        "raw_cov_99": 0.2825799584388733,
        "sel_acc_99": 0.9934518337249756,
        "reliable_99": 1.0,
        "cov_99": 0.2825799584388733,
        "class_cov_99": 0.7326732673267327,
        "raw_cov_95": 0.4255881607532501,
        "sel_acc_95": 0.9726707935333252,
        "reliable_95": 1.0,
        "cov_95": 0.4255881607532501,
        "class_cov_95": 0.9207920792079208,
        "raw_cov_90": 0.5046259760856628,
        "sel_acc_90": 0.9533787369728088,
        "reliable_90": 1.0,
        "cov_90": 0.5046259760856628,
        "class_cov_90": 0.9900990099009901,
        "raw_cov_85": 0.5659529566764832,
        "sel_acc_85": 0.9355441331863403,
        "reliable_85": 1.0,
        "cov_85": 0.5659529566764832,
        "class_cov_85": 1.0,
        "raw_cov_80": 0.6156489849090576,
        "sel_acc_80": 0.9132674932479858,
        "reliable_80": 1.0,
        "cov_80": 0.6156489849090576,
        "class_cov_80": 1.0
      },
      "output_dir": "/root/autodl-tmp/BayesVLM/output/ablate_uatb_unc_only/id/ucf101/UATB_MIN/BAYESADAPTER/logit_scale_frozen/sigpar_0.01/sigperp_0.01/lu0_0/shot_2/seed_3/eval/id/test",
      "metrics_path": "/root/autodl-tmp/BayesVLM/output/ablate_uatb_unc_only/id/ucf101/UATB_MIN/BAYESADAPTER/logit_scale_frozen/sigpar_0.01/sigperp_0.01/lu0_0/shot_2/seed_3/eval/id/test/metrics.json",