{
  "family": "vlm_adapter",
  "variant": "UATB_MIN",
  "protocol": "id",
  "dataset": "ucf101",
  "seed": 3,
  "evaluation_tasks": [
    "classification"
  ],
  "model_selection": "last",
  "selected_checkpoint": "last",
  "selected_epoch": 300,
  "selected_val_metrics": {
    "loss": 0.4021319895197644,
    "acc": 0.8751317262649536,
    "nlpd": 0.40120741724967957,
    "ece": 0.02190963551402092,
    "aece": 0.020568279873332436,
    "raw_cov_99": 0.4615384638309479,
    "sel_acc_99": 0.9977169036865234,
    "reliable_99": 1.0,
    "cov_99": 0.4615384638309479,
    "class_cov_99": 0.9405940594059405,
    "raw_cov_95": 0.6485774517059326,
    "sel_acc_95": 0.9861900806427002,
    "reliable_95": 1.0,
    "cov_95": 0.6485774517059326,
    "class_cov_95": 1.0,
    "raw_cov_90": 0.7228661775588989,
    "sel_acc_90": 0.9766764044761658,
    "reliable_90": 1.0,
    "cov_90": 0.7228661775588989,
    "class_cov_90": 1.0,
    "raw_cov_85": 0.7755532264709473,
    "sel_acc_85": 0.9694293737411499,
    "reliable_85": 1.0,
    "cov_85": 0.7755532264709473,
    "class_cov_85": 1.0,
    "raw_cov_80": 0.8087460398674011,
    "sel_acc_80": 0.9615635275840759,
    "reliable_80": 1.0,
    "cov_80": 0.8087460398674011,
    "class_cov_80": 1.0
  },
  "classification": {
    "train": {
      "split_name": "train",
      "metrics": {
        "loss": 0.017448137237662725,
        "acc": 1.0,
        "nlpd": 0.01726381853222847,
        "ece": 0.016890492290258408,
        "aece": 0.016890566427223752,
        "raw_cov_99": 0.5247524976730347,
        "sel_acc_99": 1.0,
        "reliable_99": 1.0,
        "cov_99": 0.5247524976730347,
        "class_cov_99": 0.9603960396039604,
        "raw_cov_95": 0.9170792102813721,
        "sel_acc_95": 1.0,
        "reliable_95": 1.0,
        "cov_95": 0.9170792102813721,
        "class_cov_95": 1.0,
        "raw_cov_90": 0.9938119053840637,
        "sel_acc_90": 1.0,
        "reliable_90": 1.0,
        "cov_90": 0.9938119053840637,
        "class_cov_90": 1.0,
        "raw_cov_85": 0.9993811845779419,
        "sel_acc_85": 1.0,
        "reliable_85": 1.0,
        "cov_85": 0.9993811845779419,
        "class_cov_85": 1.0,
        "raw_cov_80": 1.0,
        "sel_acc_80": 1.0,
        "reliable_80": 1.0,
        "cov_80": 1.0,
        "class_cov_80": 1.0
      },
      "output_dir": "/root/autodl-tmp/BayesVLM/output/ablate_uatb_aniso_only/id/ucf101/UATB_MIN/BAYESADAPTER/logit_scale_frozen/sigpar_0.005/sigperp_0.02/lu0_0/shot_16/seed_3/eval/id/train",
      "metrics_path": "/root/autodl-tmp/BayesVLM/output/ablate_uatb_aniso_only/id/ucf101/UATB_MIN/BAYESADAPTER/logit_scale_frozen/sigpar_0.005/sigperp_0.02/lu0_0/shot_16/seed_3/eval/id/train/metrics.json",
      "predictions_pt": "/root/autodl-tmp/BayesVLM/output/ablate_uatb_aniso_only/id/ucf101/UATB_MIN/BAYESADAPTER/logit_scale_frozen/sigpar_0.005/sigperp_0.02/lu0_0/shot_16/seed_3/eval/id/train/predictions.pt",
      "predictions_jsonl": "/root/autodl-tmp/BayesVLM/output/ablate_uatb_aniso_only/id/ucf101/UATB_MIN/BAYESADAPTER/logit_scale_frozen/sigpar_0.005/sigperp_0.02/lu0_0/shot_16/seed_3/eval/id/train/predictions.jsonl",
      "bins_path": "/root/autodl-tmp/BayesVLM/output/ablate_uatb_aniso_only/id/ucf101/UATB_MIN/BAYESADAPTER/logit_scale_frozen/sigpar_0.005/sigperp_0.02/lu0_0/shot_16/seed_3/eval/id/train/calibration_bins.csv",
      "adaptive_bins_path": "/root/autodl-tmp/BayesVLM/output/ablate_uatb_aniso_only/id/ucf101/UATB_MIN/BAYESADAPTER/logit_scale_frozen/sigpar_0.005/sigperp_0.02/lu0_0/shot_16/seed_3/eval/id/train/adaptive_calibration_bins.csv",
      "selective_metrics_path": "/root/autodl-tmp/BayesVLM/output/ablate_uatb_aniso_only/id/ucf101/UATB_MIN/BAYESADAPTER/logit_scale_frozen/sigpar_0.005/sigperp_0.02/lu0_0/shot_16/seed_3/eval/id/train/selective_metrics.csv"
    },
    "val": {
      "split_name": "val",
      "metrics": {
        "loss": 0.402787196372407,
        "acc": 0.8735511302947998,
        "nlpd": 0.4019026458263397,
        "ece": 0.022117624059319496,
        "aece": 0.02224479441396554,
        "raw_cov_99": 0.462592214345932,
        "sel_acc_99": 0.9977220892906189,
        "reliable_99": 1.0,
        "cov_99": 0.462592214345932,
        "class_cov_99": 0.9405940594059405,
        "raw_cov_95": 0.6485774517059326,
        "sel_acc_95": 0.987002432346344,
        "reliable_95": 1.0,
        "cov_95": 0.6485774517059326,
        "class_cov_95": 1.0,
        "raw_cov_90": 0.7218124270439148,
        "sel_acc_90": 0.9773722887039185,
        "reliable_90": 1.0,
        "cov_90": 0.7218124270439148,
        "class_cov_90": 1.0,
        "raw_cov_85": 0.7729188799858093,
        "sel_acc_85": 0.9700068235397339,
        "reliable_85": 1.0,
        "cov_85": 0.7729188799858093,
        "class_cov_85": 1.0,
        "raw_cov_80": 0.8097997903823853,
        "sel_acc_80": 0.9609628915786743,
        "reliable_80": 1.0,
        "cov_80": 0.8097997903823853,
        "class_cov_80": 1.0
      },
      "output_dir": "/root/autodl-tmp/BayesVLM/output/ablate_uatb_aniso_only/id/ucf101/UATB_MIN/BAYESADAPTER/logit_scale_frozen/sigpar_0.005/sigperp_0.02/lu0_0/shot_16/seed_3/eval/id/val",
      "metrics_path": "/root/autodl-tmp/BayesVLM/output/ablate_uatb_aniso_only/id/ucf101/UATB_MIN/BAYESADAPTER/logit_scale_frozen/sigpar_0.005/sigperp_0.02/lu0_0/shot_16/seed_3/eval/id/val/metrics.json",
      "predictions_pt": "/root/autodl-tmp/BayesVLM/output/ablate_uatb_aniso_only/id/ucf101/UATB_MIN/BAYESADAPTER/logit_scale_frozen/sigpar_0.005/sigperp_0.02/lu0_0/shot_16/seed_3/eval/id/val/predictions.pt",
      "predictions_jsonl": "/root/autodl-tmp/BayesVLM/output/ablate_uatb_aniso_only/id/ucf101/UATB_MIN/BAYESADAPTER/logit_scale_frozen/sigpar_0.005/sigperp_0.02/lu0_0/shot_16/seed_3/eval/id/val/predictions.jsonl",
      "bins_path": "/root/autodl-tmp/BayesVLM/output/ablate_uatb_aniso_only/id/ucf101/UATB_MIN/BAYESADAPTER/logit_scale_frozen/sigpar_0.005/sigperp_0.02/lu0_0/shot_16/seed_3/eval/id/val/calibration_bins.csv",
      "adaptive_bins_path": "/root/autodl-tmp/BayesVLM/output/ablate_uatb_aniso_only/id/ucf101/UATB_MIN/BAYESADAPTER/logit_scale_frozen/sigpar_0.005/sigperp_0.02/lu0_0/shot_16/seed_3/eval/id/val/adaptive_calibration_bins.csv",
      "selective_metrics_path": "/root/autodl-tmp/BayesVLM/output/ablate_uatb_aniso_only/id/ucf101/UATB_MIN/BAYESADAPTER/logit_scale_frozen/sigpar_0.005/sigperp_0.02/lu0_0/shot_16/seed_3/eval/id/val/selective_metrics.csv"
    },
    "test": {
      "split_name": "test",
      "metrics": {
        "loss": 0.6571488390200799,
        "acc": 0.8131113052368164,
        "nlpd": 0.6559703350067139,
        "ece": 0.0465073399245739,
        "aece": 0.042838105040191504,
        "raw_cov_99": 0.40893471240997314,
        "sel_acc_99": 0.9961215257644653,
        "reliable_99": 1.0,
        "cov_99": 0.40893471240997314,
        "class_cov_99": 0.8910891089108911,
        "raw_cov_95": 0.5670102834701538,
        "sel_acc_95": 0.9804195761680603,
        "reliable_95": 1.0,
        "cov_95": 0.5670102834701538,
        "class_cov_95": 1.0,
        "raw_cov_90": 0.6386466026306152,
        "sel_acc_90": 0.9664735198020935,
        "reliable_90": 1.0,
        "cov_90": 0.6386466026306152,
        "class_cov_90": 1.0,
        "raw_cov_85": 0.6872852444648743,
        "sel_acc_85": 0.9530768990516663,
        "reliable_85": 1.0,
        "cov_85": 0.6872852444648743,
        "class_cov_85": 1.0,
        "raw_cov_80": 0.7203277945518494,
        "sel_acc_80": 0.9405504465103149,
        "reliable_80": 1.0,
        "cov_80": 0.7203277945518494,
        "class_cov_80": 1.0
      },
      "output_dir": "/root/autodl-tmp/BayesVLM/output/ablate_uatb_aniso_only/id/ucf101/UATB_MIN/BAYESADAPTER/logit_scale_frozen/sigpar_0.005/sigperp_0.02/lu0_0/shot_16/seed_3/eval/id/test",