{
  "family": "vlm_adapter",
  "variant": "UATB_MIN",
  "protocol": "id",
  "dataset": "ucf101",
  "seed": 3,
  "evaluation_tasks": [
    "classification"
  ],
  "model_selection": "last",
  "selected_checkpoint": "last",
  "selected_epoch": 300,
  "selected_val_metrics": {
    "loss": 0.7040550627120553,
    "acc": 0.7939936518669128,
    "nlpd": 0.7026025056838989,
    "ece": 0.039309240877628326,
    "aece": 0.0400145389257417,
    "raw_cov_99": 0.3335089683532715,
    "sel_acc_99": 0.9968404173851013,
    "reliable_99": 1.0,
    "cov_99": 0.3335089683532715,
    "class_cov_99": 0.8118811881188119,
    "raw_cov_95": 0.5084299445152283,
    "sel_acc_95": 0.9834197163581848,
    "reliable_95": 1.0,
    "cov_95": 0.5084299445152283,
    "class_cov_95": 0.9702970297029703,
    "raw_cov_90": 0.5906217098236084,
    "sel_acc_90": 0.9705619812011719,
    "reliable_90": 1.0,
    "cov_90": 0.5906217098236084,
    "class_cov_90": 0.9900990099009901,
    "raw_cov_85": 0.6412012577056885,
    "sel_acc_85": 0.9605587720870972,
    "reliable_85": 1.0,
    "cov_85": 0.6412012577056885,
    "class_cov_85": 0.9900990099009901,
    "raw_cov_80": 0.6959958076477051,
    "sel_acc_80": 0.9447388052940369,
    "reliable_80": 1.0,
    "cov_80": 0.6959958076477051,
    "class_cov_80": 1.0
  },
  "classification": {
    "train": {
      "split_name": "train",
      "metrics": {
        "loss": 0.01620138917892876,
        "acc": 1.0,
        "nlpd": 0.016010740771889687,
        "ece": 0.015788137912750244,
        "aece": 0.015788138502895243,
        "raw_cov_99": 0.4207920730113983,
        "sel_acc_99": 1.0,
        "reliable_99": 1.0,
        "cov_99": 0.4207920730113983,
        "class_cov_99": 0.7722772277227723,
        "raw_cov_95": 0.9801980257034302,
        "sel_acc_95": 1.0,
        "reliable_95": 1.0,
        "cov_95": 0.9801980257034302,
        "class_cov_95": 1.0,
        "raw_cov_90": 1.0,
        "sel_acc_90": 1.0,
        "reliable_90": 1.0,
        "cov_90": 1.0,
        "class_cov_90": 1.0,
        "raw_cov_85": 1.0,
        "sel_acc_85": 1.0,
        "reliable_85": 1.0,
        "cov_85": 1.0,
        "class_cov_85": 1.0,
        "raw_cov_80": 1.0,
        "sel_acc_80": 1.0,
        "reliable_80": 1.0,
        "cov_80": 1.0,
        "class_cov_80": 1.0
      },
      "output_dir": "/root/autodl-tmp/BayesVLM/output/ablate_uatb_unc_only/id/ucf101/UATB_MIN/BAYESADAPTER/logit_scale_frozen/sigpar_0.01/sigperp_0.01/lu0_0.01/shot_4/seed_3/eval/id/train",
      "metrics_path": "/root/autodl-tmp/BayesVLM/output/ablate_uatb_unc_only/id/ucf101/UATB_MIN/BAYESADAPTER/logit_scale_frozen/sigpar_0.01/sigperp_0.01/lu0_0.01/shot_4/seed_3/eval/id/train/metrics.json",
      "predictions_pt": "/root/autodl-tmp/BayesVLM/output/ablate_uatb_unc_only/id/ucf101/UATB_MIN/BAYESADAPTER/logit_scale_frozen/sigpar_0.01/sigperp_0.01/lu0_0.01/shot_4/seed_3/eval/id/train/predictions.pt",
      "predictions_jsonl": "/root/autodl-tmp/BayesVLM/output/ablate_uatb_unc_only/id/ucf101/UATB_MIN/BAYESADAPTER/logit_scale_frozen/sigpar_0.01/sigperp_0.01/lu0_0.01/shot_4/seed_3/eval/id/train/predictions.jsonl",
      "bins_path": "/root/autodl-tmp/BayesVLM/output/ablate_uatb_unc_only/id/ucf101/UATB_MIN/BAYESADAPTER/logit_scale_frozen/sigpar_0.01/sigperp_0.01/lu0_0.01/shot_4/seed_3/eval/id/train/calibration_bins.csv",
      "adaptive_bins_path": "/root/autodl-tmp/BayesVLM/output/ablate_uatb_unc_only/id/ucf101/UATB_MIN/BAYESADAPTER/logit_scale_frozen/sigpar_0.01/sigperp_0.01/lu0_0.01/shot_4/seed_3/eval/id/train/adaptive_calibration_bins.csv",
      "selective_metrics_path": "/root/autodl-tmp/BayesVLM/output/ablate_uatb_unc_only/id/ucf101/UATB_MIN/BAYESADAPTER/logit_scale_frozen/sigpar_0.01/sigperp_0.01/lu0_0.01/shot_4/seed_3/eval/id/train/selective_metrics.csv"
    },
    "val": {
      "split_name": "val",
      "metrics": {
        "loss": 0.7066000179947993,
        "acc": 0.792413055896759,
        "nlpd": 0.7051630020141602,
        "ece": 0.04044429585337639,
        "aece": 0.04116347607998501,
        "raw_cov_99": 0.3345626890659332,
        "sel_acc_99": 0.9968503713607788,
        "reliable_99": 1.0,
        "cov_99": 0.3345626890659332,
        "class_cov_99": 0.8118811881188119,
        "raw_cov_95": 0.5084299445152283,
        "sel_acc_95": 0.9834197163581848,
        "reliable_95": 1.0,
        "cov_95": 0.5084299445152283,
        "class_cov_95": 0.9603960396039604,
        "raw_cov_90": 0.587460458278656,
        "sel_acc_90": 0.9704036116600037,
        "reliable_90": 1.0,
        "cov_90": 0.587460458278656,
        "class_cov_90": 0.9900990099009901,
        "raw_cov_85": 0.6401475071907043,
        "sel_acc_85": 0.960493803024292,
        "reliable_85": 1.0,
        "cov_85": 0.6401475071907043,
        "class_cov_85": 0.9900990099009901,
        "raw_cov_80": 0.6928345561027527,
        "sel_acc_80": 0.9437262415885925,
        "reliable_80": 1.0,
        "cov_80": 0.6928345561027527,
        "class_cov_80": 1.0
      },
      "output_dir": "/root/autodl-tmp/BayesVLM/output/ablate_uatb_unc_only/id/ucf101/UATB_MIN/BAYESADAPTER/logit_scale_frozen/sigpar_0.01/sigperp_0.01/lu0_0.01/shot_4/seed_3/eval/id/val",
      "metrics_path": "/root/autodl-tmp/BayesVLM/output/ablate_uatb_unc_only/id/ucf101/UATB_MIN/BAYESADAPTER/logit_scale_frozen/sigpar_0.01/sigperp_0.01/lu0_0.01/shot_4/seed_3/eval/id/val/metrics.json",
      "predictions_pt": "/root/autodl-tmp/BayesVLM/output/ablate_uatb_unc_only/id/ucf101/UATB_MIN/BAYESADAPTER/logit_scale_frozen/sigpar_0.01/sigperp_0.01/lu0_0.01/shot_4/seed_3/eval/id/val/predictions.pt",
      "predictions_jsonl": "/root/autodl-tmp/BayesVLM/output/ablate_uatb_unc_only/id/ucf101/UATB_MIN/BAYESADAPTER/logit_scale_frozen/sigpar_0.01/sigperp_0.01/lu0_0.01/shot_4/seed_3/eval/id/val/predictions.jsonl",
      "bins_path": "/root/autodl-tmp/BayesVLM/output/ablate_uatb_unc_only/id/ucf101/UATB_MIN/BAYESADAPTER/logit_scale_frozen/sigpar_0.01/sigperp_0.01/lu0_0.01/shot_4/seed_3/eval/id/val/calibration_bins.csv",
      "adaptive_bins_path": "/root/autodl-tmp/BayesVLM/output/ablate_uatb_unc_only/id/ucf101/UATB_MIN/BAYESADAPTER/logit_scale_frozen/sigpar_0.01/sigperp_0.01/lu0_0.01/shot_4/seed_3/eval/id/val/adaptive_calibration_bins.csv",
      "selective_metrics_path": "/root/autodl-tmp/BayesVLM/output/ablate_uatb_unc_only/id/ucf101/UATB_MIN/BAYESADAPTER/logit_scale_frozen/sigpar_0.01/sigperp_0.01/lu0_0.01/shot_4/seed_3/eval/id/val/selective_metrics.csv"
    },
    "test": {
      "split_name": "test",
      "metrics": {
        "loss": 0.8548554644646419,
        "acc": 0.7544277310371399,
        "nlpd": 0.8533485531806946,
        "ece": 0.0608944371342659,
        "aece": 0.06089441143833012,
        "raw_cov_99": 0.3161512017250061,
        "sel_acc_99": 0.9924749135971069,
        "reliable_99": 1.0,
        "cov_99": 0.3161512017250061,
        "class_cov_99": 0.801980198019802,
        "raw_cov_95": 0.47607719898223877,
        "sel_acc_95": 0.9727928638458252,
        "reliable_95": 1.0,
        "cov_95": 0.47607719898223877,
        "class_cov_95": 0.9702970297029703,
        "raw_cov_90": 0.5582870841026306,
        "sel_acc_90": 0.9521780014038086,
        "reliable_90": 1.0,
        "cov_90": 0.5582870841026306,
        "class_cov_90": 0.9900990099009901,
        "raw_cov_85": 0.6098334789276123,
        "sel_acc_85": 0.9432163238525391,
        "reliable_85": 1.0,
        "cov_85": 0.6098334789276123,
        "class_cov_85": 1.0,
        "raw_cov_80": 0.6560930609703064,
        "sel_acc_80": 0.9274778366088867,
        "reliable_80": 1.0,
        "cov_80": 0.6560930609703064,
        "class_cov_80": 1.0
      },
      "output_dir": "/root/autodl-tmp/BayesVLM/output/ablate_uatb_unc_only/id/ucf101/UATB_MIN/BAYESADAPTER/logit_scale_frozen/sigpar_0.01/sigperp_0.01/lu0_0.01/shot_4/seed_3/eval/id/test",