{
  "family": "vlm_adapter",
  "variant": "UATB_MIN",
  "protocol": "id",
  "dataset": "ucf101",
  "seed": 2,
  "model_selection": "last",
  "selection_metric": "acc",
  "selection_mode": "max",
  "best_epoch": 193,
  "best_val_metrics_saved": {
    "loss": 0.5751322790493578,
    "acc": 0.8498419523239136,
    "nlpd": 0.5739204287528992,
    "ece": 0.022686081007122993,
    "aece": 0.018942151889911565,
    "raw_cov_99": 0.3935721814632416,
    "sel_acc_99": 0.9892904758453369,
    "reliable_99": 0.0,
    "cov_99": 0.0,
    "class_cov_99": 0.0,
    "raw_cov_95": 0.5648050308227539,
    "sel_acc_95": 0.9813432693481445,
    "reliable_95": 1.0,
    "cov_95": 0.5648050308227539,
    "class_cov_95": 0.9603960396039604,
    "raw_cov_90": 0.6427818536758423,
    "sel_acc_90": 0.97295081615448,
    "reliable_90": 1.0,
    "cov_90": 0.6427818536758423,
    "class_cov_90": 0.9900990099009901,
    "raw_cov_85": 0.6981032490730286,
    "sel_acc_85": 0.9622641801834106,
    "reliable_85": 1.0,
    "cov_85": 0.6981032490730286,
    "class_cov_85": 0.9900990099009901,
    "raw_cov_80": 0.7402529120445251,
    "sel_acc_80": 0.9508897066116333,
    "reliable_80": 1.0,
    "cov_80": 0.7402529120445251,
    "class_cov_80": 1.0
  },
  "last_epoch": 300,
  "last_val_metrics_saved": {
    "loss": 0.5740016305660172,
    "acc": 0.8487882018089294,
    "nlpd": 0.5728356242179871,
    "ece": 0.023239579051733017,
    "aece": 0.02127062099876846,
    "raw_cov_99": 0.3983140289783478,
    "sel_acc_99": 0.9894179701805115,
    "reliable_99": 0.0,
    "cov_99": 0.0,
    "class_cov_99": 0.0,
    "raw_cov_95": 0.5690200328826904,
    "sel_acc_95": 0.9814814925193787,
    "reliable_95": 1.0,
    "cov_95": 0.5690200328826904,
    "class_cov_95": 0.9603960396039604,
    "raw_cov_90": 0.6496312022209167,
    "sel_acc_90": 0.9716139435768127,
    "reliable_90": 1.0,
    "cov_90": 0.6496312022209167,
    "class_cov_90": 0.9900990099009901,
    "raw_cov_85": 0.7007375955581665,
    "sel_acc_85": 0.9616541266441345,
    "reliable_85": 1.0,
    "cov_85": 0.7007375955581665,
    "class_cov_85": 0.9900990099009901,
    "raw_cov_80": 0.7413066625595093,
    "sel_acc_80": 0.9509595036506653,
    "reliable_80": 1.0,
    "cov_80": 0.7413066625595093,
    "class_cov_80": 1.0
  },
  "run_dir": "/root/autodl-tmp/BayesVLM/output/ablate_uatb_full/id/ucf101/UATB_MIN/BAYESADAPTER/logit_scale_frozen/sigpar_0.005/sigperp_0.02/lu0_0.01/shot_8/seed_2",
  "elapsed_seconds": 40.69,
  "artifacts": {
    "log_file": "train/train.log",
    "config_file": "config/config.json",
    "class_names_file": "config/class_names.json",
    "metrics_csv_file": "train/metrics_history.csv",
    "best_ckpt_file": "checkpoints/best_adapter.pt",
    "last_ckpt_file": "checkpoints/last_adapter.pt"
  }
}