{
  "family": "vlm_adapter",
  "variant": "UATB_MIN",
  "protocol": "id",
  "dataset": "ucf101",
  "seed": 1,
  "model_selection": "last",
  "selection_metric": "acc",
  "selection_mode": "max",
  "best_epoch": 257,
  "best_val_metrics_saved": {
    "loss": 0.716091353724955,
    "acc": 0.805057942867279,
    "nlpd": 0.7146586775779724,
    "ece": 0.033185649663209915,
    "aece": 0.032413664023667674,
    "raw_cov_99": 0.3298208713531494,
    "sel_acc_99": 0.9968051314353943,
    "reliable_99": 1.0,
    "cov_99": 0.3298208713531494,
    "class_cov_99": 0.8217821782178217,
    "raw_cov_95": 0.5015805959701538,
    "sel_acc_95": 0.980042040348053,
    "reliable_95": 1.0,
    "cov_95": 0.5015805959701538,
    "class_cov_95": 0.9306930693069307,
    "raw_cov_90": 0.5943098068237305,
    "sel_acc_90": 0.9618794322013855,
    "reliable_90": 1.0,
    "cov_90": 0.5943098068237305,
    "class_cov_90": 0.9801980198019802,
    "raw_cov_85": 0.6485774517059326,
    "sel_acc_85": 0.9545085430145264,
    "reliable_85": 1.0,
    "cov_85": 0.6485774517059326,
    "class_cov_85": 1.0,
    "raw_cov_80": 0.6902002096176147,
    "sel_acc_80": 0.9427480697631836,
    "reliable_80": 1.0,
    "cov_80": 0.6902002096176147,
    "class_cov_80": 1.0
  },
  "last_epoch": 300,
  "last_val_metrics_saved": {
    "loss": 0.7136030414458698,
    "acc": 0.8018967509269714,
    "nlpd": 0.7122046947479248,
    "ece": 0.035448625683784485,
    "aece": 0.03578483841693062,
    "raw_cov_99": 0.3298208713531494,
    "sel_acc_99": 0.9968051314353943,
    "reliable_99": 1.0,
    "cov_99": 0.3298208713531494,
    "class_cov_99": 0.8217821782178217,
    "raw_cov_95": 0.49894624948501587,
    "sel_acc_95": 0.9809926152229309,
    "reliable_95": 1.0,
    "cov_95": 0.49894624948501587,
    "class_cov_95": 0.9306930693069307,
    "raw_cov_90": 0.593782901763916,
    "sel_acc_90": 0.9618456363677979,
    "reliable_90": 1.0,
    "cov_90": 0.593782901763916,
    "class_cov_90": 0.9801980198019802,
    "raw_cov_85": 0.6522655487060547,
    "sel_acc_85": 0.9547657370567322,
    "reliable_85": 1.0,
    "cov_85": 0.6522655487060547,
    "class_cov_85": 1.0,
    "raw_cov_80": 0.6896733641624451,
    "sel_acc_80": 0.9427043795585632,
    "reliable_80": 1.0,
    "cov_80": 0.6896733641624451,
    "class_cov_80": 1.0
  },
  "run_dir": "/root/autodl-tmp/BayesVLM/output/ablate_uatb_full/id/ucf101/UATB_MIN/BAYESADAPTER/logit_scale_frozen/sigpar_0.005/sigperp_0.02/lu0_0.01/shot_4/seed_1",
  "elapsed_seconds": 31.56,
  "artifacts": {
    "log_file": "train/train.log",
    "config_file": "config/config.json",
    "class_names_file": "config/class_names.json",
    "metrics_csv_file": "train/metrics_history.csv",
    "best_ckpt_file": "checkpoints/best_adapter.pt",
    "last_ckpt_file": "checkpoints/last_adapter.pt"
  }
}