{
  "family": "vlm_adapter",
  "variant": "UATB_MIN",
  "protocol": "id",
  "dataset": "ucf101",
  "seed": 1,
  "model_selection": "last",
  "selection_metric": "acc",
  "selection_mode": "max",
  "best_epoch": 196,
  "best_val_metrics_saved": {
    "loss": 0.5389413753224123,
    "acc": 0.8530031442642212,
    "nlpd": 0.5377326607704163,
    "ece": 0.02312726154923439,
    "aece": 0.02274051867621716,
    "raw_cov_99": 0.39093783497810364,
    "sel_acc_99": 0.9946091771125793,
    "reliable_99": 1.0,
    "cov_99": 0.39093783497810364,
    "class_cov_99": 0.8811881188118812,
    "raw_cov_95": 0.5600632429122925,
    "sel_acc_95": 0.9811853170394897,
    "reliable_95": 1.0,
    "cov_95": 0.5600632429122925,
    "class_cov_95": 0.9801980198019802,
    "raw_cov_90": 0.6417281627655029,
    "sel_acc_90": 0.9737274050712585,
    "reliable_90": 1.0,
    "cov_90": 0.6417281627655029,
    "class_cov_90": 1.0,
    "raw_cov_85": 0.6917808055877686,
    "sel_acc_85": 0.9603960514068604,
    "reliable_85": 1.0,
    "cov_85": 0.6917808055877686,
    "class_cov_85": 1.0,
    "raw_cov_80": 0.7413066625595093,
    "sel_acc_80": 0.9495380520820618,
    "reliable_80": 1.0,
    "cov_80": 0.7413066625595093,
    "class_cov_80": 1.0
  },
  "last_epoch": 300,
  "last_val_metrics_saved": {
    "loss": 0.5371854648198167,
    "acc": 0.8524762988090515,
    "nlpd": 0.5359563231468201,
    "ece": 0.02408844232559204,
    "aece": 0.02320508340136143,
    "raw_cov_99": 0.39251843094825745,
    "sel_acc_99": 0.9946308732032776,
    "reliable_99": 1.0,
    "cov_99": 0.39251843094825745,
    "class_cov_99": 0.8910891089108911,
    "raw_cov_95": 0.5648050308227539,
    "sel_acc_95": 0.9813432693481445,
    "reliable_95": 1.0,
    "cov_95": 0.5648050308227539,
    "class_cov_95": 0.9801980198019802,
    "raw_cov_90": 0.6464699506759644,
    "sel_acc_90": 0.9731051325798035,
    "reliable_90": 1.0,
    "cov_90": 0.6464699506759644,
    "class_cov_90": 1.0,
    "raw_cov_85": 0.694942057132721,
    "sel_acc_85": 0.9598180651664734,
    "reliable_85": 1.0,
    "cov_85": 0.694942057132721,
    "class_cov_85": 1.0,
    "raw_cov_80": 0.7449947595596313,
    "sel_acc_80": 0.9469589591026306,
    "reliable_80": 1.0,
    "cov_80": 0.7449947595596313,
    "class_cov_80": 1.0
  },
  "run_dir": "/root/autodl-tmp/BayesVLM/output/ablate_uatb_unc_only/id/ucf101/UATB_MIN/BAYESADAPTER/logit_scale_frozen/sigpar_0.01/sigperp_0.01/lu0_0/shot_8/seed_1",
  "elapsed_seconds": 37.84,
  "artifacts": {
    "log_file": "train/train.log",
    "config_file": "config/config.json",
    "class_names_file": "config/class_names.json",
    "metrics_csv_file": "train/metrics_history.csv",
    "best_ckpt_file": "checkpoints/best_adapter.pt",
    "last_ckpt_file": "checkpoints/last_adapter.pt"
  }
}