{
  "loss": 0.015188742382912943,
  "acc": 1.0,
  "nlpd": 0.015006867237389088,
  "ece": 0.014770984649658203,
  "aece": 0.014770806352100749,
  "raw_cov_99": 0.5074257254600525,
  "sel_acc_99": 1.0,
  "reliable_99": 1.0,
  "cov_99": 0.5074257254600525,
  "class_cov_99": 0.9108910891089109,
  "raw_cov_95": 0.9653465151786804,
  "sel_acc_95": 1.0,
  "reliable_95": 1.0,
  "cov_95": 0.9653465151786804,
  "class_cov_95": 1.0,
  "raw_cov_90": 1.0,
  "sel_acc_90": 1.0,
  "reliable_90": 1.0,
  "cov_90": 1.0,
  "class_cov_90": 1.0,
  "raw_cov_85": 1.0,
  "sel_acc_85": 1.0,
  "reliable_85": 1.0,
  "cov_85": 1.0,
  "class_cov_85": 1.0,
  "raw_cov_80": 1.0,
  "sel_acc_80": 1.0,
  "reliable_80": 1.0,
  "cov_80": 1.0,
  "class_cov_80": 1.0
}