threshold,selected_count,raw_coverage,selected_accuracy,reliable,coverage,covered_classes,classwise_coverage
0.99,408,0.5049505233764648,1.0,True,0.5049505233764648,92,0.9108910891089109
0.95,784,0.9702970385551453,1.0,True,0.9702970385551453,101,1.0
0.9,808,1.0,1.0,True,1.0,101,1.0
0.85,808,1.0,1.0,True,1.0,101,1.0
0.8,808,1.0,1.0,True,1.0,101,1.0
