{
  "family": "vlm_adapter",
  "variant": "UATB_MIN",
  "protocol": "id",
  "dataset": "ucf101",
  "seed": 1,
  "model_selection": "last",
  "selection_metric": "acc",
  "selection_mode": "max",
  "best_epoch": 68,
  "best_val_metrics_saved": {
    "loss": 0.8545054989946403,
    "acc": 0.7639620900154114,
    "nlpd": 0.852741539478302,
    "ece": 0.040433596819639206,
    "aece": 0.03496889030468602,
    "raw_cov_99": 0.257639616727829,
    "sel_acc_99": 1.0,
    "reliable_99": 1.0,
    "cov_99": 0.257639616727829,
    "class_cov_99": 0.6633663366336634,
    "raw_cov_95": 0.4109589159488678,
    "sel_acc_95": 0.9846153855323792,
    "reliable_95": 1.0,
    "cov_95": 0.4109589159488678,
    "class_cov_95": 0.9207920792079208,
    "raw_cov_90": 0.5010537505149841,
    "sel_acc_90": 0.9663512110710144,
    "reliable_90": 1.0,
    "cov_90": 0.5010537505149841,
    "class_cov_90": 0.9504950495049505,
    "raw_cov_85": 0.5690200328826904,
    "sel_acc_85": 0.9537037014961243,
    "reliable_85": 1.0,
    "cov_85": 0.5690200328826904,
    "class_cov_85": 0.9900990099009901,
    "raw_cov_80": 0.6259220242500305,
    "sel_acc_80": 0.9309764504432678,
    "reliable_80": 1.0,
    "cov_80": 0.6259220242500305,
    "class_cov_80": 1.0
  },
  "last_epoch": 300,
  "last_val_metrics_saved": {
    "loss": 0.8419797358950021,
    "acc": 0.7618545889854431,
    "nlpd": 0.8403375148773193,
    "ece": 0.04705161601305008,
    "aece": 0.04799059077359351,
    "raw_cov_99": 0.276606947183609,
    "sel_acc_99": 1.0,
    "reliable_99": 1.0,
    "cov_99": 0.276606947183609,
    "class_cov_99": 0.7326732673267327,
    "raw_cov_95": 0.43466806411743164,
    "sel_acc_95": 0.9854545593261719,
    "reliable_95": 1.0,
    "cov_95": 0.43466806411743164,
    "class_cov_95": 0.9405940594059405,
    "raw_cov_90": 0.5247629284858704,
    "sel_acc_90": 0.968875527381897,
    "reliable_90": 1.0,
    "cov_90": 0.5247629284858704,
    "class_cov_90": 0.9603960396039604,
    "raw_cov_85": 0.5858798623085022,
    "sel_acc_85": 0.951438844203949,
    "reliable_85": 1.0,
    "cov_85": 0.5858798623085022,
    "class_cov_85": 1.0,
    "raw_cov_80": 0.6406744122505188,
    "sel_acc_80": 0.9317434430122375,
    "reliable_80": 1.0,
    "cov_80": 0.6406744122505188,
    "class_cov_80": 1.0
  },
  "run_dir": "/root/autodl-tmp/BayesVLM/output/ablate_uatb_full/id/ucf101/UATB_MIN/BAYESADAPTER/logit_scale_frozen/sigpar_0.005/sigperp_0.02/lu0_0/shot_2/seed_1",
  "elapsed_seconds": 31.12,
  "artifacts": {
    "log_file": "train/train.log",
    "config_file": "config/config.json",
    "class_names_file": "config/class_names.json",
    "metrics_csv_file": "train/metrics_history.csv",
    "best_ckpt_file": "checkpoints/best_adapter.pt",
    "last_ckpt_file": "checkpoints/last_adapter.pt"
  }
}