{
  "family": "vlm_adapter",
  "variant": "UATB_MIN",
  "protocol": "id",
  "dataset": "ucf101",
  "seed": 3,
  "model_selection": "last",
  "selection_metric": "acc",
  "selection_mode": "max",
  "best_epoch": 202,
  "best_val_metrics_saved": {
    "loss": 0.7013987213593011,
    "acc": 0.7971549034118652,
    "nlpd": 0.6999735832214355,
    "ece": 0.035581670701503754,
    "aece": 0.03631930447353327,
    "raw_cov_99": 0.3335089683532715,
    "sel_acc_99": 0.9968404173851013,
    "reliable_99": 1.0,
    "cov_99": 0.3335089683532715,
    "class_cov_99": 0.8118811881188119,
    "raw_cov_95": 0.5094836950302124,
    "sel_acc_95": 0.9834539890289307,
    "reliable_95": 1.0,
    "cov_95": 0.5094836950302124,
    "class_cov_95": 0.9702970297029703,
    "raw_cov_90": 0.5885142087936401,
    "sel_acc_90": 0.9713518619537354,
    "reliable_90": 1.0,
    "cov_90": 0.5885142087936401,
    "class_cov_90": 0.9900990099009901,
    "raw_cov_85": 0.6406744122505188,
    "sel_acc_85": 0.9613487124443054,
    "reliable_85": 1.0,
    "cov_85": 0.6406744122505188,
    "class_cov_85": 0.9900990099009901,
    "raw_cov_80": 0.6933614611625671,
    "sel_acc_80": 0.9437689781188965,
    "reliable_80": 1.0,
    "cov_80": 0.6933614611625671,
    "class_cov_80": 1.0
  },
  "last_epoch": 300,
  "last_val_metrics_saved": {
    "loss": 0.7040550627120553,
    "acc": 0.7939936518669128,
    "nlpd": 0.7026025056838989,
    "ece": 0.039309240877628326,
    "aece": 0.0400145389257417,
    "raw_cov_99": 0.3335089683532715,
    "sel_acc_99": 0.9968404173851013,
    "reliable_99": 1.0,
    "cov_99": 0.3335089683532715,
    "class_cov_99": 0.8118811881188119,
    "raw_cov_95": 0.5084299445152283,
    "sel_acc_95": 0.9834197163581848,
    "reliable_95": 1.0,
    "cov_95": 0.5084299445152283,
    "class_cov_95": 0.9702970297029703,
    "raw_cov_90": 0.5906217098236084,
    "sel_acc_90": 0.9705619812011719,
    "reliable_90": 1.0,
    "cov_90": 0.5906217098236084,
    "class_cov_90": 0.9900990099009901,
    "raw_cov_85": 0.6412012577056885,
    "sel_acc_85": 0.9605587720870972,
    "reliable_85": 1.0,
    "cov_85": 0.6412012577056885,
    "class_cov_85": 0.9900990099009901,
    "raw_cov_80": 0.6959958076477051,
    "sel_acc_80": 0.9447388052940369,
    "reliable_80": 1.0,
    "cov_80": 0.6959958076477051,
    "class_cov_80": 1.0
  },
  "run_dir": "/root/autodl-tmp/BayesVLM/output/ablate_uatb_unc_only/id/ucf101/UATB_MIN/BAYESADAPTER/logit_scale_frozen/sigpar_0.01/sigperp_0.01/lu0_0.01/shot_4/seed_3",
  "elapsed_seconds": 35.11,
  "artifacts": {
    "log_file": "train/train.log",
    "config_file": "config/config.json",
    "class_names_file": "config/class_names.json",
    "metrics_csv_file": "train/metrics_history.csv",
    "best_ckpt_file": "checkpoints/best_adapter.pt",
    "last_ckpt_file": "checkpoints/last_adapter.pt"
  }
}