{
  "family": "vlm_adapter",
  "variant": "UATB_MIN",
  "protocol": "id",
  "dataset": "ucf101",
  "seed": 3,
  "evaluation_tasks": [
    "classification"
  ],
  "model_selection": "last",
  "selected_checkpoint": "last",
  "selected_epoch": 300,
  "selected_val_metrics": {
    "loss": 0.8413904240812216,
    "acc": 0.7639620900154114,
    "nlpd": 0.8398114442825317,
    "ece": 0.047182563692331314,
    "aece": 0.04838429992769239,
    "raw_cov_99": 0.27924129366874695,
    "sel_acc_99": 0.998113214969635,
    "reliable_99": 1.0,
    "cov_99": 0.27924129366874695,
    "class_cov_99": 0.7227722772277227,
    "raw_cov_95": 0.45574289560317993,
    "sel_acc_95": 0.9791907668113708,
    "reliable_95": 1.0,
    "cov_95": 0.45574289560317993,
    "class_cov_95": 0.8910891089108911,
    "raw_cov_90": 0.5442571043968201,
    "sel_acc_90": 0.9680542349815369,
    "reliable_90": 1.0,
    "cov_90": 0.5442571043968201,
    "class_cov_90": 0.9504950495049505,
    "raw_cov_85": 0.5958904027938843,
    "sel_acc_85": 0.9487179517745972,
    "reliable_85": 1.0,
    "cov_85": 0.5958904027938843,
    "class_cov_85": 0.9801980198019802,
    "raw_cov_80": 0.6422550082206726,
    "sel_acc_80": 0.9302707314491272,
    "reliable_80": 1.0,
    "cov_80": 0.6422550082206726,
    "class_cov_80": 1.0
  },
  "classification": {
    "train": {
      "split_name": "train",
      "metrics": {
        "loss": 0.014640667475759983,
        "acc": 1.0,
        "nlpd": 0.014466925524175167,
        "ece": 0.014295458793640137,
        "aece": 0.014295437253347719,
        "raw_cov_99": 0.44059404730796814,
        "sel_acc_99": 1.0,
        "reliable_99": 1.0,
        "cov_99": 0.44059404730796814,
        "class_cov_99": 0.6237623762376238,
        "raw_cov_95": 0.9900990128517151,
        "sel_acc_95": 1.0,
        "reliable_95": 1.0,
        "cov_95": 0.9900990128517151,
        "class_cov_95": 1.0,
        "raw_cov_90": 1.0,
        "sel_acc_90": 1.0,
        "reliable_90": 1.0,
        "cov_90": 1.0,
        "class_cov_90": 1.0,
        "raw_cov_85": 1.0,
        "sel_acc_85": 1.0,
        "reliable_85": 1.0,
        "cov_85": 1.0,
        "class_cov_85": 1.0,
        "raw_cov_80": 1.0,
        "sel_acc_80": 1.0,
        "reliable_80": 1.0,
        "cov_80": 1.0,
        "class_cov_80": 1.0
      },
      "output_dir": "/root/autodl-tmp/BayesVLM/output/ablate_uatb_full/id/ucf101/UATB_MIN/BAYESADAPTER/logit_scale_frozen/sigpar_0.005/sigperp_0.02/lu0_0.01/shot_2/seed_3/eval/id/train",
      "metrics_path": "/root/autodl-tmp/BayesVLM/output/ablate_uatb_full/id/ucf101/UATB_MIN/BAYESADAPTER/logit_scale_frozen/sigpar_0.005/sigperp_0.02/lu0_0.01/shot_2/seed_3/eval/id/train/metrics.json",
      "predictions_pt": "/root/autodl-tmp/BayesVLM/output/ablate_uatb_full/id/ucf101/UATB_MIN/BAYESADAPTER/logit_scale_frozen/sigpar_0.005/sigperp_0.02/lu0_0.01/shot_2/seed_3/eval/id/train/predictions.pt",
      "predictions_jsonl": "/root/autodl-tmp/BayesVLM/output/ablate_uatb_full/id/ucf101/UATB_MIN/BAYESADAPTER/logit_scale_frozen/sigpar_0.005/sigperp_0.02/lu0_0.01/shot_2/seed_3/eval/id/train/predictions.jsonl",
      "bins_path": "/root/autodl-tmp/BayesVLM/output/ablate_uatb_full/id/ucf101/UATB_MIN/BAYESADAPTER/logit_scale_frozen/sigpar_0.005/sigperp_0.02/lu0_0.01/shot_2/seed_3/eval/id/train/calibration_bins.csv",
      "adaptive_bins_path": "/root/autodl-tmp/BayesVLM/output/ablate_uatb_full/id/ucf101/UATB_MIN/BAYESADAPTER/logit_scale_frozen/sigpar_0.005/sigperp_0.02/lu0_0.01/shot_2/seed_3/eval/id/train/adaptive_calibration_bins.csv",
      "selective_metrics_path": "/root/autodl-tmp/BayesVLM/output/ablate_uatb_full/id/ucf101/UATB_MIN/BAYESADAPTER/logit_scale_frozen/sigpar_0.005/sigperp_0.02/lu0_0.01/shot_2/seed_3/eval/id/train/selective_metrics.csv"
    },
    "val": {
      "split_name": "val",
      "metrics": {
        "loss": 0.8420500816861747,
        "acc": 0.7629083395004272,
        "nlpd": 0.8404930830001831,
        "ece": 0.04877711832523346,
        "aece": 0.049318965324235034,
        "raw_cov_99": 0.27924129366874695,
        "sel_acc_99": 0.998113214969635,
        "reliable_99": 1.0,
        "cov_99": 0.27924129366874695,
        "class_cov_99": 0.7227722772277227,
        "raw_cov_95": 0.4567966163158417,
        "sel_acc_95": 0.979238748550415,
        "reliable_95": 1.0,
        "cov_95": 0.4567966163158417,
        "class_cov_95": 0.8910891089108911,
        "raw_cov_90": 0.5426765084266663,
        "sel_acc_90": 0.9660193920135498,
        "reliable_90": 1.0,
        "cov_90": 0.5426765084266663,
        "class_cov_90": 0.9504950495049505,
        "raw_cov_85": 0.5979979038238525,
        "sel_acc_85": 0.9488986730575562,
        "reliable_85": 1.0,
        "cov_85": 0.5979979038238525,
        "class_cov_85": 0.9801980198019802,
        "raw_cov_80": 0.6427818536758423,
        "sel_acc_80": 0.9319671988487244,
        "reliable_80": 1.0,
        "cov_80": 0.6427818536758423,
        "class_cov_80": 1.0
      },
      "output_dir": "/root/autodl-tmp/BayesVLM/output/ablate_uatb_full/id/ucf101/UATB_MIN/BAYESADAPTER/logit_scale_frozen/sigpar_0.005/sigperp_0.02/lu0_0.01/shot_2/seed_3/eval/id/val",
      "metrics_path": "/root/autodl-tmp/BayesVLM/output/ablate_uatb_full/id/ucf101/UATB_MIN/BAYESADAPTER/logit_scale_frozen/sigpar_0.005/sigperp_0.02/lu0_0.01/shot_2/seed_3/eval/id/val/metrics.json",
      "predictions_pt": "/root/autodl-tmp/BayesVLM/output/ablate_uatb_full/id/ucf101/UATB_MIN/BAYESADAPTER/logit_scale_frozen/sigpar_0.005/sigperp_0.02/lu0_0.01/shot_2/seed_3/eval/id/val/predictions.pt",
      "predictions_jsonl": "/root/autodl-tmp/BayesVLM/output/ablate_uatb_full/id/ucf101/UATB_MIN/BAYESADAPTER/logit_scale_frozen/sigpar_0.005/sigperp_0.02/lu0_0.01/shot_2/seed_3/eval/id/val/predictions.jsonl",
      "bins_path": "/root/autodl-tmp/BayesVLM/output/ablate_uatb_full/id/ucf101/UATB_MIN/BAYESADAPTER/logit_scale_frozen/sigpar_0.005/sigperp_0.02/lu0_0.01/shot_2/seed_3/eval/id/val/calibration_bins.csv",
      "adaptive_bins_path": "/root/autodl-tmp/BayesVLM/output/ablate_uatb_full/id/ucf101/UATB_MIN/BAYESADAPTER/logit_scale_frozen/sigpar_0.005/sigperp_0.02/lu0_0.01/shot_2/seed_3/eval/id/val/adaptive_calibration_bins.csv",
      "selective_metrics_path": "/root/autodl-tmp/BayesVLM/output/ablate_uatb_full/id/ucf101/UATB_MIN/BAYESADAPTER/logit_scale_frozen/sigpar_0.005/sigperp_0.02/lu0_0.01/shot_2/seed_3/eval/id/val/selective_metrics.csv"
    },
    "test": {
      "split_name": "test",
      "metrics": {
        "loss": 0.9632245967415253,
        "acc": 0.7224425077438354,
        "nlpd": 0.9615519642829895,
        "ece": 0.06829502433538437,
        "aece": 0.06829501733384749,
        "raw_cov_99": 0.269891619682312,
        "sel_acc_99": 0.9951028227806091,
        "reliable_99": 1.0,
        "cov_99": 0.269891619682312,
        "class_cov_99": 0.7128712871287128,
        "raw_cov_95": 0.4176579415798187,
        "sel_acc_95": 0.9746835231781006,
        "reliable_95": 1.0,
        "cov_95": 0.4176579415798187,
        "class_cov_95": 0.9108910891089109,
        "raw_cov_90": 0.4964314103126526,
        "sel_acc_90": 0.9568690061569214,
        "reliable_90": 1.0,
        "cov_90": 0.4964314103126526,
        "class_cov_90": 0.9801980198019802,
        "raw_cov_85": 0.5572296977043152,
        "sel_acc_85": 0.9407020807266235,
        "reliable_85": 1.0,
        "cov_85": 0.5572296977043152,
        "class_cov_85": 1.0,
        "raw_cov_80": 0.6071900725364685,
        "sel_acc_80": 0.9203308820724487,
        "reliable_80": 1.0,
        "cov_80": 0.6071900725364685,
        "class_cov_80": 1.0
      },
      "output_dir": "/root/autodl-tmp/BayesVLM/output/ablate_uatb_full/id/ucf101/UATB_MIN/BAYESADAPTER/logit_scale_frozen/sigpar_0.005/sigperp_0.02/lu0_0.01/shot_2/seed_3/eval/id/test",