{
  "family": "vlm_adapter",
  "variant": "UATB_MIN",
  "protocol": "id",
  "dataset": "ucf101",
  "seed": 2,
  "evaluation_tasks": [
    "classification"
  ],
  "model_selection": "last",
  "selected_checkpoint": "last",
  "selected_epoch": 300,
  "selected_val_metrics": {
    "loss": 0.4372909791351495,
    "acc": 0.8798735737800598,
    "nlpd": 0.4363337755203247,
    "ece": 0.014617310836911201,
    "aece": 0.011998756448134733,
    "raw_cov_99": 0.4631190598011017,
    "sel_acc_99": 0.9931740760803223,
    "reliable_99": 1.0,
    "cov_99": 0.4631190598011017,
    "class_cov_99": 0.9405940594059405,
    "raw_cov_95": 0.6417281627655029,
    "sel_acc_95": 0.9868637323379517,
    "reliable_95": 1.0,
    "cov_95": 0.6417281627655029,
    "class_cov_95": 0.9900990099009901,
    "raw_cov_90": 0.7107481360435486,
    "sel_acc_90": 0.9777613282203674,
    "reliable_90": 1.0,
    "cov_90": 0.7107481360435486,
    "class_cov_90": 1.0,
    "raw_cov_85": 0.758166491985321,
    "sel_acc_85": 0.9722028970718384,
    "reliable_85": 1.0,
    "cov_85": 0.758166491985321,
    "class_cov_85": 1.0,
    "raw_cov_80": 0.7918862104415894,
    "sel_acc_80": 0.9647371768951416,
    "reliable_80": 1.0,
    "cov_80": 0.7918862104415894,
    "class_cov_80": 1.0
  },
  "classification": {
    "train": {
      "split_name": "train",
      "metrics": {
        "loss": 0.017929743422139988,
        "acc": 1.0,
        "nlpd": 0.01772189885377884,
        "ece": 0.017318347468972206,
        "aece": 0.017318297952118488,
        "raw_cov_99": 0.5241336822509766,
        "sel_acc_99": 1.0,
        "reliable_99": 1.0,
        "cov_99": 0.5241336822509766,
        "class_cov_99": 0.9801980198019802,
        "raw_cov_95": 0.9146039485931396,
        "sel_acc_95": 1.0,
        "reliable_95": 1.0,
        "cov_95": 0.9146039485931396,
        "class_cov_95": 1.0,
        "raw_cov_90": 0.9931930899620056,
        "sel_acc_90": 1.0,
        "reliable_90": 1.0,
        "cov_90": 0.9931930899620056,
        "class_cov_90": 1.0,
        "raw_cov_85": 0.9981435537338257,
        "sel_acc_85": 1.0,
        "reliable_85": 1.0,
        "cov_85": 0.9981435537338257,
        "class_cov_85": 1.0,
        "raw_cov_80": 1.0,
        "sel_acc_80": 1.0,
        "reliable_80": 1.0,
        "cov_80": 1.0,
        "class_cov_80": 1.0
      },
      "output_dir": "/root/autodl-tmp/BayesVLM/output/ablate_uatb_aniso_only/id/ucf101/UATB_MIN/BAYESADAPTER/logit_scale_frozen/sigpar_0.005/sigperp_0.02/lu0_0/shot_16/seed_2/eval/id/train",
      "metrics_path": "/root/autodl-tmp/BayesVLM/output/ablate_uatb_aniso_only/id/ucf101/UATB_MIN/BAYESADAPTER/logit_scale_frozen/sigpar_0.005/sigperp_0.02/lu0_0/shot_16/seed_2/eval/id/train/metrics.json",
      "predictions_pt": "/root/autodl-tmp/BayesVLM/output/ablate_uatb_aniso_only/id/ucf101/UATB_MIN/BAYESADAPTER/logit_scale_frozen/sigpar_0.005/sigperp_0.02/lu0_0/shot_16/seed_2/eval/id/train/predictions.pt",
      "predictions_jsonl": "/root/autodl-tmp/BayesVLM/output/ablate_uatb_aniso_only/id/ucf101/UATB_MIN/BAYESADAPTER/logit_scale_frozen/sigpar_0.005/sigperp_0.02/lu0_0/shot_16/seed_2/eval/id/train/predictions.jsonl",
      "bins_path": "/root/autodl-tmp/BayesVLM/output/ablate_uatb_aniso_only/id/ucf101/UATB_MIN/BAYESADAPTER/logit_scale_frozen/sigpar_0.005/sigperp_0.02/lu0_0/shot_16/seed_2/eval/id/train/calibration_bins.csv",
      "adaptive_bins_path": "/root/autodl-tmp/BayesVLM/output/ablate_uatb_aniso_only/id/ucf101/UATB_MIN/BAYESADAPTER/logit_scale_frozen/sigpar_0.005/sigperp_0.02/lu0_0/shot_16/seed_2/eval/id/train/adaptive_calibration_bins.csv",
      "selective_metrics_path": "/root/autodl-tmp/BayesVLM/output/ablate_uatb_aniso_only/id/ucf101/UATB_MIN/BAYESADAPTER/logit_scale_frozen/sigpar_0.005/sigperp_0.02/lu0_0/shot_16/seed_2/eval/id/train/selective_metrics.csv"
    },
    "val": {
      "split_name": "val",
      "metrics": {
        "loss": 0.43816758181950816,
        "acc": 0.8798735737800598,
        "nlpd": 0.43720126152038574,
        "ece": 0.01342407800257206,
        "aece": 0.012136804448289542,
        "raw_cov_99": 0.4631190598011017,
        "sel_acc_99": 0.9931740760803223,
        "reliable_99": 1.0,
        "cov_99": 0.4631190598011017,
        "class_cov_99": 0.9405940594059405,
        "raw_cov_95": 0.6454162001609802,
        "sel_acc_95": 0.9869387745857239,
        "reliable_95": 1.0,
        "cov_95": 0.6454162001609802,
        "class_cov_95": 0.9900990099009901,
        "raw_cov_90": 0.7107481360435486,
        "sel_acc_90": 0.9777613282203674,
        "reliable_90": 1.0,
        "cov_90": 0.7107481360435486,
        "class_cov_90": 1.0,
        "raw_cov_85": 0.7613276839256287,
        "sel_acc_85": 0.9723183512687683,
        "reliable_85": 1.0,
        "cov_85": 0.7613276839256287,
        "class_cov_85": 1.0,
        "raw_cov_80": 0.7903056144714355,
        "sel_acc_80": 0.9646666646003723,
        "reliable_80": 1.0,
        "cov_80": 0.7903056144714355,
        "class_cov_80": 1.0
      },
      "output_dir": "/root/autodl-tmp/BayesVLM/output/ablate_uatb_aniso_only/id/ucf101/UATB_MIN/BAYESADAPTER/logit_scale_frozen/sigpar_0.005/sigperp_0.02/lu0_0/shot_16/seed_2/eval/id/val",
      "metrics_path": "/root/autodl-tmp/BayesVLM/output/ablate_uatb_aniso_only/id/ucf101/UATB_MIN/BAYESADAPTER/logit_scale_frozen/sigpar_0.005/sigperp_0.02/lu0_0/shot_16/seed_2/eval/id/val/metrics.json",
      "predictions_pt": "/root/autodl-tmp/BayesVLM/output/ablate_uatb_aniso_only/id/ucf101/UATB_MIN/BAYESADAPTER/logit_scale_frozen/sigpar_0.005/sigperp_0.02/lu0_0/shot_16/seed_2/eval/id/val/predictions.pt",
      "predictions_jsonl": "/root/autodl-tmp/BayesVLM/output/ablate_uatb_aniso_only/id/ucf101/UATB_MIN/BAYESADAPTER/logit_scale_frozen/sigpar_0.005/sigperp_0.02/lu0_0/shot_16/seed_2/eval/id/val/predictions.jsonl",
      "bins_path": "/root/autodl-tmp/BayesVLM/output/ablate_uatb_aniso_only/id/ucf101/UATB_MIN/BAYESADAPTER/logit_scale_frozen/sigpar_0.005/sigperp_0.02/lu0_0/shot_16/seed_2/eval/id/val/calibration_bins.csv",
      "adaptive_bins_path": "/root/autodl-tmp/BayesVLM/output/ablate_uatb_aniso_only/id/ucf101/UATB_MIN/BAYESADAPTER/logit_scale_frozen/sigpar_0.005/sigperp_0.02/lu0_0/shot_16/seed_2/eval/id/val/adaptive_calibration_bins.csv",
      "selective_metrics_path": "/root/autodl-tmp/BayesVLM/output/ablate_uatb_aniso_only/id/ucf101/UATB_MIN/BAYESADAPTER/logit_scale_frozen/sigpar_0.005/sigperp_0.02/lu0_0/shot_16/seed_2/eval/id/val/selective_metrics.csv"
    },
    "test": {
      "split_name": "test",
      "metrics": {
        "loss": 0.6667864941712445,
        "acc": 0.8131113052368164,
        "nlpd": 0.665546715259552,
        "ece": 0.04480506479740143,
        "aece": 0.04494901873937461,
        "raw_cov_99": 0.4065556526184082,
        "sel_acc_99": 0.9947984218597412,
        "reliable_99": 1.0,
        "cov_99": 0.4065556526184082,
        "class_cov_99": 0.9405940594059405,
        "raw_cov_95": 0.5699180364608765,
        "sel_acc_95": 0.9768089056015015,
        "reliable_95": 1.0,
        "cov_95": 0.5699180364608765,
        "class_cov_95": 1.0,
        "raw_cov_90": 0.6410256624221802,
        "sel_acc_90": 0.9604123830795288,
        "reliable_90": 1.0,
        "cov_90": 0.6410256624221802,
        "class_cov_90": 1.0,
        "raw_cov_85": 0.6909859776496887,
        "sel_acc_85": 0.9429992437362671,
        "reliable_85": 1.0,
        "cov_85": 0.6909859776496887,
        "class_cov_85": 1.0,
        "raw_cov_80": 0.730108380317688,
        "sel_acc_80": 0.9351918697357178,
        "reliable_80": 1.0,
        "cov_80": 0.730108380317688,
        "class_cov_80": 1.0
      },
      "output_dir": "/root/autodl-tmp/BayesVLM/output/ablate_uatb_aniso_only/id/ucf101/UATB_MIN/BAYESADAPTER/logit_scale_frozen/sigpar_0.005/sigperp_0.02/lu0_0/shot_16/seed_2/eval/id/test",