{
  "family": "vlm_adapter",
  "variant": "BAYESADAPTER",
  "protocol": "id",
  "dataset": "ucf101",
  "seed": 1,
  "evaluation_tasks": [
    "classification"
  ],
  "model_selection": "last",
  "selected_checkpoint": "last",
  "selected_epoch": 300,
  "selected_val_metrics": {
    "loss": 0.9686903039070025,
    "acc": 0.7286617755889893,
    "nlpd": 0.9669650197029114,
    "ece": 0.06825418770313263,
    "aece": 0.06842091330989519,
    "raw_cov_99": 0.2681770324707031,
    "sel_acc_99": 0.994106113910675,
    "reliable_99": 1.0,
    "cov_99": 0.2681770324707031,
    "class_cov_99": 0.7128712871287128,
    "raw_cov_95": 0.42781874537467957,
    "sel_acc_95": 0.9753694534301758,
    "reliable_95": 1.0,
    "cov_95": 0.42781874537467957,
    "class_cov_95": 0.9207920792079208,
    "raw_cov_90": 0.5021075010299683,
    "sel_acc_90": 0.9590765833854675,
    "reliable_90": 1.0,
    "cov_90": 0.5021075010299683,
    "class_cov_90": 0.9801980198019802,
    "raw_cov_85": 0.5569019913673401,
    "sel_acc_85": 0.938505232334137,
    "reliable_85": 1.0,
    "cov_85": 0.5569019913673401,
    "class_cov_85": 0.9900990099009901,
    "raw_cov_80": 0.6043203473091125,
    "sel_acc_80": 0.915431559085846,
    "reliable_80": 1.0,
    "cov_80": 0.6043203473091125,
    "class_cov_80": 1.0
  },
  "classification": {
    "train": {
      "split_name": "train",
      "metrics": {
        "loss": 0.006406831555068493,
        "acc": 1.0,
        "nlpd": 0.006328631658107042,
        "ece": 0.006301581859588623,
        "aece": 0.006301528156393826,
        "raw_cov_99": 0.8613861203193665,
        "sel_acc_99": 1.0,
        "reliable_99": 1.0,
        "cov_99": 0.8613861203193665,
        "class_cov_99": 0.8613861386138614,
        "raw_cov_95": 1.0,
        "sel_acc_95": 1.0,
        "reliable_95": 1.0,
        "cov_95": 1.0,
        "class_cov_95": 1.0,
        "raw_cov_90": 1.0,
        "sel_acc_90": 1.0,
        "reliable_90": 1.0,
        "cov_90": 1.0,
        "class_cov_90": 1.0,
        "raw_cov_85": 1.0,
        "sel_acc_85": 1.0,
        "reliable_85": 1.0,
        "cov_85": 1.0,
        "class_cov_85": 1.0,
        "raw_cov_80": 1.0,
        "sel_acc_80": 1.0,
        "reliable_80": 1.0,
        "cov_80": 1.0,
        "class_cov_80": 1.0
      },
      "output_dir": "/root/autodl-tmp/BayesVLM/output/vlm_adapter/id/ucf101/BAYESADAPTER/BAYESADAPTER/logit_scale_frozen/prior_text_only__seed_1__last/shot_1/seed_1/eval/id/train",
      "metrics_path": "/root/autodl-tmp/BayesVLM/output/vlm_adapter/id/ucf101/BAYESADAPTER/BAYESADAPTER/logit_scale_frozen/prior_text_only__seed_1__last/shot_1/seed_1/eval/id/train/metrics.json",
      "predictions_pt": "/root/autodl-tmp/BayesVLM/output/vlm_adapter/id/ucf101/BAYESADAPTER/BAYESADAPTER/logit_scale_frozen/prior_text_only__seed_1__last/shot_1/seed_1/eval/id/train/predictions.pt",
      "predictions_jsonl": "/root/autodl-tmp/BayesVLM/output/vlm_adapter/id/ucf101/BAYESADAPTER/BAYESADAPTER/logit_scale_frozen/prior_text_only__seed_1__last/shot_1/seed_1/eval/id/train/predictions.jsonl",
      "bins_path": "/root/autodl-tmp/BayesVLM/output/vlm_adapter/id/ucf101/BAYESADAPTER/BAYESADAPTER/logit_scale_frozen/prior_text_only__seed_1__last/shot_1/seed_1/eval/id/train/calibration_bins.csv",
      "adaptive_bins_path": "/root/autodl-tmp/BayesVLM/output/vlm_adapter/id/ucf101/BAYESADAPTER/BAYESADAPTER/logit_scale_frozen/prior_text_only__seed_1__last/shot_1/seed_1/eval/id/train/adaptive_calibration_bins.csv",
      "selective_metrics_path": "/root/autodl-tmp/BayesVLM/output/vlm_adapter/id/ucf101/BAYESADAPTER/BAYESADAPTER/logit_scale_frozen/prior_text_only__seed_1__last/shot_1/seed_1/eval/id/train/selective_metrics.csv"
    },
    "val": {
      "split_name": "val",
      "metrics": {
        "loss": 0.9685284592705858,
        "acc": 0.726554274559021,
        "nlpd": 0.9668120741844177,
        "ece": 0.07055012136697769,
        "aece": 0.07050627416629812,
        "raw_cov_99": 0.26923078298568726,
        "sel_acc_99": 0.9941291809082031,
        "reliable_99": 1.0,
        "cov_99": 0.26923078298568726,
        "class_cov_99": 0.7029702970297029,
        "raw_cov_95": 0.4236038029193878,
        "sel_acc_95": 0.9751243591308594,
        "reliable_95": 1.0,
        "cov_95": 0.4236038029193878,
        "class_cov_95": 0.9207920792079208,
        "raw_cov_90": 0.5021075010299683,
        "sel_acc_90": 0.962224543094635,
        "reliable_90": 1.0,
        "cov_90": 0.5021075010299683,
        "class_cov_90": 0.9801980198019802,
        "raw_cov_85": 0.5611169934272766,
        "sel_acc_85": 0.9361502528190613,
        "reliable_85": 1.0,
        "cov_85": 0.5611169934272766,
        "class_cov_85": 0.9900990099009901,
        "raw_cov_80": 0.6032665967941284,
        "sel_acc_80": 0.9179039597511292,
        "reliable_80": 1.0,
        "cov_80": 0.6032665967941284,
        "class_cov_80": 1.0
      },
      "output_dir": "/root/autodl-tmp/BayesVLM/output/vlm_adapter/id/ucf101/BAYESADAPTER/BAYESADAPTER/logit_scale_frozen/prior_text_only__seed_1__last/shot_1/seed_1/eval/id/val",
      "metrics_path": "/root/autodl-tmp/BayesVLM/output/vlm_adapter/id/ucf101/BAYESADAPTER/BAYESADAPTER/logit_scale_frozen/prior_text_only__seed_1__last/shot_1/seed_1/eval/id/val/metrics.json",
      "predictions_pt": "/root/autodl-tmp/BayesVLM/output/vlm_adapter/id/ucf101/BAYESADAPTER/BAYESADAPTER/logit_scale_frozen/prior_text_only__seed_1__last/shot_1/seed_1/eval/id/val/predictions.pt",
      "predictions_jsonl": "/root/autodl-tmp/BayesVLM/output/vlm_adapter/id/ucf101/BAYESADAPTER/BAYESADAPTER/logit_scale_frozen/prior_text_only__seed_1__last/shot_1/seed_1/eval/id/val/predictions.jsonl",
      "bins_path": "/root/autodl-tmp/BayesVLM/output/vlm_adapter/id/ucf101/BAYESADAPTER/BAYESADAPTER/logit_scale_frozen/prior_text_only__seed_1__last/shot_1/seed_1/eval/id/val/calibration_bins.csv",
      "adaptive_bins_path": "/root/autodl-tmp/BayesVLM/output/vlm_adapter/id/ucf101/BAYESADAPTER/BAYESADAPTER/logit_scale_frozen/prior_text_only__seed_1__last/shot_1/seed_1/eval/id/val/adaptive_calibration_bins.csv",
      "selective_metrics_path": "/root/autodl-tmp/BayesVLM/output/vlm_adapter/id/ucf101/BAYESADAPTER/BAYESADAPTER/logit_scale_frozen/prior_text_only__seed_1__last/shot_1/seed_1/eval/id/val/selective_metrics.csv"
    },
    "test": {
      "split_name": "test",
      "metrics": {
        "loss": 1.1141597357749182,
        "acc": 0.6949511170387268,
        "nlpd": 1.1122814416885376,
        "ece": 0.0909060388803482,
        "aece": 0.09098049883265172,
        "raw_cov_99": 0.2751784324645996,
        "sel_acc_99": 0.9846301674842834,
        "reliable_99": 0.0,
        "cov_99": 0.0,
        "class_cov_99": 0.0,
        "raw_cov_95": 0.42400211095809937,
        "sel_acc_95": 0.9663341641426086,
        "reliable_95": 1.0,
        "cov_95": 0.42400211095809937,
        "class_cov_95": 0.9306930693069307,
        "raw_cov_90": 0.5027755498886108,
        "sel_acc_90": 0.9400631189346313,
        "reliable_90": 1.0,
        "cov_90": 0.5027755498886108,
        "class_cov_90": 1.0,
        "raw_cov_85": 0.5527359247207642,
        "sel_acc_85": 0.9177427291870117,
        "reliable_85": 1.0,
        "cov_85": 0.5527359247207642,
        "class_cov_85": 1.0,
        "raw_cov_80": 0.5974094867706299,
        "sel_acc_80": 0.8973451256752014,
        "reliable_80": 1.0,
        "cov_80": 0.5974094867706299,
        "class_cov_80": 1.0
      },
      "output_dir": "/root/autodl-tmp/BayesVLM/output/vlm_adapter/id/ucf101/BAYESADAPTER/BAYESADAPTER/logit_scale_frozen/prior_text_only__seed_1__last/shot_1/seed_1/eval/id/test",
      "metrics_path": "/root/autodl-tmp/BayesVLM/output/vlm_adapter/id/ucf101/BAYESADAPTER/BAYESADAPTER/logit_scale_frozen/prior_text_only__seed_1__last/shot_1/seed_1/eval/id/test/metrics.json",