{
  "family": "vlm_adapter",
  "variant": "UATB_MIN",
  "protocol": "id",
  "dataset": "ucf101",
  "seed": 1,
  "model_selection": "last",
  "selection_metric": "acc",
  "selection_mode": "max",
  "best_epoch": 292,
  "best_val_metrics_saved": {
    "loss": 0.9661711428012185,
    "acc": 0.7323498129844666,
    "nlpd": 0.9643501043319702,
    "ece": 0.06775099784135818,
    "aece": 0.06553757859607894,
    "raw_cov_99": 0.26606956124305725,
    "sel_acc_99": 0.9940593838691711,
    "reliable_99": 1.0,
    "cov_99": 0.26606956124305725,
    "class_cov_99": 0.7128712871287128,
    "raw_cov_95": 0.4267650246620178,
    "sel_acc_95": 0.9740740656852722,
    "reliable_95": 1.0,
    "cov_95": 0.4267650246620178,
    "class_cov_95": 0.9207920792079208,
    "raw_cov_90": 0.5036880970001221,
    "sel_acc_90": 0.9592050313949585,
    "reliable_90": 1.0,
    "cov_90": 0.5036880970001221,
    "class_cov_90": 0.9801980198019802,
    "raw_cov_85": 0.5642781853675842,
    "sel_acc_85": 0.9365079402923584,
    "reliable_85": 1.0,
    "cov_85": 0.5642781853675842,
    "class_cov_85": 1.0,
    "raw_cov_80": 0.6064278483390808,
    "sel_acc_80": 0.9139878153800964,
    "reliable_80": 1.0,
    "cov_80": 0.6064278483390808,
    "class_cov_80": 1.0
  },
  "last_epoch": 300,
  "last_val_metrics_saved": {
    "loss": 0.9704395538888817,
    "acc": 0.7281348705291748,
    "nlpd": 0.9687164425849915,
    "ece": 0.06977760791778564,
    "aece": 0.06933312119623633,
    "raw_cov_99": 0.267123281955719,
    "sel_acc_99": 0.9940828680992126,
    "reliable_99": 1.0,
    "cov_99": 0.267123281955719,
    "class_cov_99": 0.7128712871287128,
    "raw_cov_95": 0.42834562063217163,
    "sel_acc_95": 0.9753997325897217,
    "reliable_95": 1.0,
    "cov_95": 0.42834562063217163,
    "class_cov_95": 0.9207920792079208,
    "raw_cov_90": 0.5031612515449524,
    "sel_acc_90": 0.9581151604652405,
    "reliable_90": 1.0,
    "cov_90": 0.5031612515449524,
    "class_cov_90": 0.9900990099009901,
    "raw_cov_85": 0.5574288964271545,
    "sel_acc_85": 0.938563346862793,
    "reliable_85": 1.0,
    "cov_85": 0.5574288964271545,
    "class_cov_85": 0.9900990099009901,
    "raw_cov_80": 0.6059009432792664,
    "sel_acc_80": 0.9156521558761597,
    "reliable_80": 1.0,
    "cov_80": 0.6059009432792664,
    "class_cov_80": 1.0
  },
  "run_dir": "/root/autodl-tmp/BayesVLM/output/ablate_uatb_full/id/ucf101/UATB_MIN/BAYESADAPTER/logit_scale_frozen/sigpar_0.005/sigperp_0.02/lu0_0/shot_1/seed_1",
  "elapsed_seconds": 29.2,
  "artifacts": {
    "log_file": "train/train.log",
    "config_file": "config/config.json",
    "class_names_file": "config/class_names.json",
    "metrics_csv_file": "train/metrics_history.csv",
    "best_ckpt_file": "checkpoints/best_adapter.pt",
    "last_ckpt_file": "checkpoints/last_adapter.pt"
  }
}