{
  "family": "vlm_adapter",
  "variant": "UATB_MIN",
  "protocol": "id",
  "dataset": "ucf101",
  "seed": 1,
  "evaluation_tasks": [
    "classification"
  ],
  "model_selection": "last",
  "selected_checkpoint": "last",
  "selected_epoch": 300,
  "selected_val_metrics": {
    "loss": 0.8286117665760133,
    "acc": 0.7623814344406128,
    "nlpd": 0.8270492553710938,
    "ece": 0.0420658215880394,
    "aece": 0.04354329195238642,
    "raw_cov_99": 0.27133825421333313,
    "sel_acc_99": 1.0,
    "reliable_99": 1.0,
    "cov_99": 0.27133825421333313,
    "class_cov_99": 0.7326732673267327,
    "raw_cov_95": 0.4272918999195099,
    "sel_acc_95": 0.9901356101036072,
    "reliable_95": 1.0,
    "cov_95": 0.4272918999195099,
    "class_cov_95": 0.9306930693069307,
    "raw_cov_90": 0.5136986374855042,
    "sel_acc_90": 0.9733333587646484,
    "reliable_90": 1.0,
    "cov_90": 0.5136986374855042,
    "class_cov_90": 0.9504950495049505,
    "raw_cov_85": 0.5779768228530884,
    "sel_acc_85": 0.9562442898750305,
    "reliable_85": 1.0,
    "cov_85": 0.5779768228530884,
    "class_cov_85": 1.0,
    "raw_cov_80": 0.6285563707351685,
    "sel_acc_80": 0.937133252620697,
    "reliable_80": 1.0,
    "cov_80": 0.6285563707351685,
    "class_cov_80": 1.0
  },
  "classification": {
    "train": {
      "split_name": "train",
      "metrics": {
        "loss": 0.015434316359460354,
        "acc": 1.0,
        "nlpd": 0.015259474515914917,
        "ece": 0.015075981616973877,
        "aece": 0.015076064532346065,
        "raw_cov_99": 0.41584157943725586,
        "sel_acc_99": 1.0,
        "reliable_99": 1.0,
        "cov_99": 0.41584157943725586,
        "class_cov_99": 0.6039603960396039,
        "raw_cov_95": 0.9900990128517151,
        "sel_acc_95": 1.0,
        "reliable_95": 1.0,
        "cov_95": 0.9900990128517151,
        "class_cov_95": 1.0,
        "raw_cov_90": 1.0,
        "sel_acc_90": 1.0,
        "reliable_90": 1.0,
        "cov_90": 1.0,
        "class_cov_90": 1.0,
        "raw_cov_85": 1.0,
        "sel_acc_85": 1.0,
        "reliable_85": 1.0,
        "cov_85": 1.0,
        "class_cov_85": 1.0,
        "raw_cov_80": 1.0,
        "sel_acc_80": 1.0,
        "reliable_80": 1.0,
        "cov_80": 1.0,
        "class_cov_80": 1.0
      },
      "output_dir": "/root/autodl-tmp/BayesVLM/output/ablate_uatb_full/id/ucf101/UATB_MIN/BAYESADAPTER/logit_scale_frozen/sigpar_0.005/sigperp_0.02/lu0_0.01/shot_2/seed_1/eval/id/train",
      "metrics_path": "/root/autodl-tmp/BayesVLM/output/ablate_uatb_full/id/ucf101/UATB_MIN/BAYESADAPTER/logit_scale_frozen/sigpar_0.005/sigperp_0.02/lu0_0.01/shot_2/seed_1/eval/id/train/metrics.json",
      "predictions_pt": "/root/autodl-tmp/BayesVLM/output/ablate_uatb_full/id/ucf101/UATB_MIN/BAYESADAPTER/logit_scale_frozen/sigpar_0.005/sigperp_0.02/lu0_0.01/shot_2/seed_1/eval/id/train/predictions.pt",
      "predictions_jsonl": "/root/autodl-tmp/BayesVLM/output/ablate_uatb_full/id/ucf101/UATB_MIN/BAYESADAPTER/logit_scale_frozen/sigpar_0.005/sigperp_0.02/lu0_0.01/shot_2/seed_1/eval/id/train/predictions.jsonl",
      "bins_path": "/root/autodl-tmp/BayesVLM/output/ablate_uatb_full/id/ucf101/UATB_MIN/BAYESADAPTER/logit_scale_frozen/sigpar_0.005/sigperp_0.02/lu0_0.01/shot_2/seed_1/eval/id/train/calibration_bins.csv",
      "adaptive_bins_path": "/root/autodl-tmp/BayesVLM/output/ablate_uatb_full/id/ucf101/UATB_MIN/BAYESADAPTER/logit_scale_frozen/sigpar_0.005/sigperp_0.02/lu0_0.01/shot_2/seed_1/eval/id/train/adaptive_calibration_bins.csv",
      "selective_metrics_path": "/root/autodl-tmp/BayesVLM/output/ablate_uatb_full/id/ucf101/UATB_MIN/BAYESADAPTER/logit_scale_frozen/sigpar_0.005/sigperp_0.02/lu0_0.01/shot_2/seed_1/eval/id/train/selective_metrics.csv"
    },
    "val": {
      "split_name": "val",
      "metrics": {
        "loss": 0.8280692788898882,
        "acc": 0.7629083395004272,
        "nlpd": 0.8265156745910645,
        "ece": 0.041265007108449936,
        "aece": 0.042716484929035535,
        "raw_cov_99": 0.270284503698349,
        "sel_acc_99": 1.0,
        "reliable_99": 1.0,
        "cov_99": 0.270284503698349,
        "class_cov_99": 0.7227722772277227,
        "raw_cov_95": 0.4267650246620178,
        "sel_acc_95": 0.9876543283462524,
        "reliable_95": 1.0,
        "cov_95": 0.4267650246620178,
        "class_cov_95": 0.9405940594059405,
        "raw_cov_90": 0.5147523880004883,
        "sel_acc_90": 0.9723643660545349,
        "reliable_90": 1.0,
        "cov_90": 0.5147523880004883,
        "class_cov_90": 0.9603960396039604,
        "raw_cov_85": 0.5774499177932739,
        "sel_acc_85": 0.956204354763031,
        "reliable_85": 1.0,
        "cov_85": 0.5774499177932739,
        "class_cov_85": 0.9900990099009901,
        "raw_cov_80": 0.6296101212501526,
        "sel_acc_80": 0.9389121532440186,
        "reliable_80": 1.0,
        "cov_80": 0.6296101212501526,
        "class_cov_80": 1.0
      },
      "output_dir": "/root/autodl-tmp/BayesVLM/output/ablate_uatb_full/id/ucf101/UATB_MIN/BAYESADAPTER/logit_scale_frozen/sigpar_0.005/sigperp_0.02/lu0_0.01/shot_2/seed_1/eval/id/val",
      "metrics_path": "/root/autodl-tmp/BayesVLM/output/ablate_uatb_full/id/ucf101/UATB_MIN/BAYESADAPTER/logit_scale_frozen/sigpar_0.005/sigperp_0.02/lu0_0.01/shot_2/seed_1/eval/id/val/metrics.json",
      "predictions_pt": "/root/autodl-tmp/BayesVLM/output/ablate_uatb_full/id/ucf101/UATB_MIN/BAYESADAPTER/logit_scale_frozen/sigpar_0.005/sigperp_0.02/lu0_0.01/shot_2/seed_1/eval/id/val/predictions.pt",
      "predictions_jsonl": "/root/autodl-tmp/BayesVLM/output/ablate_uatb_full/id/ucf101/UATB_MIN/BAYESADAPTER/logit_scale_frozen/sigpar_0.005/sigperp_0.02/lu0_0.01/shot_2/seed_1/eval/id/val/predictions.jsonl",
      "bins_path": "/root/autodl-tmp/BayesVLM/output/ablate_uatb_full/id/ucf101/UATB_MIN/BAYESADAPTER/logit_scale_frozen/sigpar_0.005/sigperp_0.02/lu0_0.01/shot_2/seed_1/eval/id/val/calibration_bins.csv",
      "adaptive_bins_path": "/root/autodl-tmp/BayesVLM/output/ablate_uatb_full/id/ucf101/UATB_MIN/BAYESADAPTER/logit_scale_frozen/sigpar_0.005/sigperp_0.02/lu0_0.01/shot_2/seed_1/eval/id/val/adaptive_calibration_bins.csv",
      "selective_metrics_path": "/root/autodl-tmp/BayesVLM/output/ablate_uatb_full/id/ucf101/UATB_MIN/BAYESADAPTER/logit_scale_frozen/sigpar_0.005/sigperp_0.02/lu0_0.01/shot_2/seed_1/eval/id/val/selective_metrics.csv"
    },
    "test": {
      "split_name": "test",
      "metrics": {
        "loss": 0.9608810626417438,
        "acc": 0.7287867069244385,
        "nlpd": 0.959116518497467,
        "ece": 0.05858079716563225,
        "aece": 0.058944227895250154,
        "raw_cov_99": 0.2680412232875824,
        "sel_acc_99": 0.9960552453994751,
        "reliable_99": 1.0,
        "cov_99": 0.2680412232875824,
        "class_cov_99": 0.7029702970297029,
        "raw_cov_95": 0.4245308041572571,
        "sel_acc_95": 0.9757160544395447,
        "reliable_95": 1.0,
        "cov_95": 0.4245308041572571,
        "class_cov_95": 0.9207920792079208,
        "raw_cov_90": 0.4990748167037964,
        "sel_acc_90": 0.9597457647323608,
        "reliable_90": 1.0,
        "cov_90": 0.4990748167037964,
        "class_cov_90": 0.9702970297029703,
        "raw_cov_85": 0.54665607213974,
        "sel_acc_85": 0.9439071416854858,
        "reliable_85": 1.0,
        "cov_85": 0.54665607213974,
        "class_cov_85": 0.9801980198019802,
        "raw_cov_80": 0.5987311601638794,
        "sel_acc_80": 0.9218543171882629,
        "reliable_80": 1.0,
        "cov_80": 0.5987311601638794,
        "class_cov_80": 1.0
      },
      "output_dir": "/root/autodl-tmp/BayesVLM/output/ablate_uatb_full/id/ucf101/UATB_MIN/BAYESADAPTER/logit_scale_frozen/sigpar_0.005/sigperp_0.02/lu0_0.01/shot_2/seed_1/eval/id/test",
      "metrics_path": "/root/autodl-tmp/BayesVLM/output/ablate_uatb_full/id/ucf101/UATB_MIN/BAYESADAPTER/logit_scale_frozen/sigpar_0.005/sigperp_0.02/lu0_0.01/shot_2/seed_1/eval/id/test/metrics.json",