{
  "family": "vlm_adapter",
  "variant": "UATB_MIN",
  "protocol": "id",
  "dataset": "ucf101",
  "seed": 2,
  "evaluation_tasks": [
    "classification"
  ],
  "model_selection": "last",
  "selected_checkpoint": "last",
  "selected_epoch": 300,
  "selected_val_metrics": {
    "loss": 0.7337065770578334,
    "acc": 0.805057942867279,
    "nlpd": 0.7322445511817932,
    "ece": 0.03440384566783905,
    "aece": 0.03205223593495794,
    "raw_cov_99": 0.3303477466106415,
    "sel_acc_99": 0.9920254945755005,
    "reliable_99": 1.0,
    "cov_99": 0.3303477466106415,
    "class_cov_99": 0.801980198019802,
    "raw_cov_95": 0.5247629284858704,
    "sel_acc_95": 0.9789156913757324,
    "reliable_95": 1.0,
    "cov_95": 0.5247629284858704,
    "class_cov_95": 0.9603960396039604,
    "raw_cov_90": 0.6006322503089905,
    "sel_acc_90": 0.9605262875556946,
    "reliable_90": 1.0,
    "cov_90": 0.6006322503089905,
    "class_cov_90": 0.9702970297029703,
    "raw_cov_85": 0.6475237011909485,
    "sel_acc_85": 0.946297824382782,
    "reliable_85": 1.0,
    "cov_85": 0.6475237011909485,
    "class_cov_85": 0.9900990099009901,
    "raw_cov_80": 0.6780821681022644,
    "sel_acc_80": 0.938616931438446,
    "reliable_80": 1.0,
    "cov_80": 0.6780821681022644,
    "class_cov_80": 0.9900990099009901
  },
  "classification": {
    "train": {
      "split_name": "train",
      "metrics": {
        "loss": 0.016545482330245546,
        "acc": 1.0,
        "nlpd": 0.01634572446346283,
        "ece": 0.016073664650321007,
        "aece": 0.016073659357458057,
        "raw_cov_99": 0.4356435537338257,
        "sel_acc_99": 1.0,
        "reliable_99": 1.0,
        "cov_99": 0.4356435537338257,
        "class_cov_99": 0.7623762376237624,
        "raw_cov_95": 0.9678217768669128,
        "sel_acc_95": 1.0,
        "reliable_95": 1.0,
        "cov_95": 0.9678217768669128,
        "class_cov_95": 1.0,
        "raw_cov_90": 0.9975247383117676,
        "sel_acc_90": 1.0,
        "reliable_90": 1.0,
        "cov_90": 0.9975247383117676,
        "class_cov_90": 1.0,
        "raw_cov_85": 0.9975247383117676,
        "sel_acc_85": 1.0,
        "reliable_85": 1.0,
        "cov_85": 0.9975247383117676,
        "class_cov_85": 1.0,
        "raw_cov_80": 1.0,
        "sel_acc_80": 1.0,
        "reliable_80": 1.0,
        "cov_80": 1.0,
        "class_cov_80": 1.0
      },
      "output_dir": "/root/autodl-tmp/BayesVLM/output/ablate_uatb_full/id/ucf101/UATB_MIN/BAYESADAPTER/logit_scale_frozen/sigpar_0.005/sigperp_0.02/lu0_0/shot_4/seed_2/eval/id/train",
      "metrics_path": "/root/autodl-tmp/BayesVLM/output/ablate_uatb_full/id/ucf101/UATB_MIN/BAYESADAPTER/logit_scale_frozen/sigpar_0.005/sigperp_0.02/lu0_0/shot_4/seed_2/eval/id/train/metrics.json",
      "predictions_pt": "/root/autodl-tmp/BayesVLM/output/ablate_uatb_full/id/ucf101/UATB_MIN/BAYESADAPTER/logit_scale_frozen/sigpar_0.005/sigperp_0.02/lu0_0/shot_4/seed_2/eval/id/train/predictions.pt",
      "predictions_jsonl": "/root/autodl-tmp/BayesVLM/output/ablate_uatb_full/id/ucf101/UATB_MIN/BAYESADAPTER/logit_scale_frozen/sigpar_0.005/sigperp_0.02/lu0_0/shot_4/seed_2/eval/id/train/predictions.jsonl",
      "bins_path": "/root/autodl-tmp/BayesVLM/output/ablate_uatb_full/id/ucf101/UATB_MIN/BAYESADAPTER/logit_scale_frozen/sigpar_0.005/sigperp_0.02/lu0_0/shot_4/seed_2/eval/id/train/calibration_bins.csv",
      "adaptive_bins_path": "/root/autodl-tmp/BayesVLM/output/ablate_uatb_full/id/ucf101/UATB_MIN/BAYESADAPTER/logit_scale_frozen/sigpar_0.005/sigperp_0.02/lu0_0/shot_4/seed_2/eval/id/train/adaptive_calibration_bins.csv",
      "selective_metrics_path": "/root/autodl-tmp/BayesVLM/output/ablate_uatb_full/id/ucf101/UATB_MIN/BAYESADAPTER/logit_scale_frozen/sigpar_0.005/sigperp_0.02/lu0_0/shot_4/seed_2/eval/id/train/selective_metrics.csv"
    },
    "val": {
      "split_name": "val",
      "metrics": {
        "loss": 0.7348196167337882,
        "acc": 0.8040041923522949,
        "nlpd": 0.7333716750144958,
        "ece": 0.03288769721984863,
        "aece": 0.032949201927546835,
        "raw_cov_99": 0.3319283425807953,
        "sel_acc_99": 0.9936507940292358,
        "reliable_99": 1.0,
        "cov_99": 0.3319283425807953,
        "class_cov_99": 0.801980198019802,
        "raw_cov_95": 0.5263435244560242,
        "sel_acc_95": 0.9769769906997681,
        "reliable_95": 1.0,
        "cov_95": 0.5263435244560242,
        "class_cov_95": 0.9603960396039604,
        "raw_cov_90": 0.6006322503089905,
        "sel_acc_90": 0.961403489112854,
        "reliable_90": 1.0,
        "cov_90": 0.6006322503089905,
        "class_cov_90": 0.9603960396039604,
        "raw_cov_85": 0.6469968557357788,
        "sel_acc_85": 0.9454397559165955,
        "reliable_85": 1.0,
        "cov_85": 0.6469968557357788,
        "class_cov_85": 0.9900990099009901,
        "raw_cov_80": 0.6765015721321106,
        "sel_acc_80": 0.9384735226631165,
        "reliable_80": 1.0,
        "cov_80": 0.6765015721321106,
        "class_cov_80": 0.9900990099009901
      },
      "output_dir": "/root/autodl-tmp/BayesVLM/output/ablate_uatb_full/id/ucf101/UATB_MIN/BAYESADAPTER/logit_scale_frozen/sigpar_0.005/sigperp_0.02/lu0_0/shot_4/seed_2/eval/id/val",
      "metrics_path": "/root/autodl-tmp/BayesVLM/output/ablate_uatb_full/id/ucf101/UATB_MIN/BAYESADAPTER/logit_scale_frozen/sigpar_0.005/sigperp_0.02/lu0_0/shot_4/seed_2/eval/id/val/metrics.json",
      "predictions_pt": "/root/autodl-tmp/BayesVLM/output/ablate_uatb_full/id/ucf101/UATB_MIN/BAYESADAPTER/logit_scale_frozen/sigpar_0.005/sigperp_0.02/lu0_0/shot_4/seed_2/eval/id/val/predictions.pt",
      "predictions_jsonl": "/root/autodl-tmp/BayesVLM/output/ablate_uatb_full/id/ucf101/UATB_MIN/BAYESADAPTER/logit_scale_frozen/sigpar_0.005/sigperp_0.02/lu0_0/shot_4/seed_2/eval/id/val/predictions.jsonl",
      "bins_path": "/root/autodl-tmp/BayesVLM/output/ablate_uatb_full/id/ucf101/UATB_MIN/BAYESADAPTER/logit_scale_frozen/sigpar_0.005/sigperp_0.02/lu0_0/shot_4/seed_2/eval/id/val/calibration_bins.csv",
      "adaptive_bins_path": "/root/autodl-tmp/BayesVLM/output/ablate_uatb_full/id/ucf101/UATB_MIN/BAYESADAPTER/logit_scale_frozen/sigpar_0.005/sigperp_0.02/lu0_0/shot_4/seed_2/eval/id/val/adaptive_calibration_bins.csv",
      "selective_metrics_path": "/root/autodl-tmp/BayesVLM/output/ablate_uatb_full/id/ucf101/UATB_MIN/BAYESADAPTER/logit_scale_frozen/sigpar_0.005/sigperp_0.02/lu0_0/shot_4/seed_2/eval/id/val/selective_metrics.csv"
    },
    "test": {
      "split_name": "test",
      "metrics": {
        "loss": 0.8284983332119951,
        "acc": 0.7702881097793579,
        "nlpd": 0.8269607424736023,
        "ece": 0.04686207324266434,
        "aece": 0.046913816347154975,
        "raw_cov_99": 0.3195876181125641,
        "sel_acc_99": 0.9892473220825195,
        "reliable_99": 0.0,
        "cov_99": 0.0,
        "class_cov_99": 0.0,
        "raw_cov_95": 0.47687020897865295,
        "sel_acc_95": 0.9678491950035095,
        "reliable_95": 1.0,
        "cov_95": 0.47687020897865295,
        "class_cov_95": 0.9702970297029703,
        "raw_cov_90": 0.56436687707901,
        "sel_acc_90": 0.9512880444526672,
        "reliable_90": 1.0,
        "cov_90": 0.56436687707901,
        "class_cov_90": 0.9900990099009901,
        "raw_cov_85": 0.617235004901886,
        "sel_acc_85": 0.9387580156326294,
        "reliable_85": 1.0,
        "cov_85": 0.617235004901886,
        "class_cov_85": 1.0,
        "raw_cov_80": 0.659529447555542,
        "sel_acc_80": 0.9294589161872864,
        "reliable_80": 1.0,
        "cov_80": 0.659529447555542,
        "class_cov_80": 1.0
      },
      "output_dir": "/root/autodl-tmp/BayesVLM/output/ablate_uatb_full/id/ucf101/UATB_MIN/BAYESADAPTER/logit_scale_frozen/sigpar_0.005/sigperp_0.02/lu0_0/shot_4/seed_2/eval/id/test",
      "metrics_path": "/root/autodl-tmp/BayesVLM/output/ablate_uatb_full/id/ucf101/UATB_MIN/BAYESADAPTER/logit_scale_frozen/sigpar_0.005/sigperp_0.02/lu0_0/shot_4/seed_2/eval/id/test/metrics.json",