{
  "family": "vlm_adapter",
  "variant": "BAYESADAPTER",
  "protocol": "id",
  "dataset": "ucf101",
  "seed": 1,
  "evaluation_tasks": [
    "classification"
  ],
  "model_selection": "last",
  "selected_checkpoint": "last",
  "selected_epoch": 300,
  "selected_val_metrics": {
    "loss": 0.7210215384138648,
    "acc": 0.8008430004119873,
    "nlpd": 0.7195661067962646,
    "ece": 0.03629370778799057,
    "aece": 0.03662173184629989,
    "raw_cov_99": 0.3298208713531494,
    "sel_acc_99": 0.9968051314353943,
    "reliable_99": 1.0,
    "cov_99": 0.3298208713531494,
    "class_cov_99": 0.8217821782178217,
    "raw_cov_95": 0.4984193742275238,
    "sel_acc_95": 0.97991544008255,
    "reliable_95": 1.0,
    "cov_95": 0.4984193742275238,
    "class_cov_95": 0.9306930693069307,
    "raw_cov_90": 0.5916754603385925,
    "sel_acc_90": 0.9608192443847656,
    "reliable_90": 1.0,
    "cov_90": 0.5916754603385925,
    "class_cov_90": 0.9801980198019802,
    "raw_cov_85": 0.6506849527359009,
    "sel_acc_85": 0.9538461565971375,
    "reliable_85": 1.0,
    "cov_85": 0.6506849527359009,
    "class_cov_85": 1.0,
    "raw_cov_80": 0.6896733641624451,
    "sel_acc_80": 0.9404125213623047,
    "reliable_80": 1.0,
    "cov_80": 0.6896733641624451,
    "class_cov_80": 1.0
  },
  "classification": {
    "train": {
      "split_name": "train",
      "metrics": {
        "loss": 0.01647544135846714,
        "acc": 1.0,
        "nlpd": 0.01628146879374981,
        "ece": 0.016041874885559082,
        "aece": 0.016041853640339162,
        "raw_cov_99": 0.4306930601596832,
        "sel_acc_99": 1.0,
        "reliable_99": 1.0,
        "cov_99": 0.4306930601596832,
        "class_cov_99": 0.7623762376237624,
        "raw_cov_95": 0.9702970385551453,
        "sel_acc_95": 1.0,
        "reliable_95": 1.0,
        "cov_95": 0.9702970385551453,
        "class_cov_95": 1.0,
        "raw_cov_90": 1.0,
        "sel_acc_90": 1.0,
        "reliable_90": 1.0,
        "cov_90": 1.0,
        "class_cov_90": 1.0,
        "raw_cov_85": 1.0,
        "sel_acc_85": 1.0,
        "reliable_85": 1.0,
        "cov_85": 1.0,
        "class_cov_85": 1.0,
        "raw_cov_80": 1.0,
        "sel_acc_80": 1.0,
        "reliable_80": 1.0,
        "cov_80": 1.0,
        "class_cov_80": 1.0
      },
      "output_dir": "/root/autodl-tmp/BayesVLM/output/vlm_adapter/id/ucf101/BAYESADAPTER/BAYESADAPTER/logit_scale_frozen/prior_text_only__seed_1__last/shot_4/seed_1/eval/id/train",
      "metrics_path": "/root/autodl-tmp/BayesVLM/output/vlm_adapter/id/ucf101/BAYESADAPTER/BAYESADAPTER/logit_scale_frozen/prior_text_only__seed_1__last/shot_4/seed_1/eval/id/train/metrics.json",
      "predictions_pt": "/root/autodl-tmp/BayesVLM/output/vlm_adapter/id/ucf101/BAYESADAPTER/BAYESADAPTER/logit_scale_frozen/prior_text_only__seed_1__last/shot_4/seed_1/eval/id/train/predictions.pt",
      "predictions_jsonl": "/root/autodl-tmp/BayesVLM/output/vlm_adapter/id/ucf101/BAYESADAPTER/BAYESADAPTER/logit_scale_frozen/prior_text_only__seed_1__last/shot_4/seed_1/eval/id/train/predictions.jsonl",
      "bins_path": "/root/autodl-tmp/BayesVLM/output/vlm_adapter/id/ucf101/BAYESADAPTER/BAYESADAPTER/logit_scale_frozen/prior_text_only__seed_1__last/shot_4/seed_1/eval/id/train/calibration_bins.csv",
      "adaptive_bins_path": "/root/autodl-tmp/BayesVLM/output/vlm_adapter/id/ucf101/BAYESADAPTER/BAYESADAPTER/logit_scale_frozen/prior_text_only__seed_1__last/shot_4/seed_1/eval/id/train/adaptive_calibration_bins.csv",
      "selective_metrics_path": "/root/autodl-tmp/BayesVLM/output/vlm_adapter/id/ucf101/BAYESADAPTER/BAYESADAPTER/logit_scale_frozen/prior_text_only__seed_1__last/shot_4/seed_1/eval/id/train/selective_metrics.csv"
    },
    "val": {
      "split_name": "val",
      "metrics": {
        "loss": 0.7229795013765389,
        "acc": 0.8008430004119873,
        "nlpd": 0.7215344905853271,
        "ece": 0.03630394861102104,
        "aece": 0.036627415108354135,
        "raw_cov_99": 0.3298208713531494,
        "sel_acc_99": 0.9968051314353943,
        "reliable_99": 1.0,
        "cov_99": 0.3298208713531494,
        "class_cov_99": 0.801980198019802,
        "raw_cov_95": 0.49947312474250793,
        "sel_acc_95": 0.9799578189849854,
        "reliable_95": 1.0,
        "cov_95": 0.49947312474250793,
        "class_cov_95": 0.9306930693069307,
        "raw_cov_90": 0.5958904027938843,
        "sel_acc_90": 0.9610963463783264,
        "reliable_90": 1.0,
        "cov_90": 0.5958904027938843,
        "class_cov_90": 0.9801980198019802,
        "raw_cov_85": 0.6506849527359009,
        "sel_acc_85": 0.9546558856964111,
        "reliable_85": 1.0,
        "cov_85": 0.6506849527359009,
        "class_cov_85": 1.0,
        "raw_cov_80": 0.6912539601325989,
        "sel_acc_80": 0.9405487775802612,
        "reliable_80": 1.0,
        "cov_80": 0.6912539601325989,
        "class_cov_80": 1.0
      },
      "output_dir": "/root/autodl-tmp/BayesVLM/output/vlm_adapter/id/ucf101/BAYESADAPTER/BAYESADAPTER/logit_scale_frozen/prior_text_only__seed_1__last/shot_4/seed_1/eval/id/val",
      "metrics_path": "/root/autodl-tmp/BayesVLM/output/vlm_adapter/id/ucf101/BAYESADAPTER/BAYESADAPTER/logit_scale_frozen/prior_text_only__seed_1__last/shot_4/seed_1/eval/id/val/metrics.json",
      "predictions_pt": "/root/autodl-tmp/BayesVLM/output/vlm_adapter/id/ucf101/BAYESADAPTER/BAYESADAPTER/logit_scale_frozen/prior_text_only__seed_1__last/shot_4/seed_1/eval/id/val/predictions.pt",
      "predictions_jsonl": "/root/autodl-tmp/BayesVLM/output/vlm_adapter/id/ucf101/BAYESADAPTER/BAYESADAPTER/logit_scale_frozen/prior_text_only__seed_1__last/shot_4/seed_1/eval/id/val/predictions.jsonl",
      "bins_path": "/root/autodl-tmp/BayesVLM/output/vlm_adapter/id/ucf101/BAYESADAPTER/BAYESADAPTER/logit_scale_frozen/prior_text_only__seed_1__last/shot_4/seed_1/eval/id/val/calibration_bins.csv",
      "adaptive_bins_path": "/root/autodl-tmp/BayesVLM/output/vlm_adapter/id/ucf101/BAYESADAPTER/BAYESADAPTER/logit_scale_frozen/prior_text_only__seed_1__last/shot_4/seed_1/eval/id/val/adaptive_calibration_bins.csv",
      "selective_metrics_path": "/root/autodl-tmp/BayesVLM/output/vlm_adapter/id/ucf101/BAYESADAPTER/BAYESADAPTER/logit_scale_frozen/prior_text_only__seed_1__last/shot_4/seed_1/eval/id/val/selective_metrics.csv"
    },
    "test": {
      "split_name": "test",
      "metrics": {
        "loss": 0.8951667963182236,
        "acc": 0.7486122250556946,
        "nlpd": 0.8935604095458984,
        "ece": 0.06319118291139603,
        "aece": 0.06354666828022033,
        "raw_cov_99": 0.3214380145072937,
        "sel_acc_99": 0.9925987124443054,
        "reliable_99": 1.0,
        "cov_99": 0.3214380145072937,
        "class_cov_99": 0.801980198019802,
        "raw_cov_95": 0.4705260396003723,
        "sel_acc_95": 0.9741572737693787,
        "reliable_95": 1.0,
        "cov_95": 0.4705260396003723,
        "class_cov_95": 0.9306930693069307,
        "raw_cov_90": 0.5474491119384766,
        "sel_acc_90": 0.95557701587677,
        "reliable_90": 1.0,
        "cov_90": 0.5474491119384766,
        "class_cov_90": 0.9900990099009901,
        "raw_cov_85": 0.5982024669647217,
        "sel_acc_85": 0.9385771155357361,
        "reliable_85": 1.0,
        "cov_85": 0.5982024669647217,
        "class_cov_85": 1.0,
        "raw_cov_80": 0.6420829892158508,
        "sel_acc_80": 0.921366810798645,
        "reliable_80": 1.0,
        "cov_80": 0.6420829892158508,
        "class_cov_80": 1.0
      },
      "output_dir": "/root/autodl-tmp/BayesVLM/output/vlm_adapter/id/ucf101/BAYESADAPTER/BAYESADAPTER/logit_scale_frozen/prior_text_only__seed_1__last/shot_4/seed_1/eval/id/test",
      "metrics_path": "/root/autodl-tmp/BayesVLM/output/vlm_adapter/id/ucf101/BAYESADAPTER/BAYESADAPTER/logit_scale_frozen/prior_text_only__seed_1__last/shot_4/seed_1/eval/id/test/metrics.json",