{
  "loss": 0.06273838578917013,
  "acc": 1.0,
  "nlpd": 0.06273838877677917,
  "ece": 0.05733121559023857
}