{
  "family": "vlm_adapter",
  "variant": "UATB_MIN",
  "protocol": "id",
  "dataset": "ucf101",
  "seed": 1,
  "evaluation_tasks": [
    "classification"
  ],
  "model_selection": "last",
  "selected_checkpoint": "last",
  "selected_epoch": 300,
  "selected_val_metrics": {
    "loss": 0.8419797358950021,
    "acc": 0.7618545889854431,
    "nlpd": 0.8403375148773193,
    "ece": 0.04705161601305008,
    "aece": 0.04799059077359351,
    "raw_cov_99": 0.276606947183609,
    "sel_acc_99": 1.0,
    "reliable_99": 1.0,
    "cov_99": 0.276606947183609,
    "class_cov_99": 0.7326732673267327,
    "raw_cov_95": 0.43466806411743164,
    "sel_acc_95": 0.9854545593261719,
    "reliable_95": 1.0,
    "cov_95": 0.43466806411743164,
    "class_cov_95": 0.9405940594059405,
    "raw_cov_90": 0.5247629284858704,
    "sel_acc_90": 0.968875527381897,
    "reliable_90": 1.0,
    "cov_90": 0.5247629284858704,
    "class_cov_90": 0.9603960396039604,
    "raw_cov_85": 0.5858798623085022,
    "sel_acc_85": 0.951438844203949,
    "reliable_85": 1.0,
    "cov_85": 0.5858798623085022,
    "class_cov_85": 1.0,
    "raw_cov_80": 0.6406744122505188,
    "sel_acc_80": 0.9317434430122375,
    "reliable_80": 1.0,
    "cov_80": 0.6406744122505188,
    "class_cov_80": 1.0
  },
  "classification": {
    "train": {
      "split_name": "train",
      "metrics": {
        "loss": 0.014355986379086971,
        "acc": 1.0,
        "nlpd": 0.014181210659444332,
        "ece": 0.014025330543518066,
        "aece": 0.014025370673377915,
        "raw_cov_99": 0.44059404730796814,
        "sel_acc_99": 1.0,
        "reliable_99": 1.0,
        "cov_99": 0.44059404730796814,
        "class_cov_99": 0.6336633663366337,
        "raw_cov_95": 0.9900990128517151,
        "sel_acc_95": 1.0,
        "reliable_95": 1.0,
        "cov_95": 0.9900990128517151,
        "class_cov_95": 1.0,
        "raw_cov_90": 1.0,
        "sel_acc_90": 1.0,
        "reliable_90": 1.0,
        "cov_90": 1.0,
        "class_cov_90": 1.0,
        "raw_cov_85": 1.0,
        "sel_acc_85": 1.0,
        "reliable_85": 1.0,
        "cov_85": 1.0,
        "class_cov_85": 1.0,
        "raw_cov_80": 1.0,
        "sel_acc_80": 1.0,
        "reliable_80": 1.0,
        "cov_80": 1.0,
        "class_cov_80": 1.0
      },
      "output_dir": "/root/autodl-tmp/BayesVLM/output/ablate_uatb_full/id/ucf101/UATB_MIN/BAYESADAPTER/logit_scale_frozen/sigpar_0.005/sigperp_0.02/lu0_0/shot_2/seed_1/eval/id/train",
      "metrics_path": "/root/autodl-tmp/BayesVLM/output/ablate_uatb_full/id/ucf101/UATB_MIN/BAYESADAPTER/logit_scale_frozen/sigpar_0.005/sigperp_0.02/lu0_0/shot_2/seed_1/eval/id/train/metrics.json",
      "predictions_pt": "/root/autodl-tmp/BayesVLM/output/ablate_uatb_full/id/ucf101/UATB_MIN/BAYESADAPTER/logit_scale_frozen/sigpar_0.005/sigperp_0.02/lu0_0/shot_2/seed_1/eval/id/train/predictions.pt",
      "predictions_jsonl": "/root/autodl-tmp/BayesVLM/output/ablate_uatb_full/id/ucf101/UATB_MIN/BAYESADAPTER/logit_scale_frozen/sigpar_0.005/sigperp_0.02/lu0_0/shot_2/seed_1/eval/id/train/predictions.jsonl",
      "bins_path": "/root/autodl-tmp/BayesVLM/output/ablate_uatb_full/id/ucf101/UATB_MIN/BAYESADAPTER/logit_scale_frozen/sigpar_0.005/sigperp_0.02/lu0_0/shot_2/seed_1/eval/id/train/calibration_bins.csv",
      "adaptive_bins_path": "/root/autodl-tmp/BayesVLM/output/ablate_uatb_full/id/ucf101/UATB_MIN/BAYESADAPTER/logit_scale_frozen/sigpar_0.005/sigperp_0.02/lu0_0/shot_2/seed_1/eval/id/train/adaptive_calibration_bins.csv",
      "selective_metrics_path": "/root/autodl-tmp/BayesVLM/output/ablate_uatb_full/id/ucf101/UATB_MIN/BAYESADAPTER/logit_scale_frozen/sigpar_0.005/sigperp_0.02/lu0_0/shot_2/seed_1/eval/id/train/selective_metrics.csv"
    },
    "val": {
      "split_name": "val",
      "metrics": {
        "loss": 0.8413610458374023,
        "acc": 0.7623814344406128,
        "nlpd": 0.8397285342216492,
        "ece": 0.04619361460208893,
        "aece": 0.04710608478969216,
        "raw_cov_99": 0.276606947183609,
        "sel_acc_99": 1.0,
        "reliable_99": 1.0,
        "cov_99": 0.276606947183609,
        "class_cov_99": 0.7425742574257426,
        "raw_cov_95": 0.43466806411743164,
        "sel_acc_95": 0.9842424392700195,
        "reliable_95": 1.0,
        "cov_95": 0.43466806411743164,
        "class_cov_95": 0.9405940594059405,
        "raw_cov_90": 0.5237091779708862,
        "sel_acc_90": 0.968812882900238,
        "reliable_90": 1.0,
        "cov_90": 0.5237091779708862,
        "class_cov_90": 0.9603960396039604,
        "raw_cov_85": 0.5837724208831787,
        "sel_acc_85": 0.9512635469436646,
        "reliable_85": 1.0,
        "cov_85": 0.5837724208831787,
        "class_cov_85": 1.0,
        "raw_cov_80": 0.6433087587356567,
        "sel_acc_80": 0.9320229291915894,
        "reliable_80": 1.0,
        "cov_80": 0.6433087587356567,
        "class_cov_80": 1.0
      },
      "output_dir": "/root/autodl-tmp/BayesVLM/output/ablate_uatb_full/id/ucf101/UATB_MIN/BAYESADAPTER/logit_scale_frozen/sigpar_0.005/sigperp_0.02/lu0_0/shot_2/seed_1/eval/id/val",
      "metrics_path": "/root/autodl-tmp/BayesVLM/output/ablate_uatb_full/id/ucf101/UATB_MIN/BAYESADAPTER/logit_scale_frozen/sigpar_0.005/sigperp_0.02/lu0_0/shot_2/seed_1/eval/id/val/metrics.json",
      "predictions_pt": "/root/autodl-tmp/BayesVLM/output/ablate_uatb_full/id/ucf101/UATB_MIN/BAYESADAPTER/logit_scale_frozen/sigpar_0.005/sigperp_0.02/lu0_0/shot_2/seed_1/eval/id/val/predictions.pt",
      "predictions_jsonl": "/root/autodl-tmp/BayesVLM/output/ablate_uatb_full/id/ucf101/UATB_MIN/BAYESADAPTER/logit_scale_frozen/sigpar_0.005/sigperp_0.02/lu0_0/shot_2/seed_1/eval/id/val/predictions.jsonl",
      "bins_path": "/root/autodl-tmp/BayesVLM/output/ablate_uatb_full/id/ucf101/UATB_MIN/BAYESADAPTER/logit_scale_frozen/sigpar_0.005/sigperp_0.02/lu0_0/shot_2/seed_1/eval/id/val/calibration_bins.csv",
      "adaptive_bins_path": "/root/autodl-tmp/BayesVLM/output/ablate_uatb_full/id/ucf101/UATB_MIN/BAYESADAPTER/logit_scale_frozen/sigpar_0.005/sigperp_0.02/lu0_0/shot_2/seed_1/eval/id/val/adaptive_calibration_bins.csv",
      "selective_metrics_path": "/root/autodl-tmp/BayesVLM/output/ablate_uatb_full/id/ucf101/UATB_MIN/BAYESADAPTER/logit_scale_frozen/sigpar_0.005/sigperp_0.02/lu0_0/shot_2/seed_1/eval/id/val/selective_metrics.csv"
    },
    "test": {
      "split_name": "test",
      "metrics": {
        "loss": 0.9762629906462514,
        "acc": 0.7309014201164246,
        "nlpd": 0.9744077920913696,
        "ece": 0.061774685978889465,
        "aece": 0.0604994976147123,
        "raw_cov_99": 0.2772931456565857,
        "sel_acc_99": 0.9952335357666016,
        "reliable_99": 1.0,
        "cov_99": 0.2772931456565857,
        "class_cov_99": 0.7227722772277227,
        "raw_cov_95": 0.4308749735355377,
        "sel_acc_95": 0.971165657043457,
        "reliable_95": 1.0,
        "cov_95": 0.4308749735355377,
        "class_cov_95": 0.9405940594059405,
        "raw_cov_90": 0.5062119960784912,
        "sel_acc_90": 0.9556135535240173,
        "reliable_90": 1.0,
        "cov_90": 0.5062119960784912,
        "class_cov_90": 0.9702970297029703,
        "raw_cov_85": 0.5564367175102234,
        "sel_acc_85": 0.9368171095848083,
        "reliable_85": 1.0,
        "cov_85": 0.5564367175102234,
        "class_cov_85": 0.9801980198019802,
        "raw_cov_80": 0.6061326861381531,
        "sel_acc_80": 0.9210640788078308,
        "reliable_80": 1.0,
        "cov_80": 0.6061326861381531,
        "class_cov_80": 1.0
      },
      "output_dir": "/root/autodl-tmp/BayesVLM/output/ablate_uatb_full/id/ucf101/UATB_MIN/BAYESADAPTER/logit_scale_frozen/sigpar_0.005/sigperp_0.02/lu0_0/shot_2/seed_1/eval/id/test",
      "metrics_path": "/root/autodl-tmp/BayesVLM/output/ablate_uatb_full/id/ucf101/UATB_MIN/BAYESADAPTER/logit_scale_frozen/sigpar_0.005/sigperp_0.02/lu0_0/shot_2/seed_1/eval/id/test/metrics.json",