{
  "loss": 0.017448137237662725,
  "acc": 1.0,
  "nlpd": 0.01726381853222847,
  "ece": 0.016890492290258408,
  "aece": 0.016890566427223752,
  "raw_cov_99": 0.5247524976730347,
  "sel_acc_99": 1.0,
  "reliable_99": 1.0,
  "cov_99": 0.5247524976730347,
  "class_cov_99": 0.9603960396039604,
  "raw_cov_95": 0.9170792102813721,
  "sel_acc_95": 1.0,
  "reliable_95": 1.0,
  "cov_95": 0.9170792102813721,
  "class_cov_95": 1.0,
  "raw_cov_90": 0.9938119053840637,
  "sel_acc_90": 1.0,
  "reliable_90": 1.0,
  "cov_90": 0.9938119053840637,
  "class_cov_90": 1.0,
  "raw_cov_85": 0.9993811845779419,
  "sel_acc_85": 1.0,
  "reliable_85": 1.0,
  "cov_85": 0.9993811845779419,
  "class_cov_85": 1.0,
  "raw_cov_80": 1.0,
  "sel_acc_80": 1.0,
  "reliable_80": 1.0,
  "cov_80": 1.0,
  "class_cov_80": 1.0
}