{
  "family": "vlm_adapter",
  "variant": "UATB_MIN",
  "protocol": "id",
  "dataset": "ucf101",
  "seed": 2,
  "model_selection": "last",
  "selection_metric": "acc",
  "selection_mode": "max",
  "best_epoch": 215,
  "best_val_metrics_saved": {
    "loss": 1.0851664151230904,
    "acc": 0.7276080250740051,
    "nlpd": 1.0833971500396729,
    "ece": 0.07356838136911392,
    "aece": 0.07322891679905488,
    "raw_cov_99": 0.267123281955719,
    "sel_acc_99": 0.9842209219932556,
    "reliable_99": 0.0,
    "cov_99": 0.0,
    "class_cov_99": 0.0,
    "raw_cov_95": 0.4209694266319275,
    "sel_acc_95": 0.9586983919143677,
    "reliable_95": 1.0,
    "cov_95": 0.4209694266319275,
    "class_cov_95": 0.8712871287128713,
    "raw_cov_90": 0.5079030394554138,
    "sel_acc_90": 0.9398339986801147,
    "reliable_90": 1.0,
    "cov_90": 0.5079030394554138,
    "class_cov_90": 0.9603960396039604,
    "raw_cov_85": 0.5679662823677063,
    "sel_acc_85": 0.9165120720863342,
    "reliable_85": 1.0,
    "cov_85": 0.5679662823677063,
    "class_cov_85": 0.9900990099009901,
    "raw_cov_80": 0.6227607727050781,
    "sel_acc_80": 0.8976311087608337,
    "reliable_80": 1.0,
    "cov_80": 0.6227607727050781,
    "class_cov_80": 1.0
  },
  "last_epoch": 300,
  "last_val_metrics_saved": {
    "loss": 1.0837357941115995,
    "acc": 0.7233930230140686,
    "nlpd": 1.082021951675415,
    "ece": 0.07798576354980469,
    "aece": 0.07798583359625366,
    "raw_cov_99": 0.2687039077281952,
    "sel_acc_99": 0.9843137264251709,
    "reliable_99": 0.0,
    "cov_99": 0.0,
    "class_cov_99": 0.0,
    "raw_cov_95": 0.42149630188941956,
    "sel_acc_95": 0.9612500071525574,
    "reliable_95": 1.0,
    "cov_95": 0.42149630188941956,
    "class_cov_95": 0.8910891089108911,
    "raw_cov_90": 0.5115911364555359,
    "sel_acc_90": 0.9382080435752869,
    "reliable_90": 1.0,
    "cov_90": 0.5115911364555359,
    "class_cov_90": 0.9504950495049505,
    "raw_cov_85": 0.5695468783378601,
    "sel_acc_85": 0.9158186912536621,
    "reliable_85": 1.0,
    "cov_85": 0.5695468783378601,
    "class_cov_85": 0.9801980198019802,
    "raw_cov_80": 0.6232876777648926,
    "sel_acc_80": 0.8977176547050476,
    "reliable_80": 1.0,
    "cov_80": 0.6232876777648926,
    "class_cov_80": 1.0
  },
  "run_dir": "/root/autodl-tmp/BayesVLM/output/ablate_uatb_full/id/ucf101/UATB_MIN/BAYESADAPTER/logit_scale_frozen/sigpar_0.005/sigperp_0.02/lu0_0/shot_1/seed_2",
  "elapsed_seconds": 28.58,
  "artifacts": {
    "log_file": "train/train.log",
    "config_file": "config/config.json",
    "class_names_file": "config/class_names.json",
    "metrics_csv_file": "train/metrics_history.csv",
    "best_ckpt_file": "checkpoints/best_adapter.pt",
    "last_ckpt_file": "checkpoints/last_adapter.pt"
  }
}