{
  "loss": 0.01656627462310071,
  "acc": 1.0,
  "nlpd": 0.01638677343726158,
  "ece": 0.016099782660603523,
  "aece": 0.016099735873170415,
  "raw_cov_99": 0.4826732575893402,
  "sel_acc_99": 1.0,
  "reliable_99": 1.0,
  "cov_99": 0.4826732575893402,
  "class_cov_99": 0.9207920792079208,
  "raw_cov_95": 0.9492574334144592,
  "sel_acc_95": 1.0,
  "reliable_95": 1.0,
  "cov_95": 0.9492574334144592,
  "class_cov_95": 1.0,
  "raw_cov_90": 0.9975247383117676,
  "sel_acc_90": 1.0,
  "reliable_90": 1.0,
  "cov_90": 0.9975247383117676,
  "class_cov_90": 1.0,
  "raw_cov_85": 1.0,
  "sel_acc_85": 1.0,
  "reliable_85": 1.0,
  "cov_85": 1.0,
  "class_cov_85": 1.0,
  "raw_cov_80": 1.0,
  "sel_acc_80": 1.0,
  "reliable_80": 1.0,
  "cov_80": 1.0,
  "class_cov_80": 1.0
}