threshold,selected_count,raw_coverage,selected_accuracy,reliable,coverage,covered_classes,classwise_coverage
0.99,391,0.4839108884334564,1.0,True,0.4839108884334564,92,0.9108910891089109
0.95,766,0.948019802570343,1.0,True,0.948019802570343,101,1.0
0.9,806,0.9975247383117676,1.0,True,0.9975247383117676,101,1.0
0.85,808,1.0,1.0,True,1.0,101,1.0
0.8,808,1.0,1.0,True,1.0,101,1.0
