{
  "loss": 0.020885393373889498,
  "acc": 1.0,
  "nlpd": 0.02066655270755291,
  "ece": 0.020125675946474075,
  "aece": 0.0201256737703144,
  "raw_cov_99": 0.49504950642585754,
  "sel_acc_99": 1.0,
  "reliable_99": 1.0,
  "cov_99": 0.49504950642585754,
  "class_cov_99": 0.9306930693069307,
  "raw_cov_95": 0.8774752616882324,
  "sel_acc_95": 1.0,
  "reliable_95": 1.0,
  "cov_95": 0.8774752616882324,
  "class_cov_95": 1.0,
  "raw_cov_90": 0.9863861203193665,
  "sel_acc_90": 1.0,
  "reliable_90": 1.0,
  "cov_90": 0.9863861203193665,
  "class_cov_90": 1.0,
  "raw_cov_85": 0.9987623691558838,
  "sel_acc_85": 1.0,
  "reliable_85": 1.0,
  "cov_85": 0.9987623691558838,
  "class_cov_85": 1.0,
  "raw_cov_80": 0.9993811845779419,
  "sel_acc_80": 1.0,
  "reliable_80": 1.0,
  "cov_80": 0.9993811845779419,
  "class_cov_80": 1.0
}