threshold,selected_count,raw_coverage,selected_accuracy,reliable,coverage,covered_classes,classwise_coverage
0.99,802,0.49628713726997375,1.0,True,0.49628713726997375,93,0.9207920792079208
0.95,1419,0.8780940771102905,1.0,True,0.8780940771102905,101,1.0
0.9,1596,0.9876237511634827,1.0,True,0.9876237511634827,101,1.0
0.85,1614,0.9987623691558838,1.0,True,0.9987623691558838,101,1.0
0.8,1615,0.9993811845779419,1.0,True,0.9993811845779419,101,1.0
