{
  "family": "vlm_adapter",
  "variant": "UATB_MIN",
  "protocol": "id",
  "dataset": "ucf101",
  "seed": 2,
  "evaluation_tasks": [
    "classification"
  ],
  "model_selection": "last",
  "selected_checkpoint": "last",
  "selected_epoch": 300,
  "selected_val_metrics": {
    "loss": 0.8754359363127809,
    "acc": 0.7676501870155334,
    "nlpd": 0.8739307522773743,
    "ece": 0.047332651913166046,
    "aece": 0.04712365569254369,
    "raw_cov_99": 0.27555322647094727,
    "sel_acc_99": 0.9885277152061462,
    "reliable_99": 0.0,
    "cov_99": 0.0,
    "class_cov_99": 0.0,
    "raw_cov_95": 0.4704952538013458,
    "sel_acc_95": 0.9731243252754211,
    "reliable_95": 1.0,
    "cov_95": 0.4704952538013458,
    "class_cov_95": 0.9207920792079208,
    "raw_cov_90": 0.5432033538818359,
    "sel_acc_90": 0.9621726274490356,
    "reliable_90": 1.0,
    "cov_90": 0.5432033538818359,
    "class_cov_90": 0.9702970297029703,
    "raw_cov_85": 0.5958904027938843,
    "sel_acc_85": 0.9469496011734009,
    "reliable_85": 1.0,
    "cov_85": 0.5958904027938843,
    "class_cov_85": 0.9900990099009901,
    "raw_cov_80": 0.6506849527359009,
    "sel_acc_80": 0.9303643703460693,
    "reliable_80": 1.0,
    "cov_80": 0.6506849527359009,
    "class_cov_80": 0.9900990099009901
  },
  "classification": {
    "train": {
      "split_name": "train",
      "metrics": {
        "loss": 0.016223881393671036,
        "acc": 1.0,
        "nlpd": 0.016029709950089455,
        "ece": 0.015782805159687996,
        "aece": 0.015782867327775105,
        "raw_cov_99": 0.4009900987148285,
        "sel_acc_99": 1.0,
        "reliable_99": 1.0,
        "cov_99": 0.4009900987148285,
        "class_cov_99": 0.5742574257425742,
        "raw_cov_95": 0.9653465151786804,
        "sel_acc_95": 1.0,
        "reliable_95": 1.0,
        "cov_95": 0.9653465151786804,
        "class_cov_95": 0.9900990099009901,
        "raw_cov_90": 0.9950494766235352,
        "sel_acc_90": 1.0,
        "reliable_90": 1.0,
        "cov_90": 0.9950494766235352,
        "class_cov_90": 1.0,
        "raw_cov_85": 1.0,
        "sel_acc_85": 1.0,
        "reliable_85": 1.0,
        "cov_85": 1.0,
        "class_cov_85": 1.0,
        "raw_cov_80": 1.0,
        "sel_acc_80": 1.0,
        "reliable_80": 1.0,
        "cov_80": 1.0,
        "class_cov_80": 1.0
      },
      "output_dir": "/root/autodl-tmp/BayesVLM/output/ablate_uatb_full/id/ucf101/UATB_MIN/BAYESADAPTER/logit_scale_frozen/sigpar_0.005/sigperp_0.02/lu0_0.01/shot_2/seed_2/eval/id/train",
      "metrics_path": "/root/autodl-tmp/BayesVLM/output/ablate_uatb_full/id/ucf101/UATB_MIN/BAYESADAPTER/logit_scale_frozen/sigpar_0.005/sigperp_0.02/lu0_0.01/shot_2/seed_2/eval/id/train/metrics.json",
      "predictions_pt": "/root/autodl-tmp/BayesVLM/output/ablate_uatb_full/id/ucf101/UATB_MIN/BAYESADAPTER/logit_scale_frozen/sigpar_0.005/sigperp_0.02/lu0_0.01/shot_2/seed_2/eval/id/train/predictions.pt",
      "predictions_jsonl": "/root/autodl-tmp/BayesVLM/output/ablate_uatb_full/id/ucf101/UATB_MIN/BAYESADAPTER/logit_scale_frozen/sigpar_0.005/sigperp_0.02/lu0_0.01/shot_2/seed_2/eval/id/train/predictions.jsonl",
      "bins_path": "/root/autodl-tmp/BayesVLM/output/ablate_uatb_full/id/ucf101/UATB_MIN/BAYESADAPTER/logit_scale_frozen/sigpar_0.005/sigperp_0.02/lu0_0.01/shot_2/seed_2/eval/id/train/calibration_bins.csv",
      "adaptive_bins_path": "/root/autodl-tmp/BayesVLM/output/ablate_uatb_full/id/ucf101/UATB_MIN/BAYESADAPTER/logit_scale_frozen/sigpar_0.005/sigperp_0.02/lu0_0.01/shot_2/seed_2/eval/id/train/adaptive_calibration_bins.csv",
      "selective_metrics_path": "/root/autodl-tmp/BayesVLM/output/ablate_uatb_full/id/ucf101/UATB_MIN/BAYESADAPTER/logit_scale_frozen/sigpar_0.005/sigperp_0.02/lu0_0.01/shot_2/seed_2/eval/id/train/selective_metrics.csv"
    },
    "val": {
      "split_name": "val",
      "metrics": {
        "loss": 0.8771942548681486,
        "acc": 0.7665964365005493,
        "nlpd": 0.8756393194198608,
        "ece": 0.048103295266628265,
        "aece": 0.0480888443513213,
        "raw_cov_99": 0.27239200472831726,
        "sel_acc_99": 0.988394558429718,
        "reliable_99": 0.0,
        "cov_99": 0.0,
        "class_cov_99": 0.0,
        "raw_cov_95": 0.4710221290588379,
        "sel_acc_95": 0.9731543660163879,
        "reliable_95": 1.0,
        "cov_95": 0.4710221290588379,
        "class_cov_95": 0.9207920792079208,
        "raw_cov_90": 0.5437302589416504,
        "sel_acc_90": 0.961240291595459,
        "reliable_90": 1.0,
        "cov_90": 0.5437302589416504,
        "class_cov_90": 0.9702970297029703,
        "raw_cov_85": 0.5985247492790222,
        "sel_acc_85": 0.9463028311729431,
        "reliable_85": 1.0,
        "cov_85": 0.5985247492790222,
        "class_cov_85": 0.9900990099009901,
        "raw_cov_80": 0.6506849527359009,
        "sel_acc_80": 0.931174099445343,
        "reliable_80": 1.0,
        "cov_80": 0.6506849527359009,
        "class_cov_80": 0.9900990099009901
      },
      "output_dir": "/root/autodl-tmp/BayesVLM/output/ablate_uatb_full/id/ucf101/UATB_MIN/BAYESADAPTER/logit_scale_frozen/sigpar_0.005/sigperp_0.02/lu0_0.01/shot_2/seed_2/eval/id/val",
      "metrics_path": "/root/autodl-tmp/BayesVLM/output/ablate_uatb_full/id/ucf101/UATB_MIN/BAYESADAPTER/logit_scale_frozen/sigpar_0.005/sigperp_0.02/lu0_0.01/shot_2/seed_2/eval/id/val/metrics.json",
      "predictions_pt": "/root/autodl-tmp/BayesVLM/output/ablate_uatb_full/id/ucf101/UATB_MIN/BAYESADAPTER/logit_scale_frozen/sigpar_0.005/sigperp_0.02/lu0_0.01/shot_2/seed_2/eval/id/val/predictions.pt",
      "predictions_jsonl": "/root/autodl-tmp/BayesVLM/output/ablate_uatb_full/id/ucf101/UATB_MIN/BAYESADAPTER/logit_scale_frozen/sigpar_0.005/sigperp_0.02/lu0_0.01/shot_2/seed_2/eval/id/val/predictions.jsonl",
      "bins_path": "/root/autodl-tmp/BayesVLM/output/ablate_uatb_full/id/ucf101/UATB_MIN/BAYESADAPTER/logit_scale_frozen/sigpar_0.005/sigperp_0.02/lu0_0.01/shot_2/seed_2/eval/id/val/calibration_bins.csv",
      "adaptive_bins_path": "/root/autodl-tmp/BayesVLM/output/ablate_uatb_full/id/ucf101/UATB_MIN/BAYESADAPTER/logit_scale_frozen/sigpar_0.005/sigperp_0.02/lu0_0.01/shot_2/seed_2/eval/id/val/adaptive_calibration_bins.csv",
      "selective_metrics_path": "/root/autodl-tmp/BayesVLM/output/ablate_uatb_full/id/ucf101/UATB_MIN/BAYESADAPTER/logit_scale_frozen/sigpar_0.005/sigperp_0.02/lu0_0.01/shot_2/seed_2/eval/id/val/selective_metrics.csv"
    },
    "test": {
      "split_name": "test",
      "metrics": {
        "loss": 0.91830018075282,
        "acc": 0.7459688186645508,
        "nlpd": 0.9166944026947021,
        "ece": 0.05418126657605171,
        "aece": 0.05427572585715209,
        "raw_cov_99": 0.27808618545532227,
        "sel_acc_99": 0.9857414364814758,
        "reliable_99": 0.0,
        "cov_99": 0.0,
        "class_cov_99": 0.0,
        "raw_cov_95": 0.43669044971466064,
        "sel_acc_95": 0.9636803865432739,
        "reliable_95": 1.0,
        "cov_95": 0.43669044971466064,
        "class_cov_95": 0.9603960396039604,
        "raw_cov_90": 0.5233941078186035,
        "sel_acc_90": 0.9489899277687073,
        "reliable_90": 1.0,
        "cov_90": 0.5233941078186035,
        "class_cov_90": 0.9801980198019802,
        "raw_cov_85": 0.5804916620254517,
        "sel_acc_85": 0.938069224357605,
        "reliable_85": 1.0,
        "cov_85": 0.5804916620254517,
        "class_cov_85": 1.0,
        "raw_cov_80": 0.6235791444778442,
        "sel_acc_80": 0.9283594489097595,
        "reliable_80": 1.0,
        "cov_80": 0.6235791444778442,
        "class_cov_80": 1.0
      },
      "output_dir": "/root/autodl-tmp/BayesVLM/output/ablate_uatb_full/id/ucf101/UATB_MIN/BAYESADAPTER/logit_scale_frozen/sigpar_0.005/sigperp_0.02/lu0_0.01/shot_2/seed_2/eval/id/test",
      "metrics_path": "/root/autodl-tmp/BayesVLM/output/ablate_uatb_full/id/ucf101/UATB_MIN/BAYESADAPTER/logit_scale_frozen/sigpar_0.005/sigperp_0.02/lu0_0.01/shot_2/seed_2/eval/id/test/metrics.json",