{
  "family": "vlm_adapter",
  "variant": "UATB_MIN",
  "protocol": "id",
  "dataset": "ucf101",
  "seed": 1,
  "model_selection": "last",
  "selection_metric": "acc",
  "selection_mode": "max",
  "best_epoch": 147,
  "best_val_metrics_saved": {
    "loss": 0.5376860472374646,
    "acc": 0.8535300493240356,
    "nlpd": 0.5364472270011902,
    "ece": 0.024359801784157753,
    "aece": 0.020495058644810264,
    "raw_cov_99": 0.38303476572036743,
    "sel_acc_99": 0.9944979548454285,
    "reliable_99": 1.0,
    "cov_99": 0.38303476572036743,
    "class_cov_99": 0.8613861386138614,
    "raw_cov_95": 0.553213894367218,
    "sel_acc_95": 0.9838095307350159,
    "reliable_95": 1.0,
    "cov_95": 0.553213894367218,
    "class_cov_95": 0.9702970297029703,
    "raw_cov_90": 0.6390937566757202,
    "sel_acc_90": 0.9727947115898132,
    "reliable_90": 1.0,
    "cov_90": 0.6390937566757202,
    "class_cov_90": 1.0,
    "raw_cov_85": 0.6907270550727844,
    "sel_acc_85": 0.9610983729362488,
    "reliable_85": 1.0,
    "cov_85": 0.6907270550727844,
    "class_cov_85": 1.0,
    "raw_cov_80": 0.7402529120445251,
    "sel_acc_80": 0.9473309516906738,
    "reliable_80": 1.0,
    "cov_80": 0.7402529120445251,
    "class_cov_80": 1.0
  },
  "last_epoch": 300,
  "last_val_metrics_saved": {
    "loss": 0.5334937700607252,
    "acc": 0.8524762988090515,
    "nlpd": 0.5322935581207275,
    "ece": 0.023959016427397728,
    "aece": 0.022177405333493858,
    "raw_cov_99": 0.3919915556907654,
    "sel_acc_99": 0.9946236610412598,
    "reliable_99": 1.0,
    "cov_99": 0.3919915556907654,
    "class_cov_99": 0.8811881188118812,
    "raw_cov_95": 0.5632244348526001,
    "sel_acc_95": 0.9831618070602417,
    "reliable_95": 1.0,
    "cov_95": 0.5632244348526001,
    "class_cov_95": 0.9801980198019802,
    "raw_cov_90": 0.6469968557357788,
    "sel_acc_90": 0.973127007484436,
    "reliable_90": 1.0,
    "cov_90": 0.6469968557357788,
    "class_cov_90": 1.0,
    "raw_cov_85": 0.6933614611625671,
    "sel_acc_85": 0.9604862928390503,
    "reliable_85": 1.0,
    "cov_85": 0.6933614611625671,
    "class_cov_85": 1.0,
    "raw_cov_80": 0.7434141039848328,
    "sel_acc_80": 0.9482636451721191,
    "reliable_80": 1.0,
    "cov_80": 0.7434141039848328,
    "class_cov_80": 1.0
  },
  "run_dir": "/root/autodl-tmp/BayesVLM/output/ablate_uatb_unc_only/id/ucf101/UATB_MIN/BAYESADAPTER/logit_scale_frozen/sigpar_0.01/sigperp_0.01/lu0_0.01/shot_8/seed_1",
  "elapsed_seconds": 40.28,
  "artifacts": {
    "log_file": "train/train.log",
    "config_file": "config/config.json",
    "class_names_file": "config/class_names.json",
    "metrics_csv_file": "train/metrics_history.csv",
    "best_ckpt_file": "checkpoints/best_adapter.pt",
    "last_ckpt_file": "checkpoints/last_adapter.pt"
  }
}