{
  "family": "vlm_adapter",
  "variant": "UATB_MIN",
  "protocol": "id",
  "dataset": "ucf101",
  "seed": 3,
  "model_selection": "last",
  "selection_metric": "acc",
  "selection_mode": "max",
  "best_epoch": 188,
  "best_val_metrics_saved": {
    "loss": 0.5718231643967181,
    "acc": 0.8345627188682556,
    "nlpd": 0.5705790519714355,
    "ece": 0.028503242880105972,
    "aece": 0.028471514064469253,
    "raw_cov_99": 0.3898840844631195,
    "sel_acc_99": 1.0,
    "reliable_99": 1.0,
    "cov_99": 0.3898840844631195,
    "class_cov_99": 0.900990099009901,
    "raw_cov_95": 0.5674394369125366,
    "sel_acc_95": 0.9860724210739136,
    "reliable_95": 1.0,
    "cov_95": 0.5674394369125366,
    "class_cov_95": 0.9801980198019802,
    "raw_cov_90": 0.6485774517059326,
    "sel_acc_90": 0.974004864692688,
    "reliable_90": 1.0,
    "cov_90": 0.6485774517059326,
    "class_cov_90": 0.9900990099009901,
    "raw_cov_85": 0.698630154132843,
    "sel_acc_85": 0.965309202671051,
    "reliable_85": 1.0,
    "cov_85": 0.698630154132843,
    "class_cov_85": 1.0,
    "raw_cov_80": 0.7439410090446472,
    "sel_acc_80": 0.951133131980896,
    "reliable_80": 1.0,
    "cov_80": 0.7439410090446472,
    "class_cov_80": 1.0
  },
  "last_epoch": 300,
  "last_val_metrics_saved": {
    "loss": 0.5729603942000828,
    "acc": 0.8308746218681335,
    "nlpd": 0.5718225836753845,
    "ece": 0.030680958181619644,
    "aece": 0.032995154910394085,
    "raw_cov_99": 0.3914647102355957,
    "sel_acc_99": 1.0,
    "reliable_99": 1.0,
    "cov_99": 0.3914647102355957,
    "class_cov_99": 0.900990099009901,
    "raw_cov_95": 0.5732349753379822,
    "sel_acc_95": 0.984375,
    "reliable_95": 1.0,
    "cov_95": 0.5732349753379822,
    "class_cov_95": 0.9801980198019802,
    "raw_cov_90": 0.6506849527359009,
    "sel_acc_90": 0.9724696278572083,
    "reliable_90": 1.0,
    "cov_90": 0.6506849527359009,
    "class_cov_90": 0.9900990099009901,
    "raw_cov_85": 0.7002107501029968,
    "sel_acc_85": 0.9638826251029968,
    "reliable_85": 1.0,
    "cov_85": 0.7002107501029968,
    "class_cov_85": 1.0,
    "raw_cov_80": 0.7460484504699707,
    "sel_acc_80": 0.9512711763381958,
    "reliable_80": 1.0,
    "cov_80": 0.7460484504699707,
    "class_cov_80": 1.0
  },
  "run_dir": "/root/autodl-tmp/BayesVLM/output/ablate_uatb_unc_only/id/ucf101/UATB_MIN/BAYESADAPTER/logit_scale_frozen/sigpar_0.01/sigperp_0.01/lu0_0.01/shot_8/seed_3",
  "elapsed_seconds": 42.4,
  "artifacts": {
    "log_file": "train/train.log",
    "config_file": "config/config.json",
    "class_names_file": "config/class_names.json",
    "metrics_csv_file": "train/metrics_history.csv",
    "best_ckpt_file": "checkpoints/best_adapter.pt",
    "last_ckpt_file": "checkpoints/last_adapter.pt"
  }
}