{
  "loss": 0.021456364210289302,
  "acc": 1.0,
  "nlpd": 0.02121097221970558,
  "ece": 0.020650599151849747,
  "aece": 0.020650594947066638,
  "raw_cov_99": 0.49443069100379944,
  "sel_acc_99": 1.0,
  "reliable_99": 1.0,
  "cov_99": 0.49443069100379944,
  "class_cov_99": 0.9603960396039604,
  "raw_cov_95": 0.8719059228897095,
  "sel_acc_95": 1.0,
  "reliable_95": 1.0,
  "cov_95": 0.8719059228897095,
  "class_cov_95": 1.0,
  "raw_cov_90": 0.9870049357414246,
  "sel_acc_90": 1.0,
  "reliable_90": 1.0,
  "cov_90": 0.9870049357414246,
  "class_cov_90": 1.0,
  "raw_cov_85": 0.9993811845779419,
  "sel_acc_85": 1.0,
  "reliable_85": 1.0,
  "cov_85": 0.9993811845779419,
  "class_cov_85": 1.0,
  "raw_cov_80": 1.0,
  "sel_acc_80": 1.0,
  "reliable_80": 1.0,
  "cov_80": 1.0,
  "class_cov_80": 1.0
}