threshold,selected_count,raw_coverage,selected_accuracy,reliable,coverage,covered_classes,classwise_coverage
0.99,807,0.4993811845779419,1.0,True,0.4993811845779419,97,0.9603960396039604
0.95,1415,0.8756188154220581,1.0,True,0.8756188154220581,101,1.0
0.9,1592,0.9851484894752502,1.0,True,0.9851484894752502,101,1.0
0.85,1614,0.9987623691558838,1.0,True,0.9987623691558838,101,1.0
0.8,1616,1.0,1.0,True,1.0,101,1.0
