{
  "family": "vlm_adapter",
  "variant": "BAYESADAPTER",
  "protocol": "id",
  "dataset": "ucf101",
  "seed": 1,
  "evaluation_tasks": [
    "classification"
  ],
  "model_selection": "last",
  "selected_checkpoint": "last",
  "selected_epoch": 300,
  "selected_val_metrics": {
    "loss": 0.39351766868185317,
    "acc": 0.8883034586906433,
    "nlpd": 0.39251309633255005,
    "ece": 0.017717525362968445,
    "aece": 0.02377947612230845,
    "raw_cov_99": 0.4404636323451996,
    "sel_acc_99": 0.9976076483726501,
    "reliable_99": 1.0,
    "cov_99": 0.4404636323451996,
    "class_cov_99": 0.9207920792079208,
    "raw_cov_95": 0.6180189847946167,
    "sel_acc_95": 0.9880647659301758,
    "reliable_95": 1.0,
    "cov_95": 0.6180189847946167,
    "class_cov_95": 0.9801980198019802,
    "raw_cov_90": 0.7028450965881348,
    "sel_acc_90": 0.9850075244903564,
    "reliable_90": 1.0,
    "cov_90": 0.7028450965881348,
    "class_cov_90": 1.0,
    "raw_cov_85": 0.7539515495300293,
    "sel_acc_85": 0.979734480381012,
    "reliable_85": 1.0,
    "cov_85": 0.7539515495300293,
    "class_cov_85": 1.0,
    "raw_cov_80": 0.7903056144714355,
    "sel_acc_80": 0.9766666889190674,
    "reliable_80": 1.0,
    "cov_80": 0.7903056144714355,
    "class_cov_80": 1.0
  },
  "classification": {
    "train": {
      "split_name": "train",
      "metrics": {
        "loss": 0.021323753004469495,
        "acc": 1.0,
        "nlpd": 0.02107691951096058,
        "ece": 0.020529242232441902,
        "aece": 0.020529343645171363,
        "raw_cov_99": 0.4919554591178894,
        "sel_acc_99": 1.0,
        "reliable_99": 1.0,
        "cov_99": 0.4919554591178894,
        "class_cov_99": 0.9603960396039604,
        "raw_cov_95": 0.8743811845779419,
        "sel_acc_95": 1.0,
        "reliable_95": 1.0,
        "cov_95": 0.8743811845779419,
        "class_cov_95": 1.0,
        "raw_cov_90": 0.9882425665855408,
        "sel_acc_90": 1.0,
        "reliable_90": 1.0,
        "cov_90": 0.9882425665855408,
        "class_cov_90": 1.0,
        "raw_cov_85": 0.9993811845779419,
        "sel_acc_85": 1.0,
        "reliable_85": 1.0,
        "cov_85": 0.9993811845779419,
        "class_cov_85": 1.0,
        "raw_cov_80": 1.0,
        "sel_acc_80": 1.0,
        "reliable_80": 1.0,
        "cov_80": 1.0,
        "class_cov_80": 1.0
      },
      "output_dir": "/root/autodl-tmp/BayesVLM/output/vlm_adapter/id/ucf101/BAYESADAPTER/BAYESADAPTER/logit_scale_frozen/prior_text_only__seed_1__last/shot_16/seed_1/eval/id/train",
      "metrics_path": "/root/autodl-tmp/BayesVLM/output/vlm_adapter/id/ucf101/BAYESADAPTER/BAYESADAPTER/logit_scale_frozen/prior_text_only__seed_1__last/shot_16/seed_1/eval/id/train/metrics.json",
      "predictions_pt": "/root/autodl-tmp/BayesVLM/output/vlm_adapter/id/ucf101/BAYESADAPTER/BAYESADAPTER/logit_scale_frozen/prior_text_only__seed_1__last/shot_16/seed_1/eval/id/train/predictions.pt",
      "predictions_jsonl": "/root/autodl-tmp/BayesVLM/output/vlm_adapter/id/ucf101/BAYESADAPTER/BAYESADAPTER/logit_scale_frozen/prior_text_only__seed_1__last/shot_16/seed_1/eval/id/train/predictions.jsonl",
      "bins_path": "/root/autodl-tmp/BayesVLM/output/vlm_adapter/id/ucf101/BAYESADAPTER/BAYESADAPTER/logit_scale_frozen/prior_text_only__seed_1__last/shot_16/seed_1/eval/id/train/calibration_bins.csv",
      "adaptive_bins_path": "/root/autodl-tmp/BayesVLM/output/vlm_adapter/id/ucf101/BAYESADAPTER/BAYESADAPTER/logit_scale_frozen/prior_text_only__seed_1__last/shot_16/seed_1/eval/id/train/adaptive_calibration_bins.csv",
      "selective_metrics_path": "/root/autodl-tmp/BayesVLM/output/vlm_adapter/id/ucf101/BAYESADAPTER/BAYESADAPTER/logit_scale_frozen/prior_text_only__seed_1__last/shot_16/seed_1/eval/id/train/selective_metrics.csv"
    },
    "val": {
      "split_name": "val",
      "metrics": {
        "loss": 0.39314525107312376,
        "acc": 0.8888303637504578,
        "nlpd": 0.3921426832675934,
        "ece": 0.01707187481224537,
        "aece": 0.022279524702669067,
        "raw_cov_99": 0.4399367868900299,
        "sel_acc_99": 0.9988024234771729,
        "reliable_99": 1.0,
        "cov_99": 0.4399367868900299,
        "class_cov_99": 0.9207920792079208,
        "raw_cov_95": 0.6185458302497864,
        "sel_acc_95": 0.9880749583244324,
        "reliable_95": 1.0,
        "cov_95": 0.6185458302497864,
        "class_cov_95": 0.9801980198019802,
        "raw_cov_90": 0.7007375955581665,
        "sel_acc_90": 0.9857142567634583,
        "reliable_90": 1.0,
        "cov_90": 0.7007375955581665,
        "class_cov_90": 1.0,
        "raw_cov_85": 0.7534246444702148,
        "sel_acc_85": 0.9797202944755554,
        "reliable_85": 1.0,
        "cov_85": 0.7534246444702148,
        "class_cov_85": 1.0,
        "raw_cov_80": 0.788724958896637,
        "sel_acc_80": 0.9766198992729187,
        "reliable_80": 1.0,
        "cov_80": 0.788724958896637,
        "class_cov_80": 1.0
      },
      "output_dir": "/root/autodl-tmp/BayesVLM/output/vlm_adapter/id/ucf101/BAYESADAPTER/BAYESADAPTER/logit_scale_frozen/prior_text_only__seed_1__last/shot_16/seed_1/eval/id/val",
      "metrics_path": "/root/autodl-tmp/BayesVLM/output/vlm_adapter/id/ucf101/BAYESADAPTER/BAYESADAPTER/logit_scale_frozen/prior_text_only__seed_1__last/shot_16/seed_1/eval/id/val/metrics.json",
      "predictions_pt": "/root/autodl-tmp/BayesVLM/output/vlm_adapter/id/ucf101/BAYESADAPTER/BAYESADAPTER/logit_scale_frozen/prior_text_only__seed_1__last/shot_16/seed_1/eval/id/val/predictions.pt",
      "predictions_jsonl": "/root/autodl-tmp/BayesVLM/output/vlm_adapter/id/ucf101/BAYESADAPTER/BAYESADAPTER/logit_scale_frozen/prior_text_only__seed_1__last/shot_16/seed_1/eval/id/val/predictions.jsonl",
      "bins_path": "/root/autodl-tmp/BayesVLM/output/vlm_adapter/id/ucf101/BAYESADAPTER/BAYESADAPTER/logit_scale_frozen/prior_text_only__seed_1__last/shot_16/seed_1/eval/id/val/calibration_bins.csv",
      "adaptive_bins_path": "/root/autodl-tmp/BayesVLM/output/vlm_adapter/id/ucf101/BAYESADAPTER/BAYESADAPTER/logit_scale_frozen/prior_text_only__seed_1__last/shot_16/seed_1/eval/id/val/adaptive_calibration_bins.csv",
      "selective_metrics_path": "/root/autodl-tmp/BayesVLM/output/vlm_adapter/id/ucf101/BAYESADAPTER/BAYESADAPTER/logit_scale_frozen/prior_text_only__seed_1__last/shot_16/seed_1/eval/id/val/selective_metrics.csv"
    },
    "test": {
      "split_name": "test",
      "metrics": {
        "loss": 0.6735536126021573,
        "acc": 0.8054454326629639,
        "nlpd": 0.6722647547721863,
        "ece": 0.04438014328479767,
        "aece": 0.04440539285930539,
        "raw_cov_99": 0.4007401466369629,
        "sel_acc_99": 0.9940633177757263,
        "reliable_99": 1.0,
        "cov_99": 0.4007401466369629,
        "class_cov_99": 0.9207920792079208,
        "raw_cov_95": 0.548506498336792,
        "sel_acc_95": 0.9812048077583313,
        "reliable_95": 1.0,
        "cov_95": 0.548506498336792,
        "class_cov_95": 1.0,
        "raw_cov_90": 0.6275442838668823,
        "sel_acc_90": 0.9633529782295227,
        "reliable_90": 1.0,
        "cov_90": 0.6275442838668823,
        "class_cov_90": 1.0,
        "raw_cov_85": 0.6738038659095764,
        "sel_acc_85": 0.950961172580719,
        "reliable_85": 1.0,
        "cov_85": 0.6738038659095764,
        "class_cov_85": 1.0,
        "raw_cov_80": 0.7086967825889587,
        "sel_acc_80": 0.9410667419433594,
        "reliable_80": 1.0,
        "cov_80": 0.7086967825889587,
        "class_cov_80": 1.0
      },
      "output_dir": "/root/autodl-tmp/BayesVLM/output/vlm_adapter/id/ucf101/BAYESADAPTER/BAYESADAPTER/logit_scale_frozen/prior_text_only__seed_1__last/shot_16/seed_1/eval/id/test",
      "metrics_path": "/root/autodl-tmp/BayesVLM/output/vlm_adapter/id/ucf101/BAYESADAPTER/BAYESADAPTER/logit_scale_frozen/prior_text_only__seed_1__last/shot_16/seed_1/eval/id/test/metrics.json",