{
  "family": "vlm_adapter",
  "variant": "UATB_MIN",
  "protocol": "id",
  "dataset": "ucf101",
  "seed": 2,
  "model_selection": "last",
  "selection_metric": "acc",
  "selection_mode": "max",
  "best_epoch": 243,
  "best_val_metrics_saved": {
    "loss": 0.4356163342584423,
    "acc": 0.8825079202651978,
    "nlpd": 0.43467989563941956,
    "ece": 0.016642676666378975,
    "aece": 0.0130024171729736,
    "raw_cov_99": 0.4631190598011017,
    "sel_acc_99": 0.9943116903305054,
    "reliable_99": 1.0,
    "cov_99": 0.4631190598011017,
    "class_cov_99": 0.9405940594059405,
    "raw_cov_95": 0.6459431052207947,
    "sel_acc_95": 0.9869494438171387,
    "reliable_95": 1.0,
    "cov_95": 0.6459431052207947,
    "class_cov_95": 0.9900990099009901,
    "raw_cov_90": 0.7102212905883789,
    "sel_acc_90": 0.9784866571426392,
    "reliable_90": 1.0,
    "cov_90": 0.7102212905883789,
    "class_cov_90": 1.0,
    "raw_cov_85": 0.7623814344406128,
    "sel_acc_85": 0.97304767370224,
    "reliable_85": 1.0,
    "cov_85": 0.7623814344406128,
    "class_cov_85": 1.0,
    "raw_cov_80": 0.7934668064117432,
    "sel_acc_80": 0.9648074507713318,
    "reliable_80": 1.0,
    "cov_80": 0.7934668064117432,
    "class_cov_80": 1.0
  },
  "last_epoch": 300,
  "last_val_metrics_saved": {
    "loss": 0.4355271460510029,
    "acc": 0.8798735737800598,
    "nlpd": 0.43458452820777893,
    "ece": 0.01583900861442089,
    "aece": 0.011926191278956083,
    "raw_cov_99": 0.46364593505859375,
    "sel_acc_99": 0.9931818246841431,
    "reliable_99": 1.0,
    "cov_99": 0.46364593505859375,
    "class_cov_99": 0.9405940594059405,
    "raw_cov_95": 0.6427818536758423,
    "sel_acc_95": 0.9868852496147156,
    "reliable_95": 1.0,
    "cov_95": 0.6427818536758423,
    "class_cov_95": 0.9900990099009901,
    "raw_cov_90": 0.711275041103363,
    "sel_acc_90": 0.9777777791023254,
    "reliable_90": 1.0,
    "cov_90": 0.711275041103363,
    "class_cov_90": 1.0,
    "raw_cov_85": 0.7586933374404907,
    "sel_acc_85": 0.9736111164093018,
    "reliable_85": 1.0,
    "cov_85": 0.7586933374404907,
    "class_cov_85": 1.0,
    "raw_cov_80": 0.7913593053817749,
    "sel_acc_80": 0.9647136926651001,
    "reliable_80": 1.0,
    "cov_80": 0.7913593053817749,
    "class_cov_80": 1.0
  },
  "run_dir": "/root/autodl-tmp/BayesVLM/output/ablate_uatb_full/id/ucf101/UATB_MIN/BAYESADAPTER/logit_scale_frozen/sigpar_0.005/sigperp_0.02/lu0_0.01/shot_16/seed_2",
  "elapsed_seconds": 52.75,
  "artifacts": {
    "log_file": "train/train.log",
    "config_file": "config/config.json",
    "class_names_file": "config/class_names.json",
    "metrics_csv_file": "train/metrics_history.csv",
    "best_ckpt_file": "checkpoints/best_adapter.pt",
    "last_ckpt_file": "checkpoints/last_adapter.pt"
  }
}