threshold,selected_count,raw_coverage,selected_accuracy,reliable,coverage,covered_classes,classwise_coverage
0.99,167,0.4133663475513458,1.0,True,0.4133663475513458,75,0.7425742574257426
0.95,390,0.9653465151786804,1.0,True,0.9653465151786804,101,1.0
0.9,402,0.9950494766235352,1.0,True,0.9950494766235352,101,1.0
0.85,403,0.9975247383117676,1.0,True,0.9975247383117676,101,1.0
0.8,404,1.0,1.0,True,1.0,101,1.0
