{
  "loss": 0.4490922229124768,
  "acc": 0.8811880946159363,
  "nlpd": 0.44909220933914185,
  "ece": 0.15223395824432373
}