{
  "family": "vlm_adapter",
  "variant": "UATB_MIN",
  "protocol": "id",
  "dataset": "ucf101",
  "seed": 2,
  "model_selection": "last",
  "selection_metric": "acc",
  "selection_mode": "max",
  "best_epoch": 205,
  "best_val_metrics_saved": {
    "loss": 0.7338440164499715,
    "acc": 0.807692289352417,
    "nlpd": 0.7324036359786987,
    "ece": 0.030707858502864838,
    "aece": 0.027872529528540482,
    "raw_cov_99": 0.3250790238380432,
    "sel_acc_99": 0.9935170412063599,
    "reliable_99": 1.0,
    "cov_99": 0.3250790238380432,
    "class_cov_99": 0.7920792079207921,
    "raw_cov_95": 0.521601676940918,
    "sel_acc_95": 0.978787899017334,
    "reliable_95": 1.0,
    "cov_95": 0.521601676940918,
    "class_cov_95": 0.9603960396039604,
    "raw_cov_90": 0.5958904027938843,
    "sel_acc_90": 0.9628646969795227,
    "reliable_90": 1.0,
    "cov_90": 0.5958904027938843,
    "class_cov_90": 0.9702970297029703,
    "raw_cov_85": 0.6459431052207947,
    "sel_acc_85": 0.9461663961410522,
    "reliable_85": 1.0,
    "cov_85": 0.6459431052207947,
    "class_cov_85": 0.9900990099009901,
    "raw_cov_80": 0.6775553226470947,
    "sel_acc_80": 0.9370139837265015,
    "reliable_80": 1.0,
    "cov_80": 0.6775553226470947,
    "class_cov_80": 0.9900990099009901
  },
  "last_epoch": 300,
  "last_val_metrics_saved": {
    "loss": 0.7339929459092489,
    "acc": 0.8061116933822632,
    "nlpd": 0.732523500919342,
    "ece": 0.03242604434490204,
    "aece": 0.030048735997196995,
    "raw_cov_99": 0.33087459206581116,
    "sel_acc_99": 0.9920381903648376,
    "reliable_99": 1.0,
    "cov_99": 0.33087459206581116,
    "class_cov_99": 0.801980198019802,
    "raw_cov_95": 0.5205479264259338,
    "sel_acc_95": 0.9797570705413818,
    "reliable_95": 1.0,
    "cov_95": 0.5205479264259338,
    "class_cov_95": 0.9603960396039604,
    "raw_cov_90": 0.5985247492790222,
    "sel_acc_90": 0.9630281925201416,
    "reliable_90": 1.0,
    "cov_90": 0.5985247492790222,
    "class_cov_90": 0.9702970297029703,
    "raw_cov_85": 0.6464699506759644,
    "sel_acc_85": 0.9470252394676208,
    "reliable_85": 1.0,
    "cov_85": 0.6464699506759644,
    "class_cov_85": 0.9900990099009901,
    "raw_cov_80": 0.6765015721321106,
    "sel_acc_80": 0.9384735226631165,
    "reliable_80": 1.0,
    "cov_80": 0.6765015721321106,
    "class_cov_80": 0.9900990099009901
  },
  "run_dir": "/root/autodl-tmp/BayesVLM/output/ablate_uatb_unc_only/id/ucf101/UATB_MIN/BAYESADAPTER/logit_scale_frozen/sigpar_0.01/sigperp_0.01/lu0_0/shot_4/seed_2",
  "elapsed_seconds": 34.61,
  "artifacts": {
    "log_file": "train/train.log",
    "config_file": "config/config.json",
    "class_names_file": "config/class_names.json",
    "metrics_csv_file": "train/metrics_history.csv",
    "best_ckpt_file": "checkpoints/best_adapter.pt",
    "last_ckpt_file": "checkpoints/last_adapter.pt"
  }
}