{
  "loss": 0.01812720200102223,
  "acc": 1.0,
  "nlpd": 0.017920665442943573,
  "ece": 0.017520291730761528,
  "aece": 0.017520369943415763,
  "raw_cov_99": 0.5253713130950928,
  "sel_acc_99": 1.0,
  "reliable_99": 1.0,
  "cov_99": 0.5253713130950928,
  "class_cov_99": 0.9801980198019802,
  "raw_cov_95": 0.906559407711029,
  "sel_acc_95": 1.0,
  "reliable_95": 1.0,
  "cov_95": 0.906559407711029,
  "class_cov_95": 1.0,
  "raw_cov_90": 0.9944307208061218,
  "sel_acc_90": 1.0,
  "reliable_90": 1.0,
  "cov_90": 0.9944307208061218,
  "class_cov_90": 1.0,
  "raw_cov_85": 0.9993811845779419,
  "sel_acc_85": 1.0,
  "reliable_85": 1.0,
  "cov_85": 0.9993811845779419,
  "class_cov_85": 1.0,
  "raw_cov_80": 1.0,
  "sel_acc_80": 1.0,
  "reliable_80": 1.0,
  "cov_80": 1.0,
  "class_cov_80": 1.0
}