threshold,selected_count,raw_coverage,selected_accuracy,reliable,coverage,covered_classes,classwise_coverage
0.99,853,0.5278465151786804,1.0,True,0.5278465151786804,98,0.9702970297029703
0.95,1464,0.905940592288971,1.0,True,0.905940592288971,101,1.0
0.9,1607,0.9944307208061218,1.0,True,0.9944307208061218,101,1.0
0.85,1615,0.9993811845779419,1.0,True,0.9993811845779419,101,1.0
0.8,1616,1.0,1.0,True,1.0,101,1.0
