threshold,selected_count,raw_coverage,selected_accuracy,reliable,coverage,covered_classes,classwise_coverage
0.99,801,0.49566832184791565,1.0,True,0.49566832184791565,97,0.9603960396039604
0.95,1416,0.8762376308441162,1.0,True,0.8762376308441162,101,1.0
0.9,1597,0.9882425665855408,1.0,True,0.9882425665855408,101,1.0
0.85,1614,0.9987623691558838,1.0,True,0.9987623691558838,101,1.0
0.8,1616,1.0,1.0,True,1.0,101,1.0
