{
  "loss": 0.015891922342747746,
  "acc": 1.0,
  "nlpd": 0.015712106600403786,
  "ece": 0.015484273433685303,
  "aece": 0.01548419007570437,
  "raw_cov_99": 0.4529702961444855,
  "sel_acc_99": 1.0,
  "reliable_99": 1.0,
  "cov_99": 0.4529702961444855,
  "class_cov_99": 0.7920792079207921,
  "raw_cov_95": 0.9727723002433777,
  "sel_acc_95": 1.0,
  "reliable_95": 1.0,
  "cov_95": 0.9727723002433777,
  "class_cov_95": 1.0,
  "raw_cov_90": 1.0,
  "sel_acc_90": 1.0,
  "reliable_90": 1.0,
  "cov_90": 1.0,
  "class_cov_90": 1.0,
  "raw_cov_85": 1.0,
  "sel_acc_85": 1.0,
  "reliable_85": 1.0,
  "cov_85": 1.0,
  "class_cov_85": 1.0,
  "raw_cov_80": 1.0,
  "sel_acc_80": 1.0,
  "reliable_80": 1.0,
  "cov_80": 1.0,
  "class_cov_80": 1.0
}