threshold,selected_count,raw_coverage,selected_accuracy,reliable,coverage,covered_classes,classwise_coverage
0.99,181,0.448019802570343,1.0,True,0.448019802570343,78,0.7722772277227723
0.95,392,0.9702970385551453,1.0,True,0.9702970385551453,101,1.0
0.9,404,1.0,1.0,True,1.0,101,1.0
0.85,404,1.0,1.0,True,1.0,101,1.0
0.8,404,1.0,1.0,True,1.0,101,1.0
