{
  "family": "vlm_adapter",
  "variant": "UATB_MIN",
  "protocol": "id",
  "dataset": "ucf101",
  "seed": 1,
  "evaluation_tasks": [
    "classification"
  ],
  "model_selection": "last",
  "selected_checkpoint": "last",
  "selected_epoch": 300,
  "selected_val_metrics": {
    "loss": 0.721215170854261,
    "acc": 0.7997892498970032,
    "nlpd": 0.7197691202163696,
    "ece": 0.0384879931807518,
    "aece": 0.03880663556846603,
    "raw_cov_99": 0.3314014673233032,
    "sel_acc_99": 0.996820330619812,
    "reliable_99": 1.0,
    "cov_99": 0.3314014673233032,
    "class_cov_99": 0.8217821782178217,
    "raw_cov_95": 0.5010537505149841,
    "sel_acc_95": 0.9789695143699646,
    "reliable_95": 1.0,
    "cov_95": 0.5010537505149841,
    "class_cov_95": 0.9306930693069307,
    "raw_cov_90": 0.5958904027938843,
    "sel_acc_90": 0.960212230682373,
    "reliable_90": 1.0,
    "cov_90": 0.5958904027938843,
    "class_cov_90": 0.9801980198019802,
    "raw_cov_85": 0.6517386436462402,
    "sel_acc_85": 0.9539207816123962,
    "reliable_85": 1.0,
    "cov_85": 0.6517386436462402,
    "class_cov_85": 1.0,
    "raw_cov_80": 0.692307710647583,
    "sel_acc_80": 0.9398782253265381,
    "reliable_80": 1.0,
    "cov_80": 0.692307710647583,
    "class_cov_80": 1.0
  },
  "classification": {
    "train": {
      "split_name": "train",
      "metrics": {
        "loss": 0.015506287843062736,
        "acc": 1.0,
        "nlpd": 0.01532321609556675,
        "ece": 0.015111327171325684,
        "aece": 0.015111307844077007,
        "raw_cov_99": 0.448019802570343,
        "sel_acc_99": 1.0,
        "reliable_99": 1.0,
        "cov_99": 0.448019802570343,
        "class_cov_99": 0.7722772277227723,
        "raw_cov_95": 0.9801980257034302,
        "sel_acc_95": 1.0,
        "reliable_95": 1.0,
        "cov_95": 0.9801980257034302,
        "class_cov_95": 1.0,
        "raw_cov_90": 1.0,
        "sel_acc_90": 1.0,
        "reliable_90": 1.0,
        "cov_90": 1.0,
        "class_cov_90": 1.0,
        "raw_cov_85": 1.0,
        "sel_acc_85": 1.0,
        "reliable_85": 1.0,
        "cov_85": 1.0,
        "class_cov_85": 1.0,
        "raw_cov_80": 1.0,
        "sel_acc_80": 1.0,
        "reliable_80": 1.0,
        "cov_80": 1.0,
        "class_cov_80": 1.0
      },
      "output_dir": "/root/autodl-tmp/BayesVLM/output/ablate_uatb_full/id/ucf101/UATB_MIN/BAYESADAPTER/logit_scale_frozen/sigpar_0.005/sigperp_0.02/lu0_0/shot_4/seed_1/eval/id/train",
      "metrics_path": "/root/autodl-tmp/BayesVLM/output/ablate_uatb_full/id/ucf101/UATB_MIN/BAYESADAPTER/logit_scale_frozen/sigpar_0.005/sigperp_0.02/lu0_0/shot_4/seed_1/eval/id/train/metrics.json",
      "predictions_pt": "/root/autodl-tmp/BayesVLM/output/ablate_uatb_full/id/ucf101/UATB_MIN/BAYESADAPTER/logit_scale_frozen/sigpar_0.005/sigperp_0.02/lu0_0/shot_4/seed_1/eval/id/train/predictions.pt",
      "predictions_jsonl": "/root/autodl-tmp/BayesVLM/output/ablate_uatb_full/id/ucf101/UATB_MIN/BAYESADAPTER/logit_scale_frozen/sigpar_0.005/sigperp_0.02/lu0_0/shot_4/seed_1/eval/id/train/predictions.jsonl",
      "bins_path": "/root/autodl-tmp/BayesVLM/output/ablate_uatb_full/id/ucf101/UATB_MIN/BAYESADAPTER/logit_scale_frozen/sigpar_0.005/sigperp_0.02/lu0_0/shot_4/seed_1/eval/id/train/calibration_bins.csv",
      "adaptive_bins_path": "/root/autodl-tmp/BayesVLM/output/ablate_uatb_full/id/ucf101/UATB_MIN/BAYESADAPTER/logit_scale_frozen/sigpar_0.005/sigperp_0.02/lu0_0/shot_4/seed_1/eval/id/train/adaptive_calibration_bins.csv",
      "selective_metrics_path": "/root/autodl-tmp/BayesVLM/output/ablate_uatb_full/id/ucf101/UATB_MIN/BAYESADAPTER/logit_scale_frozen/sigpar_0.005/sigperp_0.02/lu0_0/shot_4/seed_1/eval/id/train/selective_metrics.csv"
    },
    "val": {
      "split_name": "val",
      "metrics": {
        "loss": 0.7231764548445401,
        "acc": 0.8018967509269714,
        "nlpd": 0.7217406034469604,
        "ece": 0.03638174384832382,
        "aece": 0.036695872550266934,
        "raw_cov_99": 0.3329820930957794,
        "sel_acc_99": 0.996835470199585,
        "reliable_99": 1.0,
        "cov_99": 0.3329820930957794,
        "class_cov_99": 0.8217821782178217,
        "raw_cov_95": 0.5026343464851379,
        "sel_acc_95": 0.9800838828086853,
        "reliable_95": 1.0,
        "cov_95": 0.5026343464851379,
        "class_cov_95": 0.9306930693069307,
        "raw_cov_90": 0.5964173078536987,
        "sel_acc_90": 0.9602473378181458,
        "reliable_90": 1.0,
        "cov_90": 0.5964173078536987,
        "class_cov_90": 0.9801980198019802,
        "raw_cov_85": 0.6517386436462402,
        "sel_acc_85": 0.9547291994094849,
        "reliable_85": 1.0,
        "cov_85": 0.6517386436462402,
        "class_cov_85": 1.0,
        "raw_cov_80": 0.692307710647583,
        "sel_acc_80": 0.9421613216400146,
        "reliable_80": 1.0,
        "cov_80": 0.692307710647583,
        "class_cov_80": 1.0
      },
      "output_dir": "/root/autodl-tmp/BayesVLM/output/ablate_uatb_full/id/ucf101/UATB_MIN/BAYESADAPTER/logit_scale_frozen/sigpar_0.005/sigperp_0.02/lu0_0/shot_4/seed_1/eval/id/val",
      "metrics_path": "/root/autodl-tmp/BayesVLM/output/ablate_uatb_full/id/ucf101/UATB_MIN/BAYESADAPTER/logit_scale_frozen/sigpar_0.005/sigperp_0.02/lu0_0/shot_4/seed_1/eval/id/val/metrics.json",
      "predictions_pt": "/root/autodl-tmp/BayesVLM/output/ablate_uatb_full/id/ucf101/UATB_MIN/BAYESADAPTER/logit_scale_frozen/sigpar_0.005/sigperp_0.02/lu0_0/shot_4/seed_1/eval/id/val/predictions.pt",
      "predictions_jsonl": "/root/autodl-tmp/BayesVLM/output/ablate_uatb_full/id/ucf101/UATB_MIN/BAYESADAPTER/logit_scale_frozen/sigpar_0.005/sigperp_0.02/lu0_0/shot_4/seed_1/eval/id/val/predictions.jsonl",
      "bins_path": "/root/autodl-tmp/BayesVLM/output/ablate_uatb_full/id/ucf101/UATB_MIN/BAYESADAPTER/logit_scale_frozen/sigpar_0.005/sigperp_0.02/lu0_0/shot_4/seed_1/eval/id/val/calibration_bins.csv",
      "adaptive_bins_path": "/root/autodl-tmp/BayesVLM/output/ablate_uatb_full/id/ucf101/UATB_MIN/BAYESADAPTER/logit_scale_frozen/sigpar_0.005/sigperp_0.02/lu0_0/shot_4/seed_1/eval/id/val/adaptive_calibration_bins.csv",
      "selective_metrics_path": "/root/autodl-tmp/BayesVLM/output/ablate_uatb_full/id/ucf101/UATB_MIN/BAYESADAPTER/logit_scale_frozen/sigpar_0.005/sigperp_0.02/lu0_0/shot_4/seed_1/eval/id/val/selective_metrics.csv"
    },
    "test": {
      "split_name": "test",
      "metrics": {
        "loss": 0.896731974837202,
        "acc": 0.7483478784561157,
        "nlpd": 0.8951317667961121,
        "ece": 0.06429558992385864,
        "aece": 0.06464231358518557,
        "raw_cov_99": 0.32249537110328674,
        "sel_acc_99": 0.992622971534729,
        "reliable_99": 1.0,
        "cov_99": 0.32249537110328674,
        "class_cov_99": 0.801980198019802,
        "raw_cov_95": 0.47369810938835144,
        "sel_acc_95": 0.9737723469734192,
        "reliable_95": 1.0,
        "cov_95": 0.47369810938835144,
        "class_cov_95": 0.9405940594059405,
        "raw_cov_90": 0.5482421517372131,
        "sel_acc_90": 0.9546769261360168,
        "reliable_90": 1.0,
        "cov_90": 0.5482421517372131,
        "class_cov_90": 0.9900990099009901,
        "raw_cov_85": 0.5997885465621948,
        "sel_acc_85": 0.9378581047058105,
        "reliable_85": 1.0,
        "cov_85": 0.5997885465621948,
        "class_cov_85": 1.0,
        "raw_cov_80": 0.6455194354057312,
        "sel_acc_80": 0.9213759303092957,
        "reliable_80": 1.0,
        "cov_80": 0.6455194354057312,
        "class_cov_80": 1.0
      },
      "output_dir": "/root/autodl-tmp/BayesVLM/output/ablate_uatb_full/id/ucf101/UATB_MIN/BAYESADAPTER/logit_scale_frozen/sigpar_0.005/sigperp_0.02/lu0_0/shot_4/seed_1/eval/id/test",
      "metrics_path": "/root/autodl-tmp/BayesVLM/output/ablate_uatb_full/id/ucf101/UATB_MIN/BAYESADAPTER/logit_scale_frozen/sigpar_0.005/sigperp_0.02/lu0_0/shot_4/seed_1/eval/id/test/metrics.json",